ds,demand_mw,temperature,is_weekend,month,dayofweek
2018-01-01,23538.35718350316,1.9493992630174775,0,1,0
2018-01-02,23583.84464628629,1.718977300908931,0,1,1
2018-01-03,22873.02746503554,2.6810812930966335,0,1,2
2018-01-04,23172.04380390591,2.1749589397427402,0,1,3
2018-01-05,22857.456916466163,2.7047976223226198,0,1,4
2018-01-06,22779.615662548455,2.431218872724831,1,1,5
2018-01-07,22203.06529628544,3.266214499139186,1,1,6
2018-01-08,23232.282613987252,2.8965241962036785,0,1,0
2018-01-09,22486.212461777457,3.706028560994509,0,1,1
2018-01-10,23238.62486104686,2.7682972727657806,0,1,2
2018-01-11,23090.15844430871,2.8286283671991854,0,1,3
2018-01-12,22933.17097269626,3.221988342364135,0,1,4
2018-01-13,22121.080271528113,3.6885162211049174,1,1,5
2018-01-14,21876.190495926377,4.040527892652576,1,1,6
2018-01-15,23201.136897682794,2.980403518118829,0,1,0
2018-01-16,22360.036601885833,4.183749963437911,0,1,1
2018-01-17,22459.252022020304,3.843995341312475,0,1,2
2018-01-18,22225.47407464398,4.436755133630115,0,1,3
2018-01-19,22683.01427815382,3.551623506464249,0,1,4
2018-01-20,21870.97843357282,4.45120152395379,1,1,5
2018-01-21,21945.27132966006,4.087962295212545,1,1,6
2018-01-22,23199.303363273928,3.5533013440627657,0,1,0
2018-01-23,22648.314363740476,4.04233203788607,0,1,1
2018-01-24,22479.269531986978,4.734277510679611,0,1,2
2018-01-25,21983.814838454055,5.202568869579151,0,1,3
2018-01-26,21163.820711449316,6.0560273145466015,0,1,4
2018-01-27,21964.26167000356,4.504495620167407,1,1,5
2018-01-28,21168.983173828205,5.612957465272401,1,1,6
2018-01-29,21734.223428919973,5.669802267178983,0,1,0
2018-01-30,21516.39149738696,5.650793093660055,0,1,1
2018-01-31,21769.834440249782,5.668698163605367,0,1,2
2018-02-01,21272.208969910604,6.351106473297982,0,2,3
2018-02-02,20860.054897533224,6.732672352487479,0,2,4
2018-02-03,20518.292966952176,6.5539342700778,1,2,5
2018-02-04,19942.052313054442,7.203701973367344,1,2,6
2018-02-05,20531.423026771892,7.4168912897533845,0,2,0
2018-02-06,20237.45345396856,7.940078357738767,0,2,1
2018-02-07,19658.957391174587,8.580059230313383,0,2,2
2018-02-08,20220.339785565415,7.682386158745629,0,2,3
2018-02-09,20241.970090652365,7.978799999739956,0,2,4
2018-02-10,19651.748097654377,7.806837023543394,1,2,5
2018-02-11,19175.12017041476,8.663480056080429,1,2,6
2018-02-12,19409.573364867083,9.157816104463063,0,2,0
2018-02-13,19331.124136343118,9.234867646924565,0,2,1
2018-02-14,19727.83540758223,8.639659719621752,0,2,2
2018-02-15,19186.727689982403,9.538306734363115,0,2,3
2018-02-16,18760.19641158512,10.278913806460727,0,2,4
2018-02-17,18372.099785878167,9.76422208174293,1,2,5
2018-02-18,18197.92762465974,10.583828408248406,1,2,6
2018-02-19,19070.294837798767,9.6030194839286,0,2,0
2018-02-20,18823.0717349647,10.358400681665575,0,2,1
2018-02-21,18370.139658550474,10.91700037066173,0,2,2
2018-02-22,18516.796368502164,10.863151230965522,0,2,3
2018-02-23,18410.44754962972,11.263734019943184,0,2,4
2018-02-24,17513.10564301374,11.510357840386114,1,2,5
2018-02-25,17415.95744219186,11.850160595674913,1,2,6
2018-02-26,18586.46637563745,10.844636908677074,0,2,0
2018-02-27,17912.01692027327,12.671769595079738,0,2,1
2018-02-28,17572.69252784171,13.074207153021085,0,2,2
2018-03-01,17507.6102745798,13.15046856684811,0,3,3
2018-03-02,17191.72224351721,13.605243826161356,0,3,4
2018-03-03,16647.051107489246,13.265259788501139,1,3,5
2018-03-04,16158.041834982801,14.595638055877197,1,3,6
2018-03-05,17123.252249421377,13.758975245915195,0,3,0
2018-03-06,17303.653487774314,13.999120764684037,0,3,1
2018-03-07,17212.474273683496,13.69296552352688,0,3,2
2018-03-08,17103.11879432045,14.20213542630267,0,3,3
2018-03-09,16718.609047534683,15.455886193830663,0,3,4
2018-03-10,16179.512192043645,15.845499581544244,1,3,5
2018-03-11,15993.524982117337,15.839816998097554,1,3,6
2018-03-12,16469.973548818085,16.009490987698268,0,3,0
2018-03-13,16296.951473505324,16.354685975062598,0,3,1
2018-03-14,16475.607141306937,16.47392465934578,0,3,2
2018-03-15,16214.237561349495,17.05573578673246,0,3,3
2018-03-16,16294.280591094886,16.14892274135414,0,3,4
2018-03-17,15759.973400038938,16.319282605000975,1,3,5
2018-03-18,15477.145413179109,17.251866285763708,1,3,6
2018-03-19,16113.383593469885,17.993732939175732,0,3,0
2018-03-20,16154.066137236608,17.92587077467951,0,3,1
2018-03-21,16081.312077070916,18.336113299122214,0,3,2
2018-03-22,16265.766566334603,18.63082951489601,0,3,3
2018-03-23,16177.492175927533,19.272972605438692,0,3,4
2018-03-24,15579.216073564021,19.381769489034326,1,3,5
2018-03-25,15379.919160666419,18.890419682888517,1,3,6
2018-03-26,16315.907658204063,19.686568203427154,0,3,0
2018-03-27,16017.827344019286,19.674122959863944,0,3,1
2018-03-28,15807.226858422344,19.88888140277167,0,3,2
2018-03-29,15993.626581317321,20.561284149395362,0,3,3
2018-03-30,16113.407528729333,20.89602828186653,0,3,4
2018-03-31,15481.600439157753,20.836974510785762,1,3,5
2018-04-01,15725.564886424492,21.645865081355026,1,4,6
2018-04-02,16052.14793139023,21.589274445151375,0,4,0
2018-04-03,16110.05972625478,22.01132685423747,0,4,1
2018-04-04,16217.789886463574,21.999884705517548,0,4,2
2018-04-05,15998.539968927013,22.115460453948398,0,4,3
2018-04-06,16298.420496122048,22.925597804217805,0,4,4
2018-04-07,16163.692478173689,24.199356960787426,1,4,5
2018-04-08,15857.321888105742,23.42936149504649,1,4,6
2018-04-09,16440.632592351187,23.322791129200283,0,4,0
2018-04-10,15860.411999480106,22.63031369483652,0,4,1
2018-04-11,16855.318377693508,24.55169885677553,0,4,2
2018-04-12,16676.59435677448,24.415360988945807,0,4,3
2018-04-13,16941.174266146325,25.02500201588261,0,4,4
2018-04-14,16205.269168148292,24.846047873174157,1,4,5
2018-04-15,16310.695434412584,25.057411813453854,1,4,6
2018-04-16,16958.521483571043,25.75006834900205,0,4,0
2018-04-17,17117.65842026129,25.445147942007562,0,4,1
2018-04-18,17563.777157165652,26.51307277334261,0,4,2
2018-04-19,17155.82258362818,25.65126786193699,0,4,3
2018-04-20,18054.435381026575,27.41596929869573,0,4,4
2018-04-21,16827.915656261022,26.44465177192762,1,4,5
2018-04-22,16677.832939936456,26.450035116547422,1,4,6
2018-04-23,18734.381347814335,28.34048372778935,0,4,0
2018-04-24,18658.55111263274,28.174987003195145,0,4,1
2018-04-25,18219.666589568955,27.79061373979003,0,4,2
2018-04-26,17661.78342208808,27.386004239656188,0,4,3
2018-04-27,17797.048477568755,27.35649150903104,0,4,4
2018-04-28,18041.544419286536,28.637504348312632,1,4,5
2018-04-29,18092.08799019591,28.778033009750274,1,4,6
2018-04-30,18104.817914452837,28.244217696226553,0,4,0
2018-05-01,18498.644173984256,28.5331880809496,0,5,1
2018-05-02,19160.048724884182,29.53292275930302,0,5,2
2018-05-03,19005.86259098759,29.43118820279554,0,5,3
2018-05-04,19221.585055527645,29.579628428118028,0,5,4
2018-05-05,19040.02351165318,30.1320966883207,1,5,5
2018-05-06,18364.803014822755,29.404483475616264,1,5,6
2018-05-07,19224.80192736945,29.56142675403323,0,5,0
2018-05-08,19781.692642530597,30.32173215284745,0,5,1
2018-05-09,19995.01514728912,30.823756732141167,0,5,2
2018-05-10,20157.16570148953,31.03733135506526,0,5,3
2018-05-11,19987.35825416645,30.71423854464254,0,5,4
2018-05-12,19017.332130048668,30.07258115530664,1,5,5
2018-05-13,19880.17901423832,31.36079232737309,1,5,6
2018-05-14,21287.98283912955,32.0603204679143,0,5,0
2018-05-15,20566.033641598882,31.549394161663113,0,5,1
2018-05-16,21302.698264300117,32.443008153595194,0,5,2
2018-05-17,21259.04630520283,32.319321729746214,0,5,3
2018-05-18,21209.804221945913,32.30447121026972,0,5,4
2018-05-19,21162.024564056268,32.78429302210002,1,5,5
2018-05-20,20788.1384958534,32.563209735938706,1,5,6
2018-05-21,21241.58136502872,32.457002418858515,0,5,0
2018-05-22,21768.048874857883,33.09460110461766,0,5,1
2018-05-23,22146.195294208228,33.47105060492025,0,5,2
2018-05-24,21605.502009347107,32.85680751830096,0,5,3
2018-05-25,21919.600038923683,33.274494007661126,0,5,4
2018-05-26,21219.05651828654,33.099493125865415,1,5,5
2018-05-27,21034.09123541316,33.167866786106735,1,5,6
2018-05-28,22640.18729803071,34.07707718939946,0,5,0
2018-05-29,22550.81110029781,33.996688766740064,0,5,1
2018-05-30,22458.575540440146,34.21383193667219,0,5,2
2018-05-31,22219.02239718562,33.779644088820525,0,5,3
2018-06-01,22451.276306414456,33.70950041042982,0,6,4
2018-06-02,22613.9148997703,34.59754097686478,1,6,5
2018-06-03,22630.50185587442,35.07819046000407,1,6,6
2018-06-04,22758.34369860019,34.72216616963548,0,6,0
2018-06-05,22602.770740533102,33.74683294232991,0,6,1
2018-06-06,22738.577318414522,34.22725760929723,0,6,2
2018-06-07,22112.098776965246,33.559180392518506,0,6,3
2018-06-08,21895.1919255837,33.37421679785089,0,6,4
2018-06-09,22313.964618824608,34.35180506822042,1,6,5
2018-06-10,22363.763906341712,34.30119838206316,1,6,6
2018-06-11,22615.6547761993,34.11950046959688,0,6,0
2018-06-12,23338.864752259295,35.105136579012076,0,6,1
2018-06-13,23284.68421273401,35.269651082928554,0,6,2
2018-06-14,22954.773749244818,34.82581341500563,0,6,3
2018-06-15,23610.98741046619,35.8902473033825,0,6,4
2018-06-16,21591.238673873257,33.78687280493633,1,6,5
2018-06-17,22319.425862511493,34.583446795103534,1,6,6
2018-06-18,22987.504922774224,34.87106534929148,0,6,0
2018-06-19,23153.627822390667,34.62839677057879,0,6,1
2018-06-20,23668.711990744032,35.31068215207812,0,6,2
2018-06-21,23051.11910609351,34.98424395313098,0,6,3
2018-06-22,23646.824830624275,35.3722770760987,0,6,4
2018-06-23,22216.53148140648,34.49567029090331,1,6,5
2018-06-24,22031.9101560719,34.44607731650496,1,6,6
2018-06-25,22138.468231634557,33.986018155137245,0,6,0
2018-06-26,23154.031744990585,35.06001429616784,0,6,1
2018-06-27,23247.485409391917,34.99841145892285,0,6,2
2018-06-28,22604.979170000337,34.49241999265221,0,6,3
2018-06-29,22303.77547923899,33.95115342592313,0,6,4
2018-06-30,22981.446033418877,35.09915576868794,1,6,5
2018-07-01,22122.272089674985,34.41008886690971,1,7,6
2018-07-02,22747.577854432388,34.291800507912434,0,7,0
2018-07-03,22944.237829175207,34.51685673071413,0,7,1
2018-07-04,22124.034734302277,33.78583045250717,0,7,2
2018-07-05,22886.582183504885,34.77310133430915,0,7,3
2018-07-06,22778.12197779215,34.65465899483676,0,7,4
2018-07-07,21836.325321463362,34.06119940077621,1,7,5
2018-07-08,22230.267128521435,34.50798497411304,1,7,6
2018-07-09,22524.337129715965,34.35159750299535,0,7,0
2018-07-10,22361.774168887943,34.2009091782341,0,7,1
2018-07-11,22508.459872454652,34.54298042854486,0,7,2
2018-07-12,21857.98203640732,33.70041530015545,0,7,3
2018-07-13,22107.88916286142,33.54725478851784,0,7,4
2018-07-14,21509.16958019304,33.78005939965365,1,7,5
2018-07-15,21207.48650602674,33.36554613318142,1,7,6
2018-07-16,22174.511094043573,34.06204695812066,0,7,0
2018-07-17,21810.23816281323,33.55699803923715,0,7,1
2018-07-18,21370.19917429568,32.98669922156067,0,7,2
2018-07-19,20628.28280050608,32.144353549153784,0,7,3
2018-07-20,20852.05198514556,32.57253394309577,0,7,4
2018-07-21,20391.719151289148,32.697908679291515,1,7,5
2018-07-22,20936.373861970136,33.25375381694023,1,7,6
2018-07-23,20341.903752745264,32.2554266901283,0,7,0
2018-07-24,20739.710161779945,32.34520850348982,0,7,1
2018-07-25,21130.319676482217,32.75229303210791,0,7,2
2018-07-26,20574.210631927996,32.37804979607215,0,7,3
2018-07-27,20164.869010967162,31.90156325605379,0,7,4
2018-07-28,19518.75542071061,32.04166163200594,1,7,5
2018-07-29,20059.909568542324,32.327438242984094,1,7,6
2018-07-30,19360.99206400982,31.103319903947476,0,7,0
2018-07-31,19945.576845925367,31.823107865645316,0,7,1
2018-08-01,19222.23406369153,30.921274393346625,0,8,2
2018-08-02,18808.733614546993,30.670415719602104,0,8,3
2018-08-03,19058.169092514854,31.191267727730132,0,8,4
2018-08-04,17665.12381089441,29.905909486892863,1,8,5
2018-08-05,18169.95940095759,30.488529599427867,1,8,6
2018-08-06,18677.207430788374,30.50991938811914,0,8,0
2018-08-07,17740.123190098748,29.618795109881535,0,8,1
2018-08-08,18027.858534627852,29.83431097335394,0,8,2
2018-08-09,18304.73602533495,30.30904126033352,0,8,3
2018-08-10,17234.192179000005,28.924732174742903,0,8,4
2018-08-11,16091.510775436813,28.27841089376726,1,8,5
2018-08-12,16259.52050458193,28.283235052509834,1,8,6
2018-08-13,16704.23466654069,28.191880736871127,0,8,0
2018-08-14,16084.849705626199,27.722570901650524,0,8,1
2018-08-15,16317.438372049508,27.89535422430977,0,8,2
2018-08-16,16250.139065223966,28.026553734340265,0,8,3
2018-08-17,16395.79100950384,28.022955641297894,0,8,4
2018-08-18,15167.520747744924,26.957409290733455,1,8,5
2018-08-19,15748.07434183359,27.7946322399409,1,8,6
2018-08-20,15730.125773277758,27.334033223460494,0,8,0
2018-08-21,15496.104580482766,26.475181129198244,0,8,1
2018-08-22,15279.163694197196,26.581117230124388,0,8,2
2018-08-23,15200.879395437392,26.384026782360618,0,8,3
2018-08-24,14821.50062631438,25.972472564263736,0,8,4
2018-08-25,14067.331282981904,25.80062311827247,1,8,5
2018-08-26,13675.982815494777,25.09140399524284,1,8,6
2018-08-27,14178.747318009811,24.816596497012924,0,8,0
2018-08-28,13918.425320516042,24.456490259275995,0,8,1
2018-08-29,14091.093437261072,24.637558792243933,0,8,2
2018-08-30,14147.34922781655,24.398330186898196,0,8,3
2018-08-31,13724.209687038814,24.167233532459804,0,8,4
2018-09-01,12739.326115044927,22.848015795311326,1,9,5
2018-09-02,12467.402114725248,22.69297341608126,1,9,6
2018-09-03,13104.269610986717,22.574676644573888,0,9,0
2018-09-04,13078.777672895661,22.725456717930502,0,9,1
2018-09-05,12947.120026912795,22.810977113796024,0,9,2
2018-09-06,13156.440656517618,23.214299098334777,0,9,3
2018-09-07,12817.48273404334,23.02165638045817,0,9,4
2018-09-08,12320.47272717717,22.34785154256643,1,9,5
2018-09-09,12215.22556951162,21.644999952693677,1,9,6
2018-09-10,12729.011419807743,22.42944367314355,0,9,0
2018-09-11,12100.091658455613,21.3073617281269,0,9,1
2018-09-12,12354.170518448533,20.60310282085823,0,9,2
2018-09-13,12298.365662141992,20.831054345143755,0,9,3
2018-09-14,12001.655955345768,20.030115792795804,0,9,4
2018-09-15,11581.313006180599,20.258663438941827,1,9,5
2018-09-16,11542.328287886356,19.108263430209014,1,9,6
2018-09-17,11705.303015724488,19.4167477628711,0,9,0
2018-09-18,11745.034554214764,19.413894800357678,0,9,1
2018-09-19,11726.46536830476,19.049896338737952,0,9,2
2018-09-20,11836.18669353606,18.671509126218762,0,9,3
2018-09-21,11567.050193217787,18.866193712357422,0,9,4
2018-09-22,11138.9113249337,17.44735800278502,1,9,5
2018-09-23,11195.955533413537,18.39793474826439,1,9,6
2018-09-24,11793.3027121469,17.255228180556283,0,9,0
2018-09-25,11646.010662860846,16.861514392062414,0,9,1
2018-09-26,11810.85216844811,15.597296249690139,0,9,2
2018-09-27,11621.16094477917,15.887427267856205,0,9,3
2018-09-28,11724.200425157096,16.56020704953372,0,9,4
2018-09-29,10958.413811471766,16.52188851438665,1,9,5
2018-09-30,11047.677083754692,15.450988997588846,1,9,6
2018-10-01,11448.086504339612,16.409852674136758,0,10,0
2018-10-02,12008.951051410788,14.741874456275214,0,10,1
2018-10-03,11876.760552786684,15.026234557566331,0,10,2
2018-10-04,12035.429604454011,14.056549572785018,0,10,3
2018-10-05,11845.43992405679,14.265171130042951,0,10,4
2018-10-06,11310.768186754596,13.784080769479266,1,10,5
2018-10-07,11612.290127493927,14.219506458553772,1,10,6
2018-10-08,12269.68408440479,13.52207394602577,0,10,0
2018-10-09,12421.310349762585,13.255509451128574,0,10,1
2018-10-10,12268.095649376652,13.003526010162025,0,10,2
2018-10-11,12419.38123453123,12.27440646317457,0,10,3
2018-10-12,12654.839388322043,11.883657068926938,0,10,4
2018-10-13,11609.657080772355,12.928269512798652,1,10,5
2018-10-14,12232.775562042501,11.3115540556021,1,10,6
2018-10-15,12986.84808307011,11.25473835658971,0,10,0
2018-10-16,12890.60692332719,11.37303300879802,0,10,1
2018-10-17,13140.366308594517,11.273130834503675,0,10,2
2018-10-18,12993.064820396721,11.572129143035113,0,10,3
2018-10-19,12994.308558566498,11.357097935121756,0,10,4
2018-10-20,12511.08447946496,10.810964177531142,1,10,5
2018-10-21,13394.647624881674,9.710227540890424,1,10,6
2018-10-22,13349.103637726725,10.76548462306606,0,10,0
2018-10-23,14173.477278813045,9.39673198865234,0,10,1
2018-10-24,14387.450982968912,9.07346808844749,0,10,2
2018-10-25,14439.476103603702,9.05709769508846,0,10,3
2018-10-26,14390.654783056967,8.973531335985642,0,10,4
2018-10-27,13899.733932225461,8.818417118446197,1,10,5
2018-10-28,14318.050489937023,8.680135103726156,1,10,6
2018-10-29,14633.470490241814,8.215040203258,0,10,0
2018-10-30,14600.09299222802,8.648808479389121,0,10,1
2018-10-31,15048.340678497092,8.033772845051772,0,10,2
2018-11-01,16062.486540476886,6.803589993982591,0,11,3
2018-11-02,14878.509556782134,8.359502977077314,0,11,4
2018-11-03,15022.054746471089,7.617294722853649,1,11,5
2018-11-04,14831.264694883619,7.439667759897998,1,11,6
2018-11-05,16048.609753879426,7.057565488025904,0,11,0
2018-11-06,16991.924056497777,5.751988092311396,0,11,1
2018-11-07,16483.050183994703,6.387448902114259,0,11,2
2018-11-08,16442.816364645278,6.538412985549854,0,11,3
2018-11-09,17181.364672758496,5.940465833801501,0,11,4
2018-11-10,16853.348969759987,5.384997713071861,1,11,5
2018-11-11,16308.350706135074,6.034673970662965,1,11,6
2018-11-12,18061.513092882848,4.86703940114428,0,11,0
2018-11-13,18117.536332695996,4.904549220331239,0,11,1
2018-11-14,18056.332820216212,4.930275166536415,0,11,2
2018-11-15,18243.055817048447,4.953938662890558,0,11,3
2018-11-16,18946.108513897903,4.099788867583659,0,11,4
2018-11-17,17279.195035716097,5.423894593261523,1,11,5
2018-11-18,18337.161627136946,4.308918341662898,1,11,6
2018-11-19,17959.814351002176,5.31730546097634,0,11,0
2018-11-20,18344.7016589587,4.989536804025651,0,11,1
2018-11-21,19336.99370903326,4.003391023562424,0,11,2
2018-11-22,19361.524467314965,3.882872001876511,0,11,3
2018-11-23,19258.395627402213,4.184470068531575,0,11,4
2018-11-24,19190.554780766448,3.5892949847895967,1,11,5
2018-11-25,19234.9173533203,3.666875870872564,1,11,6
2018-11-26,20106.34487753532,3.3068737441199754,0,11,0
2018-11-27,19938.13587606327,3.718426926352881,0,11,1
2018-11-28,19651.816139635375,3.895845463465052,0,11,2
2018-11-29,20363.569494745134,3.3618314811163406,0,11,3
2018-11-30,19466.584217103013,4.336613476064818,0,11,4
2018-12-01,20685.271971579856,2.3419615390298882,1,12,5
2018-12-02,21061.663231007726,2.2113833993694585,1,12,6
2018-12-03,21184.853917008277,2.6878140649795164,0,12,0
2018-12-04,21832.078688652415,2.222674475545782,0,12,1
2018-12-05,21847.21471493461,2.2683669623946057,0,12,2
2018-12-06,21985.586356544158,2.0605864532320157,0,12,3
2018-12-07,20870.133003947743,3.0895829337948117,0,12,4
2018-12-08,20959.62987189677,2.6222800436825313,1,12,5
2018-12-09,21513.401775331735,2.082685709398413,1,12,6
2018-12-10,22113.639030021648,2.280324864357651,0,12,0
2018-12-11,21991.600402338267,2.3438566602458923,0,12,1
2018-12-12,21212.64349789008,2.8212622403722047,0,12,2
2018-12-13,21859.179739911484,2.6495831160549996,0,12,3
2018-12-14,22431.567138702045,2.134983838805745,0,12,4
2018-12-15,21630.646884522164,2.244835883538751,1,12,5
2018-12-16,21906.09604509243,2.3288456556181267,1,12,6
2018-12-17,22418.31994840487,1.9349011180918947,0,12,0
2018-12-18,22572.69623219322,1.9592241773587233,0,12,1
2018-12-19,22938.942063190087,1.6812761357197878,0,12,2
2018-12-20,22609.34449012871,1.9759018863960218,0,12,3
2018-12-21,22140.96960474171,2.541949290427315,0,12,4
2018-12-22,22452.322414491206,1.853987516160401,1,12,5
2018-12-23,21807.709630730656,2.6180610487380602,1,12,6
2018-12-24,23446.605714998514,1.503581980900882,0,12,0
2018-12-25,22805.312314481023,2.2006799293894654,0,12,1
2018-12-26,22911.70954892924,2.371235315270137,0,12,2
2018-12-27,22655.620186344324,2.2511032148442314,0,12,3
2018-12-28,23029.783040973707,2.4884377567414138,0,12,4
2018-12-29,22069.989052208562,2.89657898706147,1,12,5
2018-12-30,22876.096553549025,2.260461086491393,1,12,6
2018-12-31,22597.74524477545,2.687181519315734,0,12,0
2019-01-01,22987.148700205584,2.693000677749824,0,1,1
2019-01-02,23393.590013832858,1.6400423215720676,0,1,2
2019-01-03,23211.356604929508,2.6143265048207383,0,1,3
2019-01-04,23537.871433904107,2.196607399493656,0,1,4
2019-01-05,23265.730852097447,1.8040235677794028,1,1,5
2019-01-06,22945.75436483473,2.524623175328889,1,1,6
2019-01-07,23356.33986412304,2.403521138623464,0,1,0
2019-01-08,23096.093627346894,3.0460604837611704,0,1,1
2019-01-09,23058.07907771433,3.0480519952204066,0,1,2
2019-01-10,22448.972900178003,3.730429476043479,0,1,3
2019-01-11,23100.746353814106,2.716606798761882,0,1,4
2019-01-12,22416.02923882402,3.300415260708204,1,1,5
2019-01-13,22464.052334434175,3.13501561108438,1,1,6
2019-01-14,22187.464695689832,4.141826312943377,0,1,0
2019-01-15,22157.221560028076,4.506261998362617,0,1,1
2019-01-16,22633.315522222223,3.801621508411683,0,1,2
2019-01-17,22893.226182714643,3.9736813789422776,0,1,3
2019-01-18,23029.155333180242,3.470899326692919,0,1,4
2019-01-19,22249.940925518105,3.653262875740321,1,1,5
2019-01-20,22680.896507061483,3.4153170779945703,1,1,6
2019-01-21,22718.96870202512,3.947623852280072,0,1,0
2019-01-22,22438.627502200765,4.258868884362796,0,1,1
2019-01-23,22014.256450100478,4.96716300743063,0,1,2
2019-01-24,22530.711949499968,4.340348046171462,0,1,3
2019-01-25,21924.984225546305,5.2497968058643645,0,1,4
2019-01-26,21587.692954442507,4.76657198953984,1,1,5
2019-01-27,20891.95457984838,5.684235352134429,1,1,6
2019-01-28,21874.529900098045,5.475540922696147,0,1,0
2019-01-29,22123.177998521922,5.153345910874487,0,1,1
2019-01-30,21558.42028049099,5.873526854647108,0,1,2
2019-01-31,21547.001461675747,6.131050041956496,0,1,3
2019-02-01,21008.44987551791,6.7964196049723,0,2,4
2019-02-02,20770.280159765924,6.279733531164143,1,2,5
2019-02-03,20772.57110865464,6.371589984630859,1,2,6
2019-02-04,21200.57782071749,6.495249644541803,0,2,0
2019-02-05,20898.95954075814,6.6758033106943,0,2,1
2019-02-06,20715.09728028438,7.230712540407094,0,2,2
2019-02-07,20027.55951270125,7.996318994198913,0,2,3
2019-02-08,20823.52217252976,7.2802408524268385,0,2,4
2019-02-09,19721.802085451513,7.640183783786438,1,2,5
2019-02-10,19914.845571178546,7.645934303297861,1,2,6
2019-02-11,20236.758862247498,8.070339263438067,0,2,0
2019-02-12,20218.077095761593,8.026909102626325,0,2,1
2019-02-13,19661.63240443232,8.69669600735801,0,2,2
2019-02-14,20153.249832202888,8.474750917252011,0,2,3
2019-02-15,19663.305202646054,9.053968002509016,0,2,4
2019-02-16,18667.00462150152,9.356133886750879,1,2,5
2019-02-17,18281.41116165923,10.445758515078015,1,2,6
2019-02-18,19035.19699808065,9.681621249659008,0,2,0
2019-02-19,19001.087761916904,10.069364842826046,0,2,1
2019-02-20,18771.154708173894,10.280981563522817,0,2,2
2019-02-21,19074.3549682361,10.096452968518443,0,2,3
2019-02-22,18283.790197682214,11.562302376850765,0,2,4
2019-02-23,17857.371590895495,10.714673047632816,1,2,5
2019-02-24,17772.656758281144,11.004985914528918,1,2,6
2019-02-25,18424.563179663495,11.419197830874781,0,2,0
2019-02-26,18192.52137666312,11.656701604873874,0,2,1
2019-02-27,18466.890635083415,10.915680231708592,0,2,2
2019-02-28,18107.622099314576,12.236268258384918,0,2,3
2019-03-01,17577.787077075274,13.533171910591113,0,3,4
2019-03-02,17132.308681187842,12.765347031468162,1,3,5
2019-03-03,17074.070093467144,13.010042744638993,1,3,6
2019-03-04,17296.409943438055,13.56695107348189,0,3,0
2019-03-05,16966.984794153836,13.866914652919917,0,3,1
2019-03-06,17150.47273138096,14.53953580141328,0,3,2
2019-03-07,17084.45136459414,14.08260360785786,0,3,3
2019-03-08,16971.776177560245,14.481768492647987,0,3,4
2019-03-09,16319.12612559364,15.097296807525714,1,3,5
2019-03-10,16113.922106794525,15.112336587887198,1,3,6
2019-03-11,16589.877150865796,15.681033941306046,0,3,0
2019-03-12,16736.42335425539,15.448232191494094,0,3,1
2019-03-13,16606.94518042149,16.320412721401865,0,3,2
2019-03-14,16613.525795850197,15.701131706770047,0,3,3
2019-03-15,16499.613185171398,16.113589073877908,0,3,4
2019-03-16,16039.512100300557,16.107416141961824,1,3,5
2019-03-17,15771.48523739728,16.904131789816937,1,3,6
2019-03-18,16324.702990764059,17.246837431237537,0,3,0
2019-03-19,16302.821405627614,18.598719668636143,0,3,1
2019-03-20,16244.735865738512,17.251993941250518,0,3,2
2019-03-21,16097.706493123607,18.318188224794074,0,3,3
2019-03-22,16331.917437364717,18.47061106066863,0,3,4
2019-03-23,15542.632013804488,18.21579299822,1,3,5
2019-03-24,15732.498803551587,17.832206892431827,1,3,6
2019-03-25,16636.43012261735,20.256464824201974,0,3,0
2019-03-26,16079.531010996645,19.207709755038703,0,3,1
2019-03-27,16105.91187153417,19.715281986237763,0,3,2
2019-03-28,15949.427109935612,19.800206870989193,0,3,3
2019-03-29,16136.313862295656,20.09745534014741,0,3,4
2019-03-30,15702.737772324297,20.89341351480041,1,3,5
2019-03-31,15103.32603946037,19.706052311034135,1,3,6
2019-04-01,16101.960439373359,20.696077473309426,0,4,0
2019-04-02,16122.565539709578,21.361400271416315,0,4,1
2019-04-03,16597.046774711627,22.61209360670662,0,4,2
2019-04-04,16236.440171600587,22.20383145436603,0,4,3
2019-04-05,16126.853725867019,22.189618764689623,0,4,4
2019-04-06,15648.345950621757,22.603153249904693,1,4,5
2019-04-07,16182.96312097327,23.1723473788779,1,4,6
2019-04-08,16302.01441400047,22.686754894362597,0,4,0
2019-04-09,16549.678636327688,23.827429565245325,0,4,1
2019-04-10,16586.818488986526,23.410245786794423,0,4,2
2019-04-11,16784.961573556335,24.151480335631998,0,4,3
2019-04-12,16704.569365601215,24.13838718150028,0,4,4
2019-04-13,16543.95289943158,25.191047704025284,1,4,5
2019-04-14,16360.458521697008,25.19929189205827,1,4,6
2019-04-15,17258.897153055255,25.35625975297552,0,4,0
2019-04-16,16952.717266363914,24.935299951170894,0,4,1
2019-04-17,17145.272970840317,25.242295980603547,0,4,2
2019-04-18,17383.23671847919,26.12571097309316,0,4,3
2019-04-19,17421.1046905047,26.28211830009046,0,4,4
2019-04-20,16460.24811234742,25.892726269826483,1,4,5
2019-04-21,16882.359833771672,26.393323163502426,1,4,6
2019-04-22,17309.822280977125,25.843982885085126,0,4,0
2019-04-23,18007.424161730127,27.370738702558985,0,4,1
2019-04-24,17681.25232206762,26.9749921951845,0,4,2
2019-04-25,18467.995703077,28.36732000934774,0,4,3
2019-04-26,18647.66802857941,27.90478227786659,0,4,4
2019-04-27,17838.941047050397,28.360784543301246,1,4,5
2019-04-28,17658.692530453744,28.171908599579712,1,4,6
2019-04-29,18737.104147026897,28.56489021035929,0,4,0
2019-04-30,19704.148255656164,29.778296339579025,0,4,1
2019-05-01,19387.28344312411,29.44911156125282,0,5,2
2019-05-02,18621.779382497713,28.390747812621843,0,5,3
2019-05-03,19661.779896432487,29.81339551071649,0,5,4
2019-05-04,18930.84601876568,29.796977983936994,1,5,5
2019-05-05,19069.668847051926,29.983331245748726,1,5,6
2019-05-06,18994.43608027346,29.218854668584182,0,5,0
2019-05-07,19753.877953945088,30.121811105100637,0,5,1
2019-05-08,20261.577268182602,30.839056998638032,0,5,2
2019-05-09,19702.82212999638,30.203660889958048,0,5,3
2019-05-10,19928.30563507974,30.546052593164006,0,5,4
2019-05-11,19034.21494301438,30.377884457609614,1,5,5
2019-05-12,20076.388879618546,31.38771014093874,1,5,6
2019-05-13,20842.16423446843,31.635421491464474,0,5,0
2019-05-14,19623.75579172222,30.342609266168083,0,5,1
2019-05-15,20823.880610640506,31.611054781457156,0,5,2
2019-05-16,21164.891773501124,31.985400373668565,0,5,3
2019-05-17,21465.968613230187,32.4318165637701,0,5,4
2019-05-18,21356.881295636802,32.79008963438913,1,5,5
2019-05-19,20955.088410269735,32.62053572167263,1,5,6
2019-05-20,21648.165563512302,32.67853171902535,0,5,0
2019-05-21,21985.614217237508,33.05140577369477,0,5,1
2019-05-22,21875.39746615032,32.84317869973402,0,5,2
2019-05-23,21402.91952773524,32.35362955255599,0,5,3
2019-05-24,22385.097071351218,33.53081670981805,0,5,4
2019-05-25,21546.48396171163,33.44512988092485,1,5,5
2019-05-26,21860.193988802785,33.87302844599844,1,5,6
2019-05-27,21821.531356359228,33.07573550907445,0,5,0
2019-05-28,22798.215972037837,34.368273893980074,0,5,1
2019-05-29,21978.91952845066,33.08962867621364,0,5,2
2019-05-30,21975.47123614619,33.34086591877301,0,5,3
2019-05-31,22768.812920522712,34.210322354211264,0,5,4
2019-06-01,22073.731580428022,33.976276740975365,1,6,5
2019-06-02,22119.208134847246,33.990152039742185,1,6,6
2019-06-03,22116.817832001674,33.75061341888043,0,6,0
2019-06-04,22934.26383489926,34.40890291572406,0,6,1
2019-06-05,22485.49166652132,34.04044523518138,0,6,2
2019-06-06,23085.223965543842,34.49698161740534,0,6,3
2019-06-07,22559.95039183444,33.933775646836956,0,6,4
2019-06-08,21667.241336070027,33.499470761310725,1,6,5
2019-06-09,22904.00335636052,35.20745573204017,1,6,6
2019-06-10,23424.058245221808,35.20978380000664,0,6,0
2019-06-11,23200.73150354593,34.98973026825514,0,6,1
2019-06-12,23750.365741364938,35.028054508477894,0,6,2
2019-06-13,23234.37392284531,34.76520852087241,0,6,3
2019-06-14,22978.80393364567,35.12710310079981,0,6,4
2019-06-15,22544.85218114177,35.06035257403229,1,6,5
2019-06-16,22932.934416004926,35.112804252117265,1,6,6
2019-06-17,23387.487529319842,35.071686639047506,0,6,0
2019-06-18,23409.623482988336,35.03552222199041,0,6,1
2019-06-19,23271.289790349794,35.02162112455026,0,6,2
2019-06-20,22933.519659911788,34.65341274584694,0,6,3
2019-06-21,22837.014221589663,34.567650675520476,0,6,4
2019-06-22,22395.869887068926,34.43619741228799,1,6,5
2019-06-23,22410.79602312657,34.63628138242992,1,6,6
2019-06-24,23395.98344151693,35.35567142812818,0,6,0
2019-06-25,23480.890857787952,35.098716811120816,0,6,1
2019-06-26,22398.27789145353,34.01012950173702,0,6,2
2019-06-27,23367.951539398597,35.18436253617558,0,6,3
2019-06-28,24051.881597862044,36.109658935593416,0,6,4
2019-06-29,23653.529692077896,36.040208352310295,1,6,5
2019-06-30,22517.518034408207,34.83456513884412,1,6,6
2019-07-01,22590.67374079822,34.49658721302154,0,7,0
2019-07-02,23378.151052006036,35.02830103167004,0,7,1
2019-07-03,22933.259818418326,34.84621839813263,0,7,2
2019-07-04,22839.04788103857,34.672383924597426,0,7,3
2019-07-05,23525.40472519091,35.385934983876474,0,7,4
2019-07-06,22451.49859068521,34.65749215061799,1,7,5
2019-07-07,22534.319910602833,34.73837937391982,1,7,6
2019-07-08,22948.168058033163,34.83989648733425,0,7,0
2019-07-09,22263.47023822396,34.01765746720809,0,7,1
2019-07-10,22402.22341595052,34.0921938554528,0,7,2
2019-07-11,21652.95267413701,33.33842319224217,0,7,3
2019-07-12,22819.855576087928,34.49518523473683,0,7,4
2019-07-13,21436.04203734952,33.68658672618138,1,7,5
2019-07-14,20968.95665409353,33.23508994964778,1,7,6
2019-07-15,22504.084125240726,34.053641331853065,0,7,0
2019-07-16,22124.15916181212,33.92372209899023,0,7,1
2019-07-17,22077.968377689405,33.86954087052984,0,7,2
2019-07-18,22187.70530442602,33.958452308884404,0,7,3
2019-07-19,21385.05558376388,33.03268312887606,0,7,4
2019-07-20,19558.644193575066,31.792458498956105,1,7,5
2019-07-21,21539.82643103229,33.83290876420345,1,7,6
2019-07-22,20665.558367560006,32.309356663362074,0,7,0
2019-07-23,20802.481086297048,32.31659604241768,0,7,1
2019-07-24,22348.40328214843,34.13352381392318,0,7,2
2019-07-25,20840.06882993407,32.571520052879826,0,7,3
2019-07-26,20298.813502715315,32.13158241866032,0,7,4
2019-07-27,19450.192039671932,31.961081625153327,1,7,5
2019-07-28,18923.09576646446,31.29088426941973,1,7,6
2019-07-29,19866.07369075925,31.405235099318872,0,7,0
2019-07-30,20396.282461050916,32.03777269209133,0,7,1
2019-07-31,20702.653512114703,32.4866935055082,0,7,2
2019-08-01,19983.802928565103,31.739333990350573,0,8,3
2019-08-02,19416.96937637542,31.067637930247276,0,8,4
2019-08-03,17951.04520071202,29.998853385294392,1,8,5
2019-08-04,17997.923387476563,30.022178785407693,1,8,6
2019-08-05,19920.73219348879,31.706715312808928,0,8,0
2019-08-06,18113.00529370001,29.81044340042139,0,8,1
2019-08-07,18557.260010304122,30.275976911985143,0,8,2
2019-08-08,18471.676727585927,30.029369602321164,0,8,3
2019-08-09,17592.09861437986,29.104872588473015,0,8,4
2019-08-10,16972.426728332026,29.272040902200363,1,8,5
2019-08-11,16851.30444064712,28.84067938432035,1,8,6
2019-08-12,17095.665737905223,28.546002697365353,0,8,0
2019-08-13,17436.827450322937,28.73099358336763,0,8,1
2019-08-14,17206.87435010829,28.850386478934624,0,8,2
2019-08-15,16377.700052986509,27.858720634976052,0,8,3
2019-08-16,17058.380797777743,29.107860951709384,0,8,4
2019-08-17,16224.222719316369,28.44249294018434,1,8,5
2019-08-18,15797.493797439418,28.02601328614008,1,8,6
2019-08-19,15927.909264605378,27.189513957986687,0,8,0
2019-08-20,15461.339752406477,26.43798788391143,0,8,1
2019-08-21,15587.389157186512,26.827387850579754,0,8,2
2019-08-22,15662.896615102183,26.85104385678838,0,8,3
2019-08-23,15296.129204493862,26.78033401284371,0,8,4
2019-08-24,14033.155548972863,25.505696362977762,1,8,5
2019-08-25,14392.338489252043,26.05822151979726,1,8,6
2019-08-26,14823.254825167553,25.67916825508469,0,8,0
2019-08-27,14092.935057348901,24.496603536615662,0,8,1
2019-08-28,14438.438887183494,25.550152992817733,0,8,2
2019-08-29,14156.134885464578,25.24426222581997,0,8,3
2019-08-30,13857.65278552912,24.305138892664967,0,8,4
2019-08-31,12871.651907940946,23.009407986346535,1,8,5
2019-09-01,13685.170558042033,24.5246746931486,1,9,6
2019-09-02,13728.512596632681,24.22794669365726,0,9,0
2019-09-03,13619.913108608054,23.454318459122675,0,9,1
2019-09-04,13519.661986657862,23.522484499220578,0,9,2
2019-09-05,13292.689629265753,22.975427549483054,0,9,3
2019-09-06,13171.199931634641,22.676292603793826,0,9,4
2019-09-07,12266.465461276677,22.240639165703087,1,9,5
2019-09-08,12254.89205856637,22.085359978913477,1,9,6
2019-09-09,12512.633877407994,21.507724792441575,0,9,0
2019-09-10,12762.342167804178,21.834613015546584,0,9,1
2019-09-11,12388.388246875626,21.384921384014685,0,9,2
2019-09-12,12463.503974141262,21.497068880798682,0,9,3
2019-09-13,12160.596955318544,20.497500489918682,0,9,4
2019-09-14,11614.703650736723,20.72293769618156,1,9,5
2019-09-15,11619.289512946052,20.44742755115911,1,9,6
2019-09-16,12071.168941516351,20.47520605815057,0,9,0
2019-09-17,12073.520963158064,19.855611367892344,0,9,1
2019-09-18,12049.73109130495,19.513043707880808,0,9,2
2019-09-19,11826.497880409093,18.324872279281525,0,9,3
2019-09-20,12029.050270332913,18.73148239181312,0,9,4
2019-09-21,11245.091234059337,17.82963476537606,1,9,5
2019-09-22,11162.757888256137,18.351190855153934,1,9,6
2019-09-23,11716.317007592612,17.73916025921606,0,9,0
2019-09-24,11843.92635020485,16.796707694530948,0,9,1
2019-09-25,11696.860564707546,17.13076073811818,0,9,2
2019-09-26,11586.606016851305,18.411713562190762,0,9,3
2019-09-27,11800.114408413074,17.19021086423292,0,9,4
2019-09-28,11220.859525268803,16.52133027688385,1,9,5
2019-09-29,11265.644343836402,16.073269172684455,1,9,6
2019-09-30,12097.143024405816,15.06153003090877,0,9,0
2019-10-01,11746.241629482696,15.189797043424003,0,10,1
2019-10-02,11652.112208530942,14.720450893963351,0,10,2
2019-10-03,12237.414576020776,14.565810308932273,0,10,3
2019-10-04,11746.401022358188,15.161667726874981,0,10,4
2019-10-05,11331.956857630777,14.675204672983872,1,10,5
2019-10-06,11323.729795771555,15.022741982249656,1,10,6
2019-10-07,11996.094430601372,14.17658533249468,0,10,0
2019-10-08,12262.555581047549,14.034751264732892,0,10,1
2019-10-09,12075.666656471194,13.42594599902629,0,10,2
2019-10-10,12400.061828847212,12.637098236967626,0,10,3
2019-10-11,13226.532580432982,11.911179966905435,0,10,4
2019-10-12,12084.478688993235,12.111247162019788,1,10,5
2019-10-13,11824.077327983496,12.936013568878089,1,10,6
2019-10-14,12710.9279071802,12.023555612947503,0,10,0
2019-10-15,12912.995906271359,11.754804932918823,0,10,1
2019-10-16,13105.697614377874,11.214649571657056,0,10,2
2019-10-17,13322.386771044212,10.97531116168855,0,10,3
2019-10-18,13674.488522512564,10.447497126261132,0,10,4
2019-10-19,12263.020935793757,11.61465239904303,1,10,5
2019-10-20,12999.451300880028,10.012703693024763,1,10,6
2019-10-21,13811.567698166,9.931079603193997,0,10,0
2019-10-22,13677.56512643408,10.619375716488612,0,10,1
2019-10-23,13501.671919579372,10.936264421243452,0,10,2
2019-10-24,14095.46507959268,9.534783145151419,0,10,3
2019-10-25,14206.249363118191,9.5942917582598,0,10,4
2019-10-26,13813.04736442746,8.92704470297426,1,10,5
2019-10-27,13643.014314883168,9.285110568600944,1,10,6
2019-10-28,14518.05728776494,8.903000667855899,0,10,0
2019-10-29,14805.05633234804,8.621966807849999,0,10,1
2019-10-30,14861.556004718956,8.718300522050042,0,10,2
2019-10-31,15419.344777838798,7.709824596930535,0,10,3
2019-11-01,15515.557412858747,7.591117203249735,0,11,4
2019-11-02,15047.698839504776,7.788252916537015,1,11,5
2019-11-03,14361.626351223415,8.36279549912435,1,11,6
2019-11-04,16476.161252401605,6.964118806656358,0,11,0
2019-11-05,16793.180393202267,6.253176700649081,0,11,1
2019-11-06,16319.905257685708,6.6073909728905065,0,11,2
2019-11-07,15897.88180515514,7.3361091326616785,0,11,3
2019-11-08,16678.7664076276,6.613246510745566,0,11,4
2019-11-09,16461.897210609368,6.151938296086164,1,11,5
2019-11-10,16645.09344399044,5.767253390094378,1,11,6
2019-11-11,17846.602524163838,5.172204838332449,0,11,0
2019-11-12,17401.221033777667,5.616991385954044,0,11,1
2019-11-13,18505.28360041687,4.480740801216108,0,11,2
2019-11-14,18266.896762379885,4.781722429171585,0,11,3
2019-11-15,17343.21559901135,5.8760154100828315,0,11,4
2019-11-16,18375.09677352528,4.295987826742945,1,11,5
2019-11-17,17489.49052660249,5.230668541207679,1,11,6
2019-11-18,18551.731484828106,4.7014044076292025,0,11,0
2019-11-19,18416.764829795557,4.96881272122389,0,11,1
2019-11-20,18722.654192666338,4.6195293296580875,0,11,2
2019-11-21,19662.793519244948,3.905045751200381,0,11,3
2019-11-22,19193.260797002582,4.639757051324041,0,11,4
2019-11-23,19634.35244907052,3.3642383884808464,1,11,5
2019-11-24,18817.464581919925,3.915479735892745,1,11,6
2019-11-25,19281.657162839965,4.464390197566908,0,11,0
2019-11-26,20588.344135508556,2.980419982668044,0,11,1
2019-11-27,19851.420177795982,3.8421931929497593,0,11,2
2019-11-28,20701.579113558433,3.0290268690067577,0,11,3
2019-11-29,20733.564495942635,3.311586395204147,0,11,4
2019-11-30,20836.442688807307,2.5100516982985224,1,11,5
2019-12-01,20080.99153388835,3.3252903616558704,1,12,6
2019-12-02,21059.232563807967,2.74446877860372,0,12,0
2019-12-03,20655.232388281245,3.182010664024648,0,12,1
2019-12-04,20884.79851776158,3.267901156014377,0,12,2
2019-12-05,21713.36003226222,2.3182830937802157,0,12,3
2019-12-06,21003.718207307702,3.0384607845697587,0,12,4
2019-12-07,20753.172350235953,2.8002401275376356,1,12,5
2019-12-08,21304.09763086002,2.5484455023226213,1,12,6
2019-12-09,22319.109222825893,1.9823682205465918,0,12,0
2019-12-10,21815.11493827013,2.6213377442808206,0,12,1
2019-12-11,22358.19124346293,2.18192897630774,0,12,2
2019-12-12,22372.064729836286,2.2825649170534743,0,12,3
2019-12-13,22262.76696166983,2.3122728456617474,0,12,4
2019-12-14,22588.189787352985,1.3023715932488216,1,12,5
2019-12-15,22473.936305445666,1.7279650248925214,1,12,6
2019-12-16,21640.144660743626,3.0015360610996997,0,12,0
2019-12-17,22842.58158663212,1.7871754956176924,0,12,1
2019-12-18,22497.381587750162,2.338772737165149,0,12,2
2019-12-19,22096.763111118973,3.004343591436641,0,12,3
2019-12-20,23134.443939306486,1.8605991401206825,0,12,4
2019-12-21,21947.578535924757,2.6398098014582785,1,12,5
2019-12-22,22494.071197172103,1.909377204667699,1,12,6
2019-12-23,22102.701284331124,3.0203469548010955,0,12,0
2019-12-24,22549.815072415786,2.5585145145954127,0,12,1
2019-12-25,23340.823242274608,1.5415426052931769,0,12,2
2019-12-26,22698.606109047218,2.2654591933253996,0,12,3
2019-12-27,23597.19257785984,1.2613070426890047,0,12,4
2019-12-28,22457.902459495042,2.4602498216916118,1,12,5
2019-12-29,23119.06341344319,1.4856787310521586,1,12,6
2019-12-30,23698.673858882863,1.667069258646922,0,12,0
2019-12-31,22287.759660923646,3.406500404765248,0,12,1
2020-01-01,22500.899818840506,3.075226577233989,0,1,2
2020-01-02,22741.896973686253,2.8422717766311494,0,1,3
2020-01-03,22987.150154382583,2.547620893013973,0,1,4
2020-01-04,23276.76109885048,1.421807604506136,1,1,5
2020-01-05,21898.31408842374,3.4164425617488217,1,1,6
2020-01-06,22800.638232532525,3.2617344776570634,0,1,0
2020-01-07,22924.27965056822,3.1888271260950103,0,1,1
2020-01-08,22767.30616213904,2.9285435359623015,0,1,2
2020-01-09,22973.618789613403,2.9953294848253478,0,1,3
2020-01-10,22780.120924633087,3.080626238132737,0,1,4
2020-01-11,22665.136707273876,3.0705062399640894,1,1,5
2020-01-12,22757.904150166625,2.66157510976073,1,1,6
2020-01-13,23249.21442428749,2.914621437482198,0,1,0
2020-01-14,23078.933761025914,3.1804535820630053,0,1,1
2020-01-15,23701.446540900753,2.4773222590862876,0,1,2
2020-01-16,23112.28014691522,2.9479491033878262,0,1,3
2020-01-17,22867.478005403416,3.684161735095437,0,1,4
2020-01-18,21778.790243764164,4.555694866998496,1,1,5
2020-01-19,22254.310671554867,3.5443030928274504,1,1,6
2020-01-20,21889.59580441315,5.098669557141325,0,1,0
2020-01-21,22570.323224108393,4.214317113869995,0,1,1
2020-01-22,22816.91037611909,3.776491106998444,0,1,2
2020-01-23,21874.46990295331,5.238021880365152,0,1,3
2020-01-24,22561.249185519995,4.3994846442672975,0,1,4
2020-01-25,22104.95748293451,4.652301579330911,1,1,5
2020-01-26,21227.808998912074,5.908672434794273,1,1,6
2020-01-27,21816.837440715102,5.430135006586691,0,1,0
2020-01-28,21494.433497218346,5.977101920424513,0,1,1
2020-01-29,21952.771423643633,5.446284022182689,0,1,2
2020-01-30,21449.37419805166,6.115190106840006,0,1,3
2020-01-31,21632.004975425403,6.0032370870948695,0,1,4
2020-02-01,21580.460819454904,5.449991224319146,1,2,5
2020-02-02,20761.295792498375,6.198656320480761,1,2,6
2020-02-03,21036.83752269662,6.817685366258889,0,2,0
2020-02-04,20523.61540036891,7.540480158199518,0,2,1
2020-02-05,21164.40436596459,6.826014984781629,0,2,2
2020-02-06,21373.705083821722,6.471522611590058,0,2,3
2020-02-07,20469.76810413488,7.687669428939409,0,2,4
2020-02-08,19972.74107868367,7.663617551970695,1,2,5
2020-02-09,19759.039996966167,8.063938824830014,1,2,6
2020-02-10,20255.630232727533,8.04306722313699,0,2,0
2020-02-11,20391.087891032927,8.060208511366257,0,2,1
2020-02-12,20372.12019284669,8.265198550706003,0,2,2
2020-02-13,19850.045840444767,8.860151849465476,0,2,3
2020-02-14,19865.691841580872,8.727574954090445,0,2,4
2020-02-15,19249.56596008276,8.873449042671885,1,2,5
2020-02-16,19254.635707275116,9.048662535151594,1,2,6
2020-02-17,19482.81463011574,9.402175373898283,0,2,0
2020-02-18,19351.81106099438,9.414166757982553,0,2,1
2020-02-19,19369.39970459236,9.996246808141274,0,2,2
2020-02-20,19507.832928145897,9.50462660522543,0,2,3
2020-02-21,18772.474607143336,10.613543306883694,0,2,4
2020-02-22,18099.990499207284,11.050296258257513,1,2,5
2020-02-23,17649.554784366966,11.825961273810725,1,2,6
2020-02-24,18730.61254800894,10.991196538703674,0,2,0
2020-02-25,18107.796165098815,11.988365376345504,0,2,1
2020-02-26,18446.672888628636,11.019800330438207,0,2,2
2020-02-27,18052.55088798323,11.897939467718174,0,2,3
2020-02-28,18412.06841157228,10.936050260891728,0,2,4
2020-02-29,17082.117353686877,12.554323503159798,1,2,5
2020-03-01,17310.582591266386,12.89795649045711,1,3,6
2020-03-02,17449.626951129114,13.702507762877447,0,3,0
2020-03-03,17519.272964630847,13.448011930055022,0,3,1
2020-03-04,17335.847827297435,14.141246190245157,0,3,2
2020-03-05,17411.445455618363,14.052725779498147,0,3,3
2020-03-06,17526.855625087614,13.928310363090793,0,3,4
2020-03-07,16544.722991052564,13.953429025422233,1,3,5
2020-03-08,16862.369426408502,14.338049054932599,1,3,6
2020-03-09,17213.835007419668,14.298479527020861,0,3,0
2020-03-10,16664.086635329233,16.87386793865574,0,3,1
2020-03-11,16855.774226878533,15.88970314321584,0,3,2
2020-03-12,16679.760145709388,16.074907949372513,0,3,3
2020-03-13,16757.12022439005,15.814084107690894,0,3,4
2020-03-14,16022.394120928033,16.563039188743264,1,3,5
2020-03-15,15778.544269776377,17.055433696840094,1,3,6
2020-03-16,16436.50339131957,17.32550664913985,0,3,0
2020-03-17,16644.076843236362,17.273641815694898,0,3,1
2020-03-18,16495.793251087995,18.234843932900386,0,3,2
2020-03-19,16344.461245593286,17.21870331977838,0,3,3
2020-03-20,16324.37941709022,17.796286993097464,0,3,4
2020-03-21,15618.785731986412,18.943569707849615,1,3,5
2020-03-22,15545.829057469653,18.472483503805638,1,3,6
2020-03-23,16200.333182029392,19.127351774813636,0,3,0
2020-03-24,16262.266592579312,19.3651537741766,0,3,1
2020-03-25,16032.63915576365,19.169600982665084,0,3,2
2020-03-26,16164.011743285699,19.757855200790047,0,3,3
2020-03-27,16300.462808216382,20.41769201882191,0,3,4
2020-03-28,15708.863976080194,20.871477337272708,1,3,5
2020-03-29,15677.326072905356,20.783466311015278,1,3,6
2020-03-30,16083.563350116097,20.178086669029103,0,3,0
2020-03-31,16093.458307370945,21.138853343455917,0,3,1
2020-04-01,16492.1017871744,21.92662365420571,0,4,2
2020-04-02,16277.676183876283,21.603258519791847,0,4,3
2020-04-03,16530.66047284784,22.775187811119324,0,4,4
2020-04-04,15676.458655852564,22.56029425767059,1,4,5
2020-04-05,16233.406996054291,23.80144093310106,1,4,6
2020-04-06,16633.282249011805,23.01762252678556,0,4,0
2020-04-07,16723.989808392773,22.73183768666041,0,4,1
2020-04-08,16525.423506694748,23.34767409159896,0,4,2
2020-04-09,16442.746179389298,23.07705825249008,0,4,3
2020-04-10,16872.45782571231,23.813447970635877,0,4,4
2020-04-11,16096.223339481263,23.798702072268366,1,4,5
2020-04-12,16495.342055954727,24.419698946378446,1,4,6
2020-04-13,17260.225565966743,25.247789269395373,0,4,0
2020-04-14,17406.69247089496,25.268917707742016,0,4,1
2020-04-15,16932.4174101271,24.296012361536725,0,4,2
2020-04-16,17130.963831691355,25.144166865744893,0,4,3
2020-04-17,17468.141668438122,25.763825828787844,0,4,4
2020-04-18,17715.568712351196,26.978676529059914,1,4,5
2020-04-19,16820.085376961986,25.829862607298093,1,4,6
2020-04-20,17740.150691468025,26.709339616010197,0,4,0
2020-04-21,17890.97574792908,26.66864590171741,0,4,1
2020-04-22,17933.89266801145,27.03666838543279,0,4,2
2020-04-23,17648.663037850343,26.434712427056017,0,4,3
2020-04-24,18045.07993333024,27.279287823455675,0,4,4
2020-04-25,17911.819090709174,27.891512391147938,1,4,5
2020-04-26,17732.536102218703,27.624827297198717,1,4,6
2020-04-27,18580.238315453855,28.186403135081203,0,4,0
2020-04-28,19274.369728139296,29.051868686291503,0,4,1
2020-04-29,19082.75720717587,28.53481574221205,0,4,2
2020-04-30,18694.53735257802,28.440754781058924,0,4,3
2020-05-01,18707.318615763943,28.49091705376369,0,5,4
2020-05-02,18490.127542050974,29.016790798531176,1,5,5
2020-05-03,18632.195505882657,29.11427638950481,1,5,6
2020-05-04,19567.071674755174,29.725579756138814,0,5,0
2020-05-05,19776.954780187465,30.00522459995972,0,5,1
2020-05-06,20163.98102367821,30.57833867966767,0,5,2
2020-05-07,19410.36925301918,29.756662219236308,0,5,3
2020-05-08,19603.07043764187,30.13221417772334,0,5,4
2020-05-09,19817.651580454072,30.84623446839554,1,5,5
2020-05-10,20442.726394804664,31.77311649420733,1,5,6
2020-05-11,20849.285153566463,31.474443621095038,0,5,0
2020-05-12,20070.459334872994,30.554076326327234,0,5,1
2020-05-13,21145.431203306693,31.89653236485009,0,5,2
2020-05-14,20368.118350568962,31.00501833927639,0,5,3
2020-05-15,20996.138955402897,31.87815637607348,0,5,4
2020-05-16,19814.24353533519,31.115486838266985,1,5,5
2020-05-17,20751.29838916605,32.06657901125409,1,5,6
2020-05-18,21746.18380497547,32.67491907395671,0,5,0
2020-05-19,21307.578831328257,32.2424115647876,0,5,1
2020-05-20,21239.45992534042,32.14401759970597,0,5,2
2020-05-21,21422.988835907276,32.366379743926124,0,5,3
2020-05-22,22481.589474566874,33.606107566809314,0,5,4
2020-05-23,21686.35548357738,33.29299474391106,1,5,5
2020-05-24,21901.764971482233,33.39073103107846,1,5,6
2020-05-25,22529.777988331072,33.94686584221769,0,5,0
2020-05-26,22333.032602291092,33.31021492130492,0,5,1
2020-05-27,22270.80471342897,33.739762599156,0,5,2
2020-05-28,23132.25905305058,34.395696269414294,0,5,3
2020-05-29,22644.71434759063,33.95889106170733,0,5,4
2020-05-30,21893.076575838077,33.44038537168696,1,5,5
2020-05-31,21857.10189513754,33.57097972004475,1,5,6
2020-06-01,23217.740598523957,34.910577215351566,0,6,0
2020-06-02,22697.582271052674,33.897462948760385,0,6,1
2020-06-03,22774.485784680335,34.15311040261684,0,6,2
2020-06-04,22134.343037216207,33.50336941503997,0,6,3
2020-06-05,23555.881126986555,34.87851395672791,0,6,4
2020-06-06,22208.786207671026,34.30367284719048,1,6,5
2020-06-07,21902.996170844417,33.9201562500375,1,6,6
2020-06-08,23558.74628125293,35.161320733880416,0,6,0
2020-06-09,23668.02185330445,35.35702084373075,0,6,1
2020-06-10,23068.858265339917,34.757415832743675,0,6,2
2020-06-11,23333.355446824076,34.856916562787106,0,6,3
2020-06-12,23167.11381692364,34.99504276259096,0,6,4
2020-06-13,22248.3877911118,34.25349252614118,1,6,5
2020-06-14,22789.79296906163,35.04964039324726,1,6,6
2020-06-15,23719.115471140536,35.10579700752,0,6,0
2020-06-16,23069.191257378774,34.78852388253166,0,6,1
2020-06-17,23128.783924034375,34.63934450768318,0,6,2
2020-06-18,23370.258645148246,35.14600109482489,0,6,3
2020-06-19,23690.774359953193,35.97915529655658,0,6,4
2020-06-20,22755.72139221871,35.32770271971565,1,6,5
2020-06-21,22441.89807503979,34.43281272654755,1,6,6
2020-06-22,22808.810929016658,34.71253512293385,0,6,0
2020-06-23,23884.176687080006,35.529055720587294,0,6,1
2020-06-24,23788.559125537955,35.7078174276295,0,6,2
2020-06-25,23017.962327845813,34.71660604854302,0,6,3
2020-06-26,23424.205484437687,35.04723348866155,0,6,4
2020-06-27,22110.462962812173,34.22353034980722,1,6,5
2020-06-28,23124.211343519888,35.110299515149606,1,6,6
2020-06-29,22967.94812670986,34.718806990334414,0,6,0
2020-06-30,23749.369970384967,35.68884459215975,0,6,1
2020-07-01,23130.601295956465,35.042793791358584,0,7,2
2020-07-02,23640.874675152794,35.75049063033388,0,7,3
2020-07-03,22531.87047463057,34.10007279920182,0,7,4
2020-07-04,22380.31362958282,34.39133165119037,1,7,5
2020-07-05,22919.40245627439,34.969059338415285,1,7,6
2020-07-06,21949.5236480803,33.706292466808755,0,7,0
2020-07-07,22944.467754102432,34.797036947668296,0,7,1
2020-07-08,22636.447496138397,34.27294867924413,0,7,2
2020-07-09,22364.363655549987,34.22467565130583,0,7,3
2020-07-10,22514.07799843636,34.12589400698024,0,7,4
2020-07-11,21062.209364627317,33.1685715065366,1,7,5
2020-07-12,21697.118570884923,33.81533348176622,1,7,6
2020-07-13,21459.300971702556,33.065158427178226,0,7,0
2020-07-14,22256.6468093411,34.08061414574084,0,7,1
2020-07-15,21469.39562076839,32.88539096500212,0,7,2
2020-07-16,20565.110627756192,31.91014904194816,0,7,3
2020-07-17,20982.544609313107,32.762563857024396,0,7,4
2020-07-18,20841.352792266945,32.89486238111357,1,7,5
2020-07-19,20699.12947956224,32.85802377955292,1,7,6
2020-07-20,20752.410024162036,32.17061481306351,0,7,0
2020-07-21,20367.42625277263,31.95579533189853,0,7,1
2020-07-22,20802.59625307107,32.3592779523497,0,7,2
2020-07-23,21209.857238448425,32.75723389275395,0,7,3
2020-07-24,20732.69371057387,32.36525589634731,0,7,4
2020-07-25,19393.917929695046,31.449623880144106,1,7,5
2020-07-26,20288.650440574176,32.184884879117966,1,7,6
2020-07-27,20700.818020669216,32.46329969798589,0,7,0
2020-07-28,20105.158821902896,31.75828322152029,0,7,1
2020-07-29,20692.097163381266,32.26387349910181,0,7,2
2020-07-30,20336.572293456808,32.0593735746675,0,7,3
2020-07-31,19017.087102042628,30.569144448494807,0,7,4
2020-08-01,18267.583381655415,30.38526966024619,1,8,5
2020-08-02,17786.043202663095,29.84967568564737,1,8,6
2020-08-03,18977.27091788458,30.678415561455182,0,8,0
2020-08-04,18865.93341609021,30.446535781003764,0,8,1
2020-08-05,18450.99903785338,30.209148542163874,0,8,2
2020-08-06,18131.087161454645,29.546134368956032,0,8,3
2020-08-07,18946.443737212223,30.52242616529954,0,8,4
2020-08-08,17638.77913045285,29.687121627173315,1,8,5
2020-08-09,17520.671892268794,29.362453691780043,1,8,6
2020-08-10,17811.863895312687,29.678746487038882,0,8,0
2020-08-11,18050.249364089123,29.692683748305637,0,8,1
2020-08-12,17526.847465050185,28.964048493513147,0,8,2
2020-08-13,16375.948752194128,27.859974118123862,0,8,3
2020-08-14,16574.05130468038,27.793769845508574,0,8,4
2020-08-15,16262.339720181617,28.442809446286237,1,8,5
2020-08-16,16036.615088030523,28.19099004114034,1,8,6
2020-08-17,16150.91665380425,27.275811391326275,0,8,0
2020-08-18,15492.055303198444,26.753277320653932,0,8,1
2020-08-19,15834.71091787264,26.924956384051118,0,8,2
2020-08-20,15905.552195237375,27.027836175618887,0,8,3
2020-08-21,15193.239983747575,25.96287625170051,0,8,4
2020-08-22,14644.592689957506,26.149399757752906,1,8,5
2020-08-23,14579.982399639111,26.34917438979385,1,8,6
2020-08-24,15277.238817768479,26.26104696368039,0,8,0
2020-08-25,14648.60521688049,25.45470235370675,0,8,1
2020-08-26,14744.684753954454,25.496478526940916,0,8,2
2020-08-27,14319.658192065448,25.004270739619727,0,8,3
2020-08-28,14568.293025543266,25.24337841048136,0,8,4
2020-08-29,13315.153252701972,24.12016664169757,1,8,5
2020-08-30,13380.923619272604,24.390023261175582,1,8,6
2020-08-31,14296.383208117491,24.647475909271094,0,8,0
2020-09-01,13680.813036404774,23.797050379299183,0,9,1
2020-09-02,13448.685292554072,23.490997105258028,0,9,2
2020-09-03,13769.666263720008,24.33222230099155,0,9,3
2020-09-04,13821.233054541117,24.016984084042182,0,9,4
2020-09-05,12617.046547391246,23.243941711843323,1,9,5
2020-09-06,12760.676007129461,23.090573225175348,1,9,6
2020-09-07,12603.343767493358,21.4489622236256,0,9,0
2020-09-08,12410.309345462783,20.866704369995016,0,9,1
2020-09-09,12628.004947496229,21.33989104025255,0,9,2
2020-09-10,12584.077808904389,21.463786514621862,0,9,3
2020-09-11,12540.85294305552,21.067233624098744,0,9,4
2020-09-12,11693.895602105551,21.212152008480082,1,9,5
2020-09-13,11801.50786056922,19.993258677567262,1,9,6
2020-09-14,12158.72793507066,20.550859529863448,0,9,0
2020-09-15,12142.27010851358,19.80323964906447,0,9,1
2020-09-16,12300.412134637814,19.295696463361168,0,9,2
2020-09-17,11998.251035707535,18.8478339482367,0,9,3
2020-09-18,11876.211579446834,18.353461538952946,0,9,4
2020-09-19,11607.448667725708,18.822746789530285,1,9,5
2020-09-20,11311.67603924723,18.844338106139464,1,9,6
2020-09-21,12096.653647651658,18.51918805862828,0,9,0
2020-09-22,11943.304505671249,17.360475497189412,0,9,1
2020-09-23,12131.006907082798,16.74895306520721,0,9,2
2020-09-24,12027.336101118393,16.908656732758562,0,9,3
2020-09-25,11837.417870296036,17.239033847144622,0,9,4
2020-09-26,11226.353149813132,17.55954104611432,1,9,5
2020-09-27,11239.574218682448,17.173151337876625,1,9,6
2020-09-28,11942.803747723121,15.833018508518842,0,9,0
2020-09-29,11853.003158442245,16.514273443614297,0,9,1
2020-09-30,11987.299404828102,14.854190781257953,0,9,2
2020-10-01,11842.228885859317,15.736994720232914,0,10,3
2020-10-02,11889.633278521345,15.776398421819984,0,10,4
2020-10-03,11212.16254107315,15.291926869473658,1,10,5
2020-10-04,11366.731045107046,15.444045273328213,1,10,6
2020-10-05,12411.523415106092,13.045425643253774,0,10,0
2020-10-06,12435.390361289576,13.228993663061411,0,10,1
2020-10-07,12344.974063543357,13.853194377499593,0,10,2
2020-10-08,12514.580819368632,12.821671051500497,0,10,3
2020-10-09,12345.630300629986,13.123083143281262,0,10,4
2020-10-10,11729.735569795232,13.400724664909484,1,10,5
2020-10-11,12163.215571990184,12.390281236567974,1,10,6
2020-10-12,13008.627527824217,11.853020623522674,0,10,0
2020-10-13,12461.908034200334,13.208335668692316,0,10,1
2020-10-14,13529.90711044484,10.946148563385918,0,10,2
2020-10-15,12816.135516431415,11.665844888357897,0,10,3
2020-10-16,13100.578871406184,11.332617243730148,0,10,4
2020-10-17,12788.557568594064,10.926703621270804,1,10,5
2020-10-18,12982.052778680649,10.528331665724062,1,10,6
2020-10-19,13707.54430115624,10.421267062166843,0,10,0
2020-10-20,13174.337264021766,11.129265542073819,0,10,1
2020-10-21,13523.310282764449,10.500895170129649,0,10,2
2020-10-22,13950.419928016883,9.94352765551004,0,10,3
2020-10-23,14411.869577379422,8.923654828653317,0,10,4
2020-10-24,13910.713640325515,8.80846313625864,1,10,5
2020-10-25,14146.793550606553,8.63070029565185,1,10,6
2020-10-26,14754.989983788786,8.6637123806334,0,10,0
2020-10-27,14916.994939400307,8.448908288622501,0,10,1
2020-10-28,14901.41680932481,8.389755199081742,0,10,2
2020-10-29,14897.117781880608,8.366230768448423,0,10,3
2020-10-30,15323.607994327083,7.937834629343044,0,10,4
2020-10-31,15397.769570273047,7.170466412873224,1,10,5
2020-11-01,14828.098861371904,7.911586788334049,1,11,6
2020-11-02,16247.776493587537,7.107110495899746,0,11,0
2020-11-03,15899.31717564591,7.115801797178161,0,11,1
2020-11-04,16317.626133730773,7.060026907558512,0,11,2
2020-11-05,16234.628474343685,6.846320578721048,0,11,3
2020-11-06,16659.099820486823,6.542056714686193,0,11,4
2020-11-07,15681.968678756597,6.8279321405837266,1,11,5
2020-11-08,17039.913987401964,5.430400833668666,1,11,6
2020-11-09,17424.536271391164,5.965661831894306,0,11,0
2020-11-10,17414.41525986327,5.757774559960548,0,11,1
2020-11-11,17332.22333269804,5.946307860105726,0,11,2
2020-11-12,18072.765733954435,5.273909832600725,0,11,3
2020-11-13,17296.215899255298,5.848924952807532,0,11,4
2020-11-14,18638.03361045728,4.04965479151286,1,11,5
2020-11-15,18089.887922029757,4.463267751386601,1,11,6
2020-11-16,18810.047501587407,4.517984620789252,0,11,0
2020-11-17,18555.44883757768,4.844697406570024,0,11,1
2020-11-18,18452.81312867779,4.853881240368306,0,11,2
2020-11-19,18746.29486843229,4.660847199693635,0,11,3
2020-11-20,19400.345461151515,3.9346269062954007,0,11,4
2020-11-21,18773.162600425927,4.18875013553489,1,11,5
2020-11-22,20068.715044163993,2.9166878855026237,1,11,6
2020-11-23,19980.64060246205,3.763676519647983,0,11,0
2020-11-24,19782.822689222176,3.9751182911803036,0,11,1
2020-11-25,20432.70720787871,3.1560084473319843,0,11,2
2020-11-26,20156.20189232217,3.6408452843199743,0,11,3
2020-11-27,20426.760872092906,3.514394957474322,0,11,4
2020-11-28,19547.10394143927,3.8031995145399944,1,11,5
2020-11-29,19698.518798265242,3.4220441356875555,1,11,6
2020-11-30,20786.254234818392,3.0293953260321245,0,11,0
2020-12-01,20199.49187419868,3.7842918855648997,0,12,1
2020-12-02,20134.853507727017,3.940388844961244,0,12,2
2020-12-03,21665.30419845018,2.675882009525609,0,12,3
2020-12-04,21669.402414966713,2.5872710100709,0,12,4
2020-12-05,20590.269335441237,3.1087351736064353,1,12,5
2020-12-06,20985.62557106413,2.7797108965767285,1,12,6
2020-12-07,22471.12566397297,1.7955702274332594,0,12,0
2020-12-08,21815.07806674957,2.7219791868130696,0,12,1
2020-12-09,21916.02972836499,2.504281738146839,0,12,2
2020-12-10,22157.9523964807,2.079712956145784,0,12,3
2020-12-11,22200.180813497118,2.520816504123258,0,12,4
2020-12-12,22395.699223897376,1.639958559261024,1,12,5
2020-12-13,21951.793069121082,2.1011368264496664,1,12,6
2020-12-14,22171.93039574433,2.764784589820317,0,12,0
2020-12-15,22874.465625141238,1.5249475589656365,0,12,1
2020-12-16,21924.0688130506,2.7698031979598245,0,12,2
2020-12-17,22770.44161149462,1.7400130830139877,0,12,3
2020-12-18,22881.642466216956,1.6142370806650048,0,12,4
2020-12-19,21958.464084048304,2.367303777163689,1,12,5
2020-12-20,20749.74001266452,3.9856058310328706,1,12,6
2020-12-21,22643.317085214745,2.6360641059818195,0,12,0
2020-12-22,23442.755486003836,1.5388632006670206,0,12,1
2020-12-23,22806.422358766707,2.347414095222112,0,12,2
2020-12-24,23667.488554497046,1.158419890994236,0,12,3
2020-12-25,23131.559903462014,2.0831077700409564,0,12,4
2020-12-26,22637.608345397923,2.282446665730789,1,12,5
2020-12-27,23090.32887217614,1.579887442121356,1,12,6
2020-12-28,22944.252911093863,2.302277067468499,0,12,0
2020-12-29,23074.899602774603,2.3408551448771626,0,12,1
2020-12-30,23627.553479751135,1.7811731567031195,0,12,2
2020-12-31,22630.687920573368,3.197946391449402,0,12,3
2021-01-01,22128.374829216176,3.565330418660937,0,1,4
2021-01-02,22953.199230182654,2.1508852004691366,1,1,5
2021-01-03,22851.02421669981,2.547019620638475,1,1,6
2021-01-04,23372.144805516426,1.870871371348328,0,1,0
2021-01-05,22773.101520902128,3.420315336023865,0,1,1
2021-01-06,23883.095888858687,1.8580370734524132,0,1,2
2021-01-07,23141.81095028025,3.0940452126472096,0,1,3
2021-01-08,22563.617829808758,3.696443776595237,0,1,4
2021-01-09,22365.043330643035,3.4420667136547594,1,1,5
2021-01-10,22705.7480278306,2.8657154770601725,1,1,6
2021-01-11,23560.669570111713,2.5879936288106595,0,1,0
2021-01-12,22889.336799902423,3.6321410230459006,0,1,1
2021-01-13,23003.25645212477,3.431286406627406,0,1,2
2021-01-14,22824.11819720941,3.7164133166809825,0,1,3
2021-01-15,22923.20570383251,3.582402379079779,0,1,4
2021-01-16,22878.908895870652,3.2335200541922027,1,1,5
2021-01-17,21744.87319568697,4.384842769522289,1,1,6
2021-01-18,22759.29606944133,3.820451170668177,0,1,0
2021-01-19,22424.456615874227,4.324478723436216,0,1,1
2021-01-20,22373.036930680642,4.6232435949495985,0,1,2
2021-01-21,22502.455822698666,4.79147856344649,0,1,3
2021-01-22,23505.097014082043,2.8477597711956375,0,1,4
2021-01-23,21468.46030049572,5.386521723280194,1,1,5
2021-01-24,21696.594988875546,4.954709676984654,1,1,6
2021-01-25,22385.197801872153,4.805080683691238,0,1,0
2021-01-26,21781.985569284407,5.482444465488964,0,1,1
2021-01-27,21414.993753848474,6.2347321663301365,0,1,2
2021-01-28,22664.245226195442,4.425065377028582,0,1,3
2021-01-29,21813.998219275305,5.783632556632963,0,1,4
2021-01-30,20878.142366120865,6.191302082599363,1,1,5
2021-01-31,20738.69759223382,6.306928651683241,1,1,6
2021-02-01,23035.8561247404,4.284514409551826,0,2,0
2021-02-02,21089.21072870866,6.913563157434016,0,2,1
2021-02-03,21593.906033656098,6.303160134760636,0,2,2
2021-02-04,21510.661372439547,6.2740957584089365,0,2,3
2021-02-05,21835.068630148828,6.174074263538014,0,2,4
2021-02-06,20320.725220265515,7.293218624197972,1,2,5
2021-02-07,20830.961943229984,6.8631322792862255,1,2,6
2021-02-08,20397.158698162628,7.9692223366882615,0,2,0
2021-02-09,21087.997864356952,6.9420247757579245,0,2,1
2021-02-10,20211.127846664203,8.688136424471914,0,2,2
2021-02-11,20115.49630420731,8.485422358351904,0,2,3
2021-02-12,20248.2536619595,8.567370362000425,0,2,4
2021-02-13,19673.494222766116,8.214462306970349,1,2,5
2021-02-14,18877.019470907693,9.469100070210294,1,2,6
2021-02-15,20171.395100332225,8.276045089659934,0,2,0
2021-02-16,19628.34753305901,9.510326392739923,0,2,1
2021-02-17,19327.714969467113,10.189253886862778,0,2,2
2021-02-18,19071.833685067224,10.259665609226825,0,2,3
2021-02-19,19155.200582827038,10.322982806850806,0,2,4
2021-02-20,18256.22513703951,10.78208593035805,1,2,5
2021-02-21,18473.11592370269,10.451517209625443,1,2,6
2021-02-22,18573.95080390894,11.079040371021643,0,2,0
2021-02-23,18491.517397441647,11.715249122720264,0,2,1
2021-02-24,18301.606242983526,11.735696718120062,0,2,2
2021-02-25,18326.626478134483,11.452862735428647,0,2,3
2021-02-26,18963.409299370516,10.661828434460096,0,2,4
2021-02-27,17333.12132975119,12.522819616912363,1,2,5
2021-02-28,17470.06278479881,12.706429891338422,1,2,6
2021-03-01,17921.249457319147,12.666595114352432,0,3,0
2021-03-02,17851.215008631763,13.14639843629597,0,3,1
2021-03-03,17580.195780726815,13.984287603979581,0,3,2
2021-03-04,17239.825443058802,13.934553327833518,0,3,3
2021-03-05,17526.618933044265,14.392236320368239,0,3,4
2021-03-06,16861.667964254288,13.731927072674784,1,3,5
2021-03-07,16628.703251507624,14.519370666066722,1,3,6
2021-03-08,17154.70739327979,14.29673915500922,0,3,0
2021-03-09,16760.155664323902,15.337497260640307,0,3,1
2021-03-10,16877.30073295954,15.620532808814588,0,3,2
2021-03-11,17011.258366132442,15.22655197449067,0,3,3
2021-03-12,16874.794187186355,16.10243513311345,0,3,4
2021-03-13,16376.010857927713,16.172947654108263,1,3,5
2021-03-14,16181.522466432552,16.451891893449503,1,3,6
2021-03-15,16604.91749504011,16.05231590350265,0,3,0
2021-03-16,16503.090599298055,16.8138479914037,0,3,1
2021-03-17,16413.49356797365,17.27903305232093,0,3,2
2021-03-18,16490.02730794415,16.693037084866905,0,3,3
2021-03-19,16425.25434494922,17.860801697350805,0,3,4
2021-03-20,15796.673643729695,17.73766037386519,1,3,5
2021-03-21,15937.287590299959,17.897608475436723,1,3,6
2021-03-22,16636.371438549173,18.76013770443764,0,3,0
2021-03-23,16526.663978182467,18.570624502199923,0,3,1
2021-03-24,16198.019461731892,18.85723614620376,0,3,2
2021-03-25,16455.720182292476,19.653585616121983,0,3,3
2021-03-26,16262.230107027231,19.51725080498247,0,3,4
2021-03-27,15713.558680670076,19.706890680634128,1,3,5
2021-03-28,15849.24534671366,20.084793604190406,1,3,6
2021-03-29,16411.235568616477,20.558638776596798,0,3,0
2021-03-30,16484.258849840866,20.512760930680333,0,3,1
2021-03-31,16248.680244547408,20.546247524807097,0,3,2
2021-04-01,16515.603283538872,22.11144137826823,0,4,3
2021-04-02,16349.454351146911,21.183189502706902,0,4,4
2021-04-03,16131.694369150538,22.84114678061482,1,4,5
2021-04-04,15837.97926297233,21.677500888223012,1,4,6
2021-04-05,16797.024305735977,22.43943198901979,0,4,0
2021-04-06,16634.452420362042,22.759689895480864,0,4,1
2021-04-07,16620.191459203546,23.070412191445453,0,4,2
2021-04-08,16756.117620392815,23.854608410041195,0,4,3
2021-04-09,16569.255487022525,23.440630540253604,0,4,4
2021-04-10,15847.983852521951,22.596128369527673,1,4,5
2021-04-11,16575.03025940545,24.59349321751554,1,4,6
2021-04-12,16896.212587293867,23.799209193479502,0,4,0
2021-04-13,16901.727820114473,24.031159224583433,0,4,1
2021-04-14,17055.15128328992,24.739525655578884,0,4,2
2021-04-15,17160.312896687465,24.818881307739087,0,4,3
2021-04-16,17063.36174810758,25.049778785111414,0,4,4
2021-04-17,16710.763442446543,25.713566912202882,1,4,5
2021-04-18,16410.706902869042,24.769545271250678,1,4,6
2021-04-19,18007.941195900912,26.752402047169028,0,4,0
2021-04-20,17533.787901772328,26.12583102459071,0,4,1
2021-04-21,18149.94937913048,26.79792238175807,0,4,2
2021-04-22,17656.06336981586,26.174362557950932,0,4,3
2021-04-23,18223.454049203305,27.418266148555205,0,4,4
2021-04-24,17352.024146657568,26.712033003580952,1,4,5
2021-04-25,17945.78772731381,27.841494209513964,1,4,6
2021-04-26,18534.075652112664,27.799719064188675,0,4,0
2021-04-27,18090.49609997014,27.34143649979535,0,4,1
2021-04-28,18921.846276784334,28.44450385172406,0,4,2
2021-04-29,19355.249712177407,28.814069154422267,0,4,3
2021-04-30,19860.858015070735,29.714628186923132,0,4,4
2021-05-01,18296.31485824281,28.688763967277808,1,5,5
2021-05-02,18969.722621878755,29.46313157469039,1,5,6
2021-05-03,19770.714703443587,29.992910774803118,0,5,0
2021-05-04,19872.28137946455,30.024033889956524,0,5,1
2021-05-05,19629.40610530684,29.645921440702555,0,5,2
2021-05-06,20434.82092985018,30.750401618124314,0,5,3
2021-05-07,19784.32035013434,30.109979002633107,0,5,4
2021-05-08,19620.28889954831,30.629538194904296,1,5,5
2021-05-09,20052.733747041497,31.02416162767639,1,5,6
2021-05-10,20275.633203663623,30.39060371859405,0,5,0
2021-05-11,20670.40446321383,30.925807115593184,0,5,1
2021-05-12,21150.61682546521,31.86071519887773,0,5,2
2021-05-13,20281.660337299818,30.691256004193146,0,5,3
2021-05-14,21160.218126807336,31.886430506081357,0,5,4
2021-05-15,19755.77480078352,31.04304000608987,1,5,5
2021-05-16,20406.75858622039,31.601383528087897,1,5,6
2021-05-17,22480.162149172626,33.18773646045123,0,5,0
2021-05-18,21014.262077404233,31.657694459587685,0,5,1
2021-05-19,21568.13841028536,32.54043831646604,0,5,2
2021-05-20,22060.884186959167,32.89395859342491,0,5,3
2021-05-21,22013.935510098338,32.96626975884252,0,5,4
2021-05-22,21517.404256513873,32.84982038654798,1,5,5
2021-05-23,21204.389759744303,32.56222492211404,1,5,6
2021-05-24,22625.364234978853,33.7215126772164,0,5,0
2021-05-25,22415.61501408691,33.428718248946126,0,5,1
2021-05-26,21782.19803707048,32.97546923861801,0,5,2
2021-05-27,21558.012912995433,32.483931275820474,0,5,3
2021-05-28,22283.176276298662,33.53025637685023,0,5,4
2021-05-29,22326.07039551338,34.05090726047046,1,5,5
2021-05-30,22701.093743503607,34.69814844747837,1,5,6
2021-05-31,22541.417563375824,34.00072957202714,0,5,0
2021-06-01,22704.540428742603,34.02079488967206,0,6,1
2021-06-02,22713.917397045192,34.26561040038845,0,6,2
2021-06-03,22245.531890127666,33.85252124607746,0,6,3
2021-06-04,21980.741615519422,33.35540817908661,0,6,4
2021-06-05,22697.367656804287,34.19301526783006,1,6,5
2021-06-06,22492.614586865253,34.645285117817586,1,6,6
2021-06-07,22986.289378572197,34.364249413583835,0,6,0
2021-06-08,22803.00482225962,34.3251235876244,0,6,1
2021-06-09,23394.279771657213,35.11917665038769,0,6,2
2021-06-10,23490.948238507597,35.281894644750295,0,6,3
2021-06-11,23459.231123446025,35.13595974180138,0,6,4
2021-06-12,22927.05779940085,34.70424892969229,1,6,5
2021-06-13,23323.162537983604,35.14755961160832,1,6,6
2021-06-14,22811.036939799338,34.16011794870325,0,6,0
2021-06-15,22807.40663626303,34.485851897964956,0,6,1
2021-06-16,23692.082310557627,35.37652083963565,0,6,2
2021-06-17,23869.25693767331,35.316828048153596,0,6,3
2021-06-18,23749.10913366279,35.59314357780695,0,6,4
2021-06-19,23541.219214536875,35.62988718899324,1,6,5
2021-06-20,22495.80668339387,34.55629760925297,1,6,6
2021-06-21,23330.138341068185,35.03817669985691,0,6,0
2021-06-22,23094.423477267275,34.485164599703815,0,6,1
2021-06-23,23596.470734064158,35.11518146280339,0,6,2
2021-06-24,23698.12190454153,35.32842283936205,0,6,3
2021-06-25,23708.774564136213,35.43730034460888,0,6,4
2021-06-26,22922.531636804433,34.844088701400494,1,6,5
2021-06-27,23374.182597254327,35.554879354135004,1,6,6
2021-06-28,23658.318851986172,35.38236895418269,0,6,0
2021-06-29,22600.391559533862,34.28496710898579,0,6,1
2021-06-30,24398.816474804033,36.58876413039364,0,6,2
2021-07-01,22129.091058871767,33.42950860051263,0,7,3
2021-07-02,23449.269144233258,34.93420852160264,0,7,4
2021-07-03,23073.719860504687,35.30312403019749,1,7,5
2021-07-04,22525.096805596713,34.40718889060465,1,7,6
2021-07-05,22561.718873552774,34.05733780971235,0,7,0
2021-07-06,23081.488544187905,34.630255003471206,0,7,1
2021-07-07,22875.8821648866,34.3961096149389,0,7,2
2021-07-08,22286.39139633457,33.80174643445426,0,7,3
2021-07-09,22924.19803293909,34.67269038239757,0,7,4
2021-07-10,22247.343834761326,34.68402137720255,1,7,5
2021-07-11,22190.40271975298,34.082791899353786,1,7,6
2021-07-12,22458.63848322922,33.91273332782923,0,7,0
2021-07-13,22087.54639183737,33.66025254521798,0,7,1
2021-07-14,22551.498253357684,34.04210689803312,0,7,2
2021-07-15,21702.35163943132,33.304774737829554,0,7,3
2021-07-16,21485.998399781183,32.99044557815617,0,7,4
2021-07-17,22253.98983016897,34.337411153008134,1,7,5
2021-07-18,20001.703314698043,32.00490039372921,1,7,6
2021-07-19,22064.57955691309,33.54771206200609,0,7,0
2021-07-20,21468.52604458662,32.99343967293653,0,7,1
2021-07-21,21422.632792235036,33.045094432578445,0,7,2
2021-07-22,22240.165691959948,34.02455432927035,0,7,3
2021-07-23,20915.84525027478,32.68073536438036,0,7,4
2021-07-24,19959.07660155716,31.807722729551273,1,7,5
2021-07-25,20498.96577970504,32.68873139695122,1,7,6
2021-07-26,20046.5446260227,31.618709769244276,0,7,0
2021-07-27,20379.69570227227,31.83638904326502,0,7,1
2021-07-28,20612.13316343108,32.06707086031165,0,7,2
2021-07-29,20090.98843199088,31.624235455735064,0,7,3
2021-07-30,20399.403389227387,31.827179185969328,0,7,4
2021-07-31,18387.596097245583,30.440912920675913,1,7,5
2021-08-01,19024.57797821795,31.134238118798038,1,8,6
2021-08-02,19090.72639425866,30.503466242152427,0,8,0
2021-08-03,19343.41220907125,30.873345509841588,0,8,1
2021-08-04,19506.882112177558,31.096003921148505,0,8,2
2021-08-05,18676.03014283541,30.18400192985938,0,8,3
2021-08-06,18184.06343198207,29.755367590983806,0,8,4
2021-08-07,16896.595569485133,28.802726920120946,1,8,5
2021-08-08,17249.604032484836,29.049844167645997,1,8,6
2021-08-09,17926.816165896347,29.23328964973413,0,8,0
2021-08-10,18340.044325904844,29.678966336005086,0,8,1
2021-08-11,17245.95180371213,28.666985788623986,0,8,2
2021-08-12,16828.495277634276,28.244344917055113,0,8,3
2021-08-13,17000.785874304565,28.50330263930204,0,8,4
2021-08-14,16296.415899157364,28.287712920666042,1,8,5
2021-08-15,16157.091449402746,28.28226232276474,1,8,6
2021-08-16,16519.396455671376,27.86316018312007,0,8,0
2021-08-17,16470.082605539985,27.822235473862744,0,8,1
2021-08-18,15901.427225952275,26.77844424907875,0,8,2
2021-08-19,16066.960662614489,27.439362483287766,0,8,3
2021-08-20,16145.753936811276,27.093672891774826,0,8,4
2021-08-21,15436.4840603026,27.277155621938856,1,8,5
2021-08-22,15362.249192268353,27.020296906595522,1,8,6
2021-08-23,15085.725756990696,25.8088040533969,0,8,0
2021-08-24,14942.6208780804,25.299455360253475,0,8,1
2021-08-25,14705.002990851555,25.064870814707266,0,8,2
2021-08-26,14213.012336139405,24.33859613698674,0,8,3
2021-08-27,14638.033247199191,25.119783759621566,0,8,4
2021-08-28,13849.82807246902,24.727017534120392,1,8,5
2021-08-29,13651.685495755528,24.059207174656027,1,8,6
2021-08-30,14233.86688261677,24.230486295589856,0,8,0
2021-08-31,13904.716621414109,24.170763534902346,0,8,1
2021-09-01,13706.22028332194,23.37712676980713,0,9,2
2021-09-02,13217.61730471003,22.226052454316783,0,9,3
2021-09-03,13670.502781064197,23.491156120396415,0,9,4
2021-09-04,12879.359935918328,22.957484265551134,1,9,5
2021-09-05,12607.171058414839,22.425966620919286,1,9,6
2021-09-06,13266.608498017938,22.361154519280973,0,9,0
2021-09-07,12769.619486335716,21.72280490594768,0,9,1
2021-09-08,13053.971485485905,22.26871592260562,0,9,2
2021-09-09,12935.12334996319,22.436943759342352,0,9,3
2021-09-10,12979.0598045471,20.887768882569834,0,9,4
2021-09-11,12008.267641111786,20.22101709745483,1,9,5
2021-09-12,12103.68094921436,21.30998808197754,1,9,6
2021-09-13,12490.392556160137,21.198215199731155,0,9,0
2021-09-14,12340.291329405989,19.953438175827014,0,9,1
2021-09-15,12531.946924704993,20.267557905603702,0,9,2
2021-09-16,12528.353127689004,19.5453403652442,0,9,3
2021-09-17,12361.942605945287,19.348295899135504,0,9,4
2021-09-18,11423.390534708995,19.137589730149823,1,9,5
2021-09-19,11560.878664951771,17.72194049077433,1,9,6
2021-09-20,12177.745654699285,19.108102319579675,0,9,0
2021-09-21,11872.275771412575,18.11998758175814,0,9,1
2021-09-22,12112.72954291824,18.7312359802859,0,9,2
2021-09-23,12091.934101645153,17.40987128344609,0,9,3
2021-09-24,11990.961035177665,17.731965097403048,0,9,4
2021-09-25,11466.304431055754,17.50491911977474,1,9,5
2021-09-26,11500.586215924399,17.148690130461354,1,9,6
2021-09-27,11995.847631384082,16.286778890485856,0,9,0
2021-09-28,12014.94715640447,16.380246694168427,0,9,1
2021-09-29,11993.312059848542,16.58561384458537,0,9,2
2021-09-30,12008.384792213235,15.448436431997008,0,9,3
2021-10-01,12159.101732108533,14.679497880780005,0,10,4
2021-10-02,11311.336701639613,15.368011498455964,1,10,5
2021-10-03,11666.587083071661,14.733730958064555,1,10,6
2021-10-04,11986.820447650998,15.264177801004292,0,10,0
2021-10-05,12247.44997234465,14.297987425304592,0,10,1
2021-10-06,12284.994824863243,13.746386023396356,0,10,2
2021-10-07,12444.18841749232,14.202611828196153,0,10,3
2021-10-08,12437.800290225154,13.618180687430167,0,10,4
2021-10-09,11672.146736734258,13.914536585975517,1,10,5
2021-10-10,11914.625817124166,13.18336484354132,1,10,6
2021-10-11,12693.127234410438,12.811985505719237,0,10,0
2021-10-12,12542.932792998954,12.90665027046672,0,10,1
2021-10-13,12710.748227820271,12.227115043824151,0,10,2
2021-10-14,12994.943182398069,11.66063116549951,0,10,3
2021-10-15,13048.29951147138,11.449448061035424,0,10,4
2021-10-16,12754.72897128494,11.095536556648014,1,10,5
2021-10-17,12018.725859716265,12.240932847129182,1,10,6
2021-10-18,12685.65827337005,12.91186711497408,0,10,0
2021-10-19,13631.885722764275,10.54990756267902,0,10,1
2021-10-20,13619.446182925618,10.666341312409484,0,10,2
2021-10-21,13920.405613280214,10.309554847262195,0,10,3
2021-10-22,14015.353453899197,9.898459762325443,0,10,4
2021-10-23,13669.54562193965,9.402394494521632,1,10,5
2021-10-24,13487.295127844603,9.70572696868546,1,10,6
2021-10-25,15007.476360913104,8.429752079140039,0,10,0
2021-10-26,14270.809328751811,9.413609171396653,0,10,1
2021-10-27,14262.46002502412,9.377207297526107,0,10,2
2021-10-28,14403.990086253478,9.312176834746332,0,10,3
2021-10-29,15028.438075683493,8.705513422665899,0,10,4
2021-10-30,15320.184474338152,7.210718928863283,1,10,5
2021-10-31,15189.850857719577,7.577336993945558,1,10,6
2021-11-01,16055.060518960237,7.734794534336604,0,11,0
2021-11-02,15729.49114016801,7.797868812227062,0,11,1
2021-11-03,16423.974110025898,6.872717085321142,0,11,2
2021-11-04,16302.141054329322,7.163703867267931,0,11,3
2021-11-05,16193.520140049272,7.1662337293035785,0,11,4
2021-11-06,16376.814383227304,6.246441051568361,1,11,5
2021-11-07,15965.676187542645,6.7110746827756715,1,11,6
2021-11-08,17735.71893657485,5.601260992685883,0,11,0
2021-11-09,17648.076413689934,5.853442425174161,0,11,1
2021-11-10,17835.858245234853,5.621091944884255,0,11,2
2021-11-11,17563.101576040677,5.720412569830233,0,11,3
2021-11-12,18105.268164259083,5.359504039130439,0,11,4
2021-11-13,17761.000358111123,4.7796245864033144,1,11,5
2021-11-14,16783.402555620294,5.952232050085011,1,11,6
2021-11-15,18754.448957078635,4.855387841151499,0,11,0
2021-11-16,18495.322535739946,4.891301071499863,0,11,1
2021-11-17,19062.20421342308,4.228624813555608,0,11,2
2021-11-18,19667.67761126151,3.7745683250921918,0,11,3
2021-11-19,18734.689852621315,4.836789315455042,0,11,4
2021-11-20,18091.216345223893,5.104118611775372,1,11,5
2021-11-21,18549.68670906304,4.544509723168723,1,11,6
2021-11-22,20455.57128887866,2.9801540801285165,0,11,0
2021-11-23,19706.411432771176,3.941439901808801,0,11,1
2021-11-24,19957.747915464886,3.896661826056881,0,11,2
2021-11-25,20795.403279300754,2.9770471366439906,0,11,3
2021-11-26,20428.870498686,3.3714461713145525,0,11,4
2021-11-27,20425.92990074105,3.0256951978116113,1,11,5
2021-11-28,20756.73318363202,2.6088262111420994,1,11,6
2021-11-29,21047.89304125146,2.8762495648932034,0,11,0
2021-11-30,21508.616780809716,2.278800834629093,0,11,1
2021-12-01,21277.740520751304,2.822238838400272,0,12,2
2021-12-02,20532.395355302764,3.5708230939529737,0,12,3
2021-12-03,21809.11881059314,2.190837858264059,0,12,4
2021-12-04,21621.801038690992,2.190343597404595,1,12,5
2021-12-05,21704.790009110537,2.107611055402066,1,12,6
2021-12-06,22120.524791959015,2.2343809140612363,0,12,0
2021-12-07,22423.57219929464,1.947532729705524,0,12,1
2021-12-08,22185.47251777946,2.2595574693504274,0,12,2
2021-12-09,21527.36772978974,2.7561718519234577,0,12,3
2021-12-10,21583.74847110127,3.0541835885252717,0,12,4
2021-12-11,21751.7565365639,2.017262226330148,1,12,5
2021-12-12,22708.31346549664,1.599850513340774,1,12,6
2021-12-13,23006.98950673915,1.5207548771465087,0,12,0
2021-12-14,21905.138759084253,2.6250527936822032,0,12,1
2021-12-15,22691.212944869043,1.5719640301778466,0,12,2
2021-12-16,22583.6299481231,2.2269605685162803,0,12,3
2021-12-17,22868.221545879616,1.9697495527896443,0,12,4
2021-12-18,21906.679534016333,2.6435056348812735,1,12,5
2021-12-19,22602.275645682876,2.042819050328466,1,12,6
2021-12-20,23087.867328642318,1.9278056832682742,0,12,0
2021-12-21,23037.555755559544,1.5720395530210591,0,12,1
2021-12-22,23451.737034863672,1.7288298164625824,0,12,2
2021-12-23,23394.66565253078,1.914973094502239,0,12,3
2021-12-24,23224.54917092616,1.7694061329995965,0,12,4
2021-12-25,22498.605464164953,2.50503532370098,1,12,5
2021-12-26,24084.066215337032,0.4513781770220849,1,12,6
2021-12-27,23299.92472640538,2.0582897522209085,0,12,0
2021-12-28,23382.878935692468,2.0476859378195553,0,12,1
2021-12-29,22837.562980990668,2.5217770206643095,0,12,2
2021-12-30,23642.101624414336,2.011418525260162,0,12,3
2021-12-31,23026.96152169106,2.229823599266985,0,12,4
2022-01-01,22841.324845788808,2.236682958744487,1,1,5
2022-01-02,23653.252228126377,1.8083723693107314,1,1,6
2022-01-03,23127.781288202987,2.155917336624507,0,1,0
2022-01-04,23448.618702413547,2.3639157839694893,0,1,1
2022-01-05,23838.84565292858,1.808376142593669,0,1,2
2022-01-06,23372.667169349126,2.4156153086382868,0,1,3
2022-01-07,23373.9542044793,2.56437250080748,0,1,4
2022-01-08,22919.767497138742,2.5194454353188056,1,1,5
2022-01-09,22968.681250398324,2.5795709028859752,1,1,6
2022-01-10,23543.982093558352,2.2053328023992074,0,1,0
2022-01-11,23143.890285108962,3.128994673760733,0,1,1
2022-01-12,24045.19761825779,2.042268454929539,0,1,2
2022-01-13,23068.30399333577,3.2396828684483574,0,1,3
2022-01-14,23448.895920887066,3.1313256303198056,0,1,4
2022-01-15,22754.567423088683,3.216500672303274,1,1,5
2022-01-16,23070.68603307341,3.2109816046994966,1,1,6
2022-01-17,22711.76265913043,4.068472185708745,0,1,0
2022-01-18,22680.74720953248,4.037421245082191,0,1,1
2022-01-19,22353.110679403424,4.7838588414129335,0,1,2
2022-01-20,22684.014600642797,4.631630786299315,0,1,3
2022-01-21,22553.73847022803,4.338913120018783,0,1,4
2022-01-22,21935.724728996527,4.804632586069272,1,1,5
2022-01-23,22296.91599310854,4.123248099731461,1,1,6
2022-01-24,22336.241588831017,5.037610575906209,0,1,0
2022-01-25,22364.337739019848,5.168105596687917,0,1,1
2022-01-26,22558.996640954403,4.859821914735653,0,1,2
2022-01-27,22925.793406199005,4.1416586786371035,0,1,3
2022-01-28,21242.27480595749,6.408106047852442,0,1,4
2022-01-29,21379.61368848602,5.880256721807066,1,1,5
2022-01-30,21542.263594346707,5.234021189689245,1,1,6
2022-01-31,21620.81737058795,6.312471440885457,0,1,0
2022-02-01,21477.287782260322,6.434357698467328,0,2,1
2022-02-02,21758.834384389713,6.152359920930664,0,2,2
2022-02-03,20658.07100264735,7.744306485373172,0,2,3
2022-02-04,21750.04058064874,6.338279255737887,0,2,4
2022-02-05,21063.522920959687,6.305064454089748,1,2,5
2022-02-06,20477.469645916513,7.334141604903857,1,2,6
2022-02-07,21087.296146110148,7.150042652361701,0,2,0
2022-02-08,20508.608620405128,7.9257268509403085,0,2,1
2022-02-09,20418.09927262396,8.202076704407547,0,2,2
2022-02-10,20340.99647316838,8.47310807620373,0,2,3
2022-02-11,20600.43240404071,7.979052148565951,0,2,4
2022-02-12,19425.038705097486,8.856694509192748,1,2,5
2022-02-13,19579.421983564727,8.810935761834388,1,2,6
2022-02-14,19861.299259645693,9.280002867558213,0,2,0
2022-02-15,19752.80696716759,9.47955453659369,0,2,1
2022-02-16,19677.98251237656,9.231351251676099,0,2,2
2022-02-17,19669.31965109083,9.788080459462817,0,2,3
2022-02-18,19604.971445061197,9.476414673291126,0,2,4
2022-02-19,18630.234059380036,10.269999035906695,1,2,5
2022-02-20,19048.87365076466,9.762509718653822,1,2,6
2022-02-21,19174.556702194084,10.025181359083069,0,2,0
2022-02-22,18951.038231048777,11.175450961605874,0,2,1
2022-02-23,18921.57150571851,11.008415696983475,0,2,2
2022-02-24,18500.735216352903,11.453986715893118,0,2,3
2022-02-25,18713.595490996657,11.228487626476976,0,2,4
2022-02-26,17646.262667175582,12.705074501209486,1,2,5
2022-02-27,17326.838719855597,12.46851105922365,1,2,6
2022-02-28,18272.192818130894,12.342104235314908,0,2,0
2022-03-01,17672.016424235168,13.447541290353477,0,3,1
2022-03-02,17793.30926550608,12.960240311939216,0,3,2
2022-03-03,17820.989869623158,13.556429861465844,0,3,3
2022-03-04,17752.74343026419,13.031567638756052,0,3,4
2022-03-05,17146.192859491504,13.514753415931871,1,3,5
2022-03-06,16615.533878853454,14.591368201423043,1,3,6
2022-03-07,17381.639777347165,14.282117210962616,0,3,0
2022-03-08,17044.717532070074,14.515177727562053,0,3,1
2022-03-09,17009.10542744193,15.184221139698606,0,3,2
2022-03-10,17013.250497293233,15.531034868046595,0,3,3
2022-03-11,16946.27425256855,15.290611990083589,0,3,4
2022-03-12,16387.486352346274,15.067611256852745,1,3,5
2022-03-13,16295.12972499188,16.37387196165969,1,3,6
2022-03-14,16680.189454158255,16.54559581400115,0,3,0
2022-03-15,16739.552156939324,17.17609959427779,0,3,1
2022-03-16,16798.097878969962,16.61812667232871,0,3,2
2022-03-17,16681.37123450966,16.793418720272232,0,3,3
2022-03-18,16690.29376009034,17.253721182039204,0,3,4
2022-03-19,16065.421559335888,17.99185048950744,1,3,5
2022-03-20,16160.369952892455,17.209034591639625,1,3,6
2022-03-21,16708.816765260708,17.92598282674094,0,3,0
2022-03-22,16417.07986443348,18.53919814769922,0,3,1
2022-03-23,16456.7105513619,18.35656134372061,0,3,2
2022-03-24,16514.306452518427,18.727766727772618,0,3,3
2022-03-25,16235.529705639545,19.38991872670405,0,3,4
2022-03-26,15872.036414300526,19.91589990255365,1,3,5
2022-03-27,15822.639178529556,20.164238101276116,1,3,6
2022-03-28,16439.345133760908,19.653317615118436,0,3,0
2022-03-29,16383.423639148446,20.696913400472233,0,3,1
2022-03-30,16584.452297742417,20.548259122881788,0,3,2
2022-03-31,16468.103113813962,21.37988509507046,0,3,3
2022-04-01,16593.069798126842,21.0915567600537,0,4,4
2022-04-02,15787.148344151756,21.144134215675574,1,4,5
2022-04-03,15964.840384149304,21.46328084124892,1,4,6
2022-04-04,16507.538233480507,22.388321405677488,0,4,0
2022-04-05,16778.452461025157,22.82359752774722,0,4,1
2022-04-06,16956.538754267007,23.06210869704672,0,4,2
2022-04-07,16542.159903352323,22.962993636262894,0,4,3
2022-04-08,16654.083298953647,23.062385269565173,0,4,4
2022-04-09,16206.111633169197,23.57716400771848,1,4,5
2022-04-10,16395.33879347392,23.771448240284943,1,4,6
2022-04-11,17211.823850981444,24.242379536284208,0,4,0
2022-04-12,17343.86247329913,24.860435883569817,0,4,1
2022-04-13,16948.68466069124,23.800360725299125,0,4,2
2022-04-14,17201.07823150867,25.18779030887345,0,4,3
2022-04-15,17632.445418427294,25.537015100587002,0,4,4
2022-04-16,16742.365992838746,24.9640476771994,1,4,5
2022-04-17,16274.85531417945,24.54406842126873,1,4,6
2022-04-18,18156.30695302784,26.67082112997906,0,4,0
2022-04-19,17485.73851949772,25.749012753901667,0,4,1
2022-04-20,17746.974689822262,26.038542927581332,0,4,2
2022-04-21,18332.128159968943,27.18721115588406,0,4,3
2022-04-22,17579.947989604665,26.08003228896843,0,4,4
2022-04-23,17764.861973541203,27.23470554182538,1,4,5
2022-04-24,16903.94996454184,26.03200978142821,1,4,6
2022-04-25,18298.992871868013,27.294675051604774,0,4,0
2022-04-26,19047.583031513932,28.7037479765438,0,4,1
2022-04-27,18170.297338774046,27.367187490005644,0,4,2
2022-04-28,19109.54565997398,28.6456516676588,0,4,3
2022-04-29,18430.591155824786,27.456652721091544,0,4,4
2022-04-30,18233.339138159827,28.357704386756705,1,4,5
2022-05-01,18132.19071509913,28.286081976929847,1,5,6
2022-05-02,19079.108003236663,28.972441485459594,0,5,0
2022-05-03,18761.423256985163,28.721727758863732,0,5,1
2022-05-04,19762.326299507535,29.703966802153957,0,5,2
2022-05-05,19000.9872448868,28.93162327245298,0,5,3
2022-05-06,19786.41823108956,29.906865422648988,0,5,4
2022-05-07,18992.873533089813,29.73187889011226,1,5,5
2022-05-08,19636.416348848736,30.448531184763095,1,5,6
2022-05-09,20919.239956878384,31.402340814652998,0,5,0
2022-05-10,20858.914960632454,31.066473346780793,0,5,1
2022-05-11,20362.006597281867,30.758154029272777,0,5,2
2022-05-12,20658.095314729602,31.03466288252096,0,5,3
2022-05-13,21507.541183920504,31.98171455706195,0,5,4
2022-05-14,20907.2002955526,32.063877804220404,1,5,5
2022-05-15,20401.31472686395,31.452754266443822,1,5,6
2022-05-16,21361.466231021423,31.80227431938542,0,5,0
2022-05-17,20568.150122451912,31.22244854509349,0,5,1
2022-05-18,22092.359246491877,32.64186952064591,0,5,2
2022-05-19,20741.866295861317,31.294496114170034,0,5,3
2022-05-20,21948.108119554414,32.6400531597929,0,5,4
2022-05-21,21304.40075178374,32.681016047359314,1,5,5
2022-05-22,21724.84296079578,33.0545339905583,1,5,6
2022-05-23,22648.503030403346,33.62292107154993,0,5,0
2022-05-24,22889.206992917872,34.09644651983907,0,5,1
2022-05-25,21540.49597441642,32.380245109787715,0,5,2
2022-05-26,22894.64829111185,34.05977796469212,0,5,3
2022-05-27,22469.77100591357,33.61381311188239,0,5,4
2022-05-28,22071.59121142216,33.76551704745263,1,5,5
2022-05-29,21394.689708764054,32.96052361202555,1,5,6
2022-05-30,23741.241259278264,35.158968690614,0,5,0
2022-05-31,22038.308474724425,33.13475488129544,0,5,1
2022-06-01,23155.270753554243,34.364638865089155,0,6,2
2022-06-02,23129.92674571417,34.39077515753281,0,6,3
2022-06-03,23310.111420605823,34.55943256442017,0,6,4
2022-06-04,22512.041405317254,34.73542418415927,1,6,5
2022-06-05,22524.912319317697,34.380738325605165,1,6,6
2022-06-06,23166.164551053593,35.04653860562198,0,6,0
2022-06-07,23503.892865339574,34.89980693865536,0,6,1
2022-06-08,22985.597372979286,34.54496555346815,0,6,2
2022-06-09,24066.02616523002,35.84174341519511,0,6,3
2022-06-10,22864.646524117143,34.34898055122141,0,6,4
2022-06-11,22316.284916362452,34.34767850152362,1,6,5
2022-06-12,22987.85184637229,34.697662850559105,1,6,6
2022-06-13,23281.334189883153,34.58061200064902,0,6,0
2022-06-14,23656.591433472862,34.85305878403337,0,6,1
2022-06-15,22700.652056418327,34.27203436868652,0,6,2
2022-06-16,23258.662456106602,34.83394001089361,0,6,3
2022-06-17,22992.332117554368,34.378004121237524,0,6,4
2022-06-18,24178.150262178267,36.65848567703151,1,6,5
2022-06-19,23193.407426700807,34.844209602635566,1,6,6
2022-06-20,23929.246563710545,35.4036788114601,0,6,0
2022-06-21,23100.44010185922,35.114345089616656,0,6,1
2022-06-22,23340.998943926985,35.23249954328708,0,6,2
2022-06-23,23427.361527065455,34.8663145654077,0,6,3
2022-06-24,23533.022629858508,34.96716523879915,0,6,4
2022-06-25,22921.69344694891,35.34844794704841,1,6,5
2022-06-26,23068.317959720935,34.95008772622324,1,6,6
2022-06-27,23604.439650064927,35.12544311077007,0,6,0
2022-06-28,23306.742273228254,34.63426199862319,0,6,1
2022-06-29,23734.529792006488,35.109794785591426,0,6,2
2022-06-30,22593.029458740028,34.208221973316604,0,6,3
2022-07-01,22816.01843207069,34.242789703317975,0,7,4
2022-07-02,22938.430358800488,34.80800235186266,1,7,5
2022-07-03,23100.152030806556,34.879375024998254,1,7,6
2022-07-04,23053.989026207328,34.41508414674065,0,7,0
2022-07-05,22613.21077151754,34.13459426379541,0,7,1
2022-07-06,22539.662634314693,33.94864203060984,0,7,2
2022-07-07,22953.52121807809,34.482757936106275,0,7,3
2022-07-08,23301.623381327754,34.56374565249652,0,7,4
2022-07-09,21324.956009979873,33.47055836997803,1,7,5
2022-07-10,22579.0092934071,34.69385833083985,1,7,6
2022-07-11,24050.155648051645,35.543025974988744,0,7,0
2022-07-12,22912.15219882422,34.31024099037223,0,7,1
2022-07-13,22628.401210222524,33.774523559400045,0,7,2
2022-07-14,22468.534572419452,33.76490383050642,0,7,3
2022-07-15,22675.13096990729,33.94412125426502,0,7,4
2022-07-16,21899.241800000036,33.74572797153298,1,7,5
2022-07-17,21727.543760103013,33.64049698500951,1,7,6
2022-07-18,22165.436949703202,33.69459881848237,0,7,0
2022-07-19,22967.793841691906,34.24369414346911,0,7,1
2022-07-20,22517.760363729674,33.975541800242794,0,7,2
2022-07-21,20730.245375437706,32.27168007832186,0,7,3
2022-07-22,21434.398228347778,32.9519773524598,0,7,4
2022-07-23,21543.043886704745,33.56175180161785,1,7,5
2022-07-24,20407.90384659809,32.52890636782265,1,7,6
2022-07-25,21708.339673343686,33.04420605165549,0,7,0
2022-07-26,21192.653238346145,32.6399295908066,0,7,1
2022-07-27,20468.687616320833,31.976593113800345,0,7,2
2022-07-28,20653.189180086403,32.08524675458938,0,7,3
2022-07-29,19861.80603965125,31.33126732976824,0,7,4
2022-07-30,19835.360972530234,31.87988001042437,1,7,5
2022-07-31,19079.438775708717,31.059252472359635,1,7,6
2022-08-01,19798.451557649103,30.822892020602108,0,8,0
2022-08-02,19827.14775828311,31.18971406040409,0,8,1
2022-08-03,19272.563960238276,30.71584046491617,0,8,2
2022-08-04,18593.385544371555,29.891306164089546,0,8,3
2022-08-05,18600.822980577705,29.855589084648503,0,8,4
2022-08-06,17851.44829290707,29.61449071508802,1,8,5
2022-08-07,18337.532147938407,30.47889651083304,1,8,6
2022-08-08,17843.600625454867,29.32220713474968,0,8,0
2022-08-09,18176.77927294353,29.51009969944703,0,8,1
2022-08-10,17458.110237198245,28.69232661348758,0,8,2
2022-08-11,18129.037415356328,29.696846288309242,0,8,3
2022-08-12,17999.128315815447,29.561842093847464,0,8,4
2022-08-13,17464.511002885625,29.682028294154648,1,8,5
2022-08-14,17074.719113587857,29.19710280276666,1,8,6
2022-08-15,16990.146088952195,28.201260328073733,0,8,0
2022-08-16,17073.2667592432,28.474963948833334,0,8,1
2022-08-17,16215.05497551412,27.435539574886374,0,8,2
2022-08-18,16715.32544065981,27.711086113001063,0,8,3
2022-08-19,16581.20214616516,27.615347473032756,0,8,4
2022-08-20,15659.864928068373,27.30391489521205,1,8,5
2022-08-21,15179.37671155649,26.444156325960705,1,8,6
2022-08-22,16228.009632553325,26.925354116395212,0,8,0
2022-08-23,15543.641729364885,26.212615168620562,0,8,1
2022-08-24,15129.70486790682,25.817768784704526,0,8,2
2022-08-25,14820.38117780201,25.392987760295288,0,8,3
2022-08-26,14559.79060427926,24.99457498331114,0,8,4
2022-08-27,14364.729338748699,25.206031969310516,1,8,5
2022-08-28,14134.562986007271,25.575144986978824,1,8,6
2022-08-29,14540.42008501912,24.787035239771754,0,8,0
2022-08-30,14436.079837351775,24.65804767639138,0,8,1
2022-08-31,14375.854978521233,24.463941934373633,0,8,2
2022-09-01,14165.248681546387,24.19556784969481,0,9,3
2022-09-02,13922.62337381534,23.43586095692575,0,9,4
2022-09-03,13154.477237021923,23.448318579593163,1,9,5
2022-09-04,12932.139070390016,23.101553261524995,1,9,6
2022-09-05,13164.032221121734,22.550205358880277,0,9,0
2022-09-06,13278.548085849085,22.04639771920594,0,9,1
2022-09-07,13275.791819396383,22.29553668079458,0,9,2
2022-09-08,13513.259169721192,22.67138922317564,0,9,3
2022-09-09,13064.777199150856,21.715364754000287,0,9,4
2022-09-10,12132.13834837913,21.14335381510826,1,9,5
2022-09-11,12100.33829214341,21.79735962017463,1,9,6
2022-09-12,12307.459145137604,20.203197476936165,0,9,0
2022-09-13,12633.098603120925,20.143551863954215,0,9,1
2022-09-14,12515.433738223517,20.01108690781708,0,9,2
2022-09-15,12539.375316263022,20.4644270638412,0,9,3
2022-09-16,12350.11851278618,19.099901443685972,0,9,4
2022-09-17,11846.882167335192,20.617006249746776,1,9,5
2022-09-18,11476.000264423843,18.729180925428917,1,9,6
2022-09-19,12198.297544473115,18.65237860929604,0,9,0
2022-09-20,12361.927041607341,19.423206010201692,0,9,1
2022-09-21,12162.496545481734,18.026536788668082,0,9,2
2022-09-22,12153.65492320418,18.33091126890978,0,9,3
2022-09-23,12394.486540804615,17.54998262163239,0,9,4
2022-09-24,11490.123029642966,18.64740745758247,1,9,5
2022-09-25,11369.564188703027,17.137149056639576,1,9,6
2022-09-26,12195.41563816933,17.462190163907433,0,9,0
2022-09-27,12237.623337482313,16.25108081376443,0,9,1
2022-09-28,11929.729477808845,16.279258221179756,0,9,2
2022-09-29,12054.589469862294,16.29511729036525,0,9,3
2022-09-30,12031.792178016061,15.694573632014718,0,9,4
2022-10-01,11470.69895587503,16.403638615590996,1,10,5
2022-10-02,11480.773745343007,15.102870993842116,1,10,6
2022-10-03,12094.667163024153,15.937254437533454,0,10,0
2022-10-04,12122.160555396955,15.249817784160284,0,10,1
2022-10-05,12408.081529528607,14.372919725681742,0,10,2
2022-10-06,12710.249096360858,13.251960399525117,0,10,3
2022-10-07,12439.518515589356,14.734236330537442,0,10,4
2022-10-08,11624.506595789651,14.197494291940389,1,10,5
2022-10-09,12096.157519490842,12.817725990246364,1,10,6
2022-10-10,12701.572299265274,12.665575700547903,0,10,0
2022-10-11,13244.348061326249,11.924586698276366,0,10,1
2022-10-12,12981.33902024629,12.745030813661927,0,10,2
2022-10-13,12742.906906392795,12.68029882170756,0,10,3
2022-10-14,13279.813615608351,11.521325511551376,0,10,4
2022-10-15,12420.421665643627,11.985343632466432,1,10,5
2022-10-16,12450.148405641567,12.511981156940514,1,10,6
2022-10-17,13656.387085603046,10.756661150125412,0,10,0
2022-10-18,13727.51753802859,10.618650115394276,0,10,1
2022-10-19,13320.712589775658,11.34278724709318,0,10,2
2022-10-20,13618.231247009267,10.630845239390261,0,10,3
2022-10-21,14072.078401206823,9.982148843080816,0,10,4
2022-10-22,13653.599925392353,10.093425742762507,1,10,5
2022-10-23,13798.779430350643,9.641408938332347,1,10,6
2022-10-24,14809.913541310736,8.904161863636297,0,10,0
2022-10-25,14196.090676273832,9.807830452784804,0,10,1
2022-10-26,14300.23803260359,9.806034219215523,0,10,2
2022-10-27,14798.725449359823,8.865845416954558,0,10,3
2022-10-28,15045.938833806571,8.601050124287797,0,10,4
2022-10-29,14880.209193659546,8.03445406809004,1,10,5
2022-10-30,14544.436936557273,8.311392112117966,1,10,6
2022-10-31,15878.59254412858,7.67286714392957,0,10,0
2022-11-01,15939.195867440016,7.228280100980997,0,11,1
2022-11-02,15668.474316389978,8.032817234846371,0,11,2
2022-11-03,15731.77897345896,7.5285482518992906,0,11,3
2022-11-04,16827.365309545017,7.001858889913513,0,11,4
2022-11-05,15563.735660505177,7.11402030258159,1,11,5
2022-11-06,16046.506045717702,6.869260622002052,1,11,6
2022-11-07,16813.427687427666,6.884969059480597,0,11,0
2022-11-08,16318.737890990531,7.533687194426194,0,11,1
2022-11-09,18651.899052044984,4.40778952048338,0,11,2
2022-11-10,17318.7860033918,6.239823420368868,0,11,3
2022-11-11,17483.332421596886,6.1276511813071615,0,11,4
2022-11-12,16922.82861796688,5.994887228268726,1,11,5
2022-11-13,18044.72174065085,4.562896000157247,1,11,6
2022-11-14,18095.727915323623,5.108503548843537,0,11,0
2022-11-15,18401.000549543027,5.260432556004743,0,11,1
2022-11-16,18819.422298178768,4.686249861417639,0,11,2
2022-11-17,18701.2033087649,4.787627184914411,0,11,3
2022-11-18,19027.82662786307,4.776611019739169,0,11,4
2022-11-19,18291.148669031118,4.747133585187167,1,11,5
2022-11-20,18869.469486879338,4.26396799366593,1,11,6
2022-11-21,19455.11790410017,4.235434208188685,0,11,0
2022-11-22,20520.71304394813,3.0918295874324557,0,11,1
2022-11-23,20203.379283315262,3.7272929653337052,0,11,2
2022-11-24,19523.470861684003,4.396011215939752,0,11,3
2022-11-25,20118.891387762054,3.815042163417733,0,11,4
2022-11-26,20004.50522374228,3.4601561357416792,1,11,5
2022-11-27,21191.132923154455,2.2349526610067745,1,11,6
2022-11-28,21029.512884115105,2.9986443276473214,0,11,0
2022-11-29,20567.81959590644,3.5206295728489376,0,11,1
2022-11-30,20855.28923422386,3.3226741202654324,0,11,2
2022-12-01,21245.8200659944,2.68239427072926,0,12,3
2022-12-02,20406.277177573713,3.7436235394861264,0,12,4
2022-12-03,21582.261508840373,1.8159893489125658,1,12,5
2022-12-04,21085.08052499068,2.773145390025173,1,12,6
2022-12-05,21393.38213661377,3.0144061136066234,0,12,0
2022-12-06,20621.69938855674,4.037072134385395,0,12,1
2022-12-07,22677.776944954676,1.5877392840149671,0,12,2
2022-12-08,21700.281821608034,2.704090659163294,0,12,3
2022-12-09,22841.36113167118,1.8160774631761207,0,12,4
2022-12-10,22400.387669884658,1.732176297182632,1,12,5
2022-12-11,21317.81190988884,2.5917809176634807,1,12,6
2022-12-12,22349.545134612283,2.4105485689457473,0,12,0
2022-12-13,22378.203501880107,2.270108751617306,0,12,1
2022-12-14,22628.236112860028,2.342230589236805,0,12,2
2022-12-15,22736.97855584354,1.8963480213415727,0,12,3
2022-12-16,22888.034658041364,1.9362233793139574,0,12,4
2022-12-17,22712.59376479065,1.89084549232951,1,12,5
2022-12-18,22105.39956598342,2.328196228933761,1,12,6
2022-12-19,22917.601631826692,2.0719073939269532,0,12,0
2022-12-20,22048.204116687673,2.9565164356741405,0,12,1
2022-12-21,23049.31366342779,2.3420498837645103,0,12,2
2022-12-22,23104.902800513697,2.193055104603465,0,12,3
2022-12-23,23530.01961229379,1.6125270189949328,0,12,4
2022-12-24,23268.62183771201,1.212698289512135,1,12,5
2022-12-25,22277.96634916254,2.443837820434021,1,12,6
2022-12-26,23586.50728522339,1.6187276278331053,0,12,0
2022-12-27,23456.567703680474,2.1842000499269947,0,12,1
2022-12-28,23700.25964301394,1.722321892449049,0,12,2
2022-12-29,23370.41852159887,2.285131919438547,0,12,3
2022-12-30,23548.48822353348,2.07020093802415,0,12,4
2022-12-31,19071.97585320309,5.069695003321847,1,12,5
