PassengerId,Survived,Pclass,Name,Sex,Age,SibSp,Parch,Ticket,Fare,Cabin,Embarked
1,1,2,"Johnson, Mrs. Emma",female,27.4,0,0,718985,18.2249,,S
2,1,3,"Wilson, Miss. Emma",female,12.9,0,0,701323,6.5113,D62,C
3,1,3,"Davis, Mr. George",male,39.6,0,2,921439,38.0197,,S
4,1,3,"Anderson, Miss. Margaret",female,35.8,0,0,253244,3.6581,,S
5,1,1,"Smith, Mr. Edward",male,46.9,0,0,150251,55.8612,,S
6,1,1,"Wilson, Rev. Charles",male,50.3,0,0,890872,70.8563,,S
7,1,1,"Smith, Mrs. Mary",female,33,1,0,533743,171.9383,,C
8,0,3,"Johnson, Mr. Thomas",male,,0,2,903081,10.8825,B81,S
9,0,3,"Anderson, Rev. Thomas",male,36,0,0,502426,32.3124,,S
10,1,3,"Brown, Mr. Henry",male,21.2,0,2,21955,0,,Q
11,1,1,"Davis, Mr. James",male,,1,0,779432,35.108,,S
12,1,3,"Brown, Mr. James",male,31.8,1,0,410414,0,,S
13,0,3,"Miller, Col. John",male,25.3,0,0,470372,21.0852,,S
14,1,1,"Jones, Dr. William",male,32.4,0,1,316732,175.0888,,S
15,1,1,"Taylor, Miss. Florence",female,23.7,0,0,414982,106.4394,,S
16,1,1,"Smith, Miss. Margaret",female,,0,0,106626,40.9509,,C
17,1,2,"Brown, Mr. Charles",male,45.6,0,0,718930,15.998,,S
18,0,3,"Anderson, Dr. Edward",male,21.5,1,0,866306,29.0861,,S
19,0,2,"Jones, Col. Charles",male,16.4,0,2,714039,37.3674,C25,C
20,0,2,"Williams, Mr. William",male,37,1,0,387261,19.167,F22,S
21,0,3,"Brown, Mr. George",male,45.4,0,0,932805,5.6121,D75,S
22,0,1,"Wilson, Mr. George",male,39.3,0,0,680504,187.7539,,S
23,0,2,"Anderson, Mr. George",male,42.9,1,0,417000,31.9898,C56,C
24,0,2,"Davis, Mr. Robert",male,20.2,0,2,602247,40.5984,G131,C
25,0,3,"Davis, Mr. Henry",male,11.5,0,0,542560,23.0701,F15,Q
26,0,3,"Brown, Col. James",male,49.5,0,0,142645,24.4699,,C
27,1,1,"Wilson, Miss. Sarah",female,7.5,0,1,34419,139.2999,,S
28,0,3,"Wilson, Mrs. Margaret",female,40.7,5,0,747699,22.8864,F141,S
29,0,3,"Taylor, Mr. Arthur",male,47.3,0,0,501986,16.219,,C
30,1,1,"Wilson, Miss. Ellen",female,22,5,0,58555,102.153,,S
31,0,3,"Brown, Col. Edward",male,35.9,4,0,146248,21.1589,F36,S
32,1,1,"Anderson, Lady. Alice",female,52.9,1,0,177233,252.9063,,S
33,1,1,"Smith, Miss. Elizabeth",female,63,0,2,728800,126.144,,S
34,1,3,"Brown, Mr. Henry",male,42.1,0,0,773421,0.0543,,C
35,0,3,"Wilson, Dr. George",male,30.7,1,0,724222,8.3635,G140,S
36,1,3,"Miller, Mr. William",male,33.5,0,2,132082,11.8613,,S
37,0,2,"Jones, Mr. William",male,,0,0,680524,41.8266,,Q
38,1,1,"Brown, Mr. George",male,36.6,0,0,480974,257.0716,,S
39,1,3,"Anderson, Mr. John",male,,0,0,519939,12.7804,G11,S
40,1,2,"Jones, Mr. Charles",male,,0,2,559667,19.7145,,S
41,1,1,"Smith, Miss. Ellen",female,33.5,0,0,232261,68.2972,B89,C
42,1,3,"Wilson, Miss. Mary",female,35.7,0,1,290512,19.7946,A69,C
43,0,1,"Jones, Col. James",male,16.4,1,1,754401,155.8794,,C
44,0,3,"Smith, Mr. John",male,,0,0,435987,12.9658,,S
45,0,2,"Taylor, Mr. William",male,56.7,2,0,468166,26.3321,,S
46,0,3,"Smith, Mr. Robert",male,15.7,1,1,181317,7.0181,,C
47,1,2,"Taylor, Miss. Elizabeth",female,12.7,1,0,638590,10,,C
48,0,3,"Jones, Rev. Charles",male,26.4,0,1,633194,20.2834,G33,S
49,0,3,"Wilson, Mr. Arthur",male,34,1,2,577615,14.0515,G104,S
50,0,1,"Miller, Mr. Charles",male,40.6,0,0,711814,70.2655,,Q
51,0,3,"Miller, Mr. George",male,41.2,1,0,890219,20.9206,,C
52,1,3,"Taylor, Miss. Elizabeth",female,26.9,0,1,526596,0.0957,,C
53,1,3,"Davis, Miss. Annie",female,35.7,1,1,712101,15.971,,C
54,0,3,"Miller, Mr. Arthur",male,33.7,5,0,566265,5.6739,,S
55,0,3,"Miller, Dr. Charles",male,26.8,0,0,271456,9.7089,F143,S
56,1,3,"Johnson, Mr. Henry",male,,0,0,16714,17.5384,F90,S
57,1,1,"Miller, Miss. Sarah",female,38,1,0,116680,44.2624,,S
58,1,1,"Williams, Miss. Mary",female,23.2,0,0,873669,166.907,B29,C
59,1,1,"Anderson, Mr. Arthur",male,38.6,1,0,418107,119.7016,,S
60,0,2,"Taylor, Rev. Edward",male,45.3,0,0,504771,26.0458,,S
61,1,2,"Johnson, Miss. Ellen",female,22.4,0,0,586587,27.2654,,S
62,0,2,"Williams, Mr. Robert",male,13.1,4,0,468383,10,,S
63,0,3,"Anderson, Mrs. Florence",female,,0,0,861556,16.9554,C49,S
64,0,2,"Smith, Rev. Charles",male,21.5,1,0,889484,13.5406,,S
65,0,2,"Anderson, Mr. Robert",male,23.1,0,0,986143,14.3846,,S
66,0,3,"Wilson, Mr. George",male,37.6,0,0,837344,15.9832,,S
67,0,1,"Miller, Mr. John",male,46.1,0,0,911174,122.622,,Q
68,1,3,"Miller, Mr. John",male,30.3,0,0,478668,6.8784,,S
69,1,1,"Smith, Miss. Mary",female,32.5,1,0,78446,52.2801,,S
70,0,3,"Jones, Mr. William",male,52.1,0,2,224862,26.2829,,S
71,0,3,"Davis, Mr. Charles",male,,0,0,71516,17.423,,S
72,0,1,"Johnson, Mr. Charles",male,63.8,0,2,659511,33.9111,,S
73,1,1,"Williams, Mr. James",male,,1,0,447466,26,,C
74,1,3,"Williams, Rev. Edward",male,7.1,0,0,701476,5.6037,,C
75,0,3,"Jones, Dr. John",male,39.8,1,2,93521,24.7233,,S
76,1,3,"Williams, Miss. Edith",female,36,0,0,425367,14.239,G41,S
77,0,3,"Brown, Rev. Charles",male,46.8,0,0,922105,8.0447,,Q
78,1,1,"Smith, Mr. Edward",male,,1,0,605654,273.4775,,C
79,1,2,"Miller, Mr. Edward",male,,0,0,185369,46.009,,S
80,1,1,"Miller, Miss. Margaret",female,35.9,0,0,575176,328.0087,,S
81,1,3,"Johnson, Mrs. Florence",female,,0,0,328339,25.1752,,S
82,1,3,"Williams, Mrs. Mary",female,42.8,0,0,880442,8.8008,,S
83,0,2,"Johnson, Mr. John",male,22.5,1,0,736376,30.5246,,S
84,0,1,"Wilson, Mr. Charles",male,37.7,0,2,216051,74.9255,,S
85,1,2,"Smith, Mr. John",male,51.7,1,0,507890,37.6992,,S
86,0,2,"Miller, Mr. Charles",male,35.1,0,0,195406,33.2395,,S
87,0,3,"Williams, Rev. William",male,14.5,0,1,632762,14.2167,,C
88,0,3,"Davis, Mr. Arthur",male,35.8,2,0,664274,10.0639,,C
89,0,3,"Johnson, Dr. Henry",male,45.6,0,0,602633,0.892,D117,S
90,0,3,"Wilson, Mr. Edward",male,22.1,0,0,967265,10.4695,,C
91,1,1,"Smith, Miss. Mary",female,41.5,0,0,656905,69.9487,,S
92,1,3,"Davis, Mr. Arthur",male,,0,0,168002,17.7506,,C
93,1,3,"Johnson, Mr. William",male,19.8,0,1,69117,0,,S
94,1,3,"Smith, Miss. Ellen",female,20,0,2,819527,11.8456,,S
95,0,3,"Anderson, Mr. Henry",male,28.4,0,0,742842,0.5499,A36,S
96,1,3,"Miller, Miss. Margaret",female,12.5,0,0,13991,21.1156,,S
97,0,3,"Jones, Col. Charles",male,18.5,0,0,33519,20.0573,,C
98,0,2,"Williams, Mr. George",male,24.3,0,0,823089,20.3643,,S
99,0,1,"Williams, Miss. Florence",female,,0,2,797258,159.9296,,S
100,1,1,"Anderson, Mrs. Elizabeth",female,29.1,0,0,183697,79.3448,,S
101,1,1,"Anderson, Miss. Annie",female,33.5,3,0,878481,53.875,,S
102,1,3,"Johnson, Mr. Arthur",male,24.8,0,1,552089,16.0237,,S
103,0,2,"Johnson, Mr. John",male,32.9,1,0,433062,28.7512,,S
104,1,3,"Brown, Mr. William",male,42.1,0,0,49566,21.7316,,C
105,0,3,"Jones, Col. James",male,11.6,0,0,688517,3.1143,,C
106,1,2,"Brown, Miss. Elizabeth",female,21.6,0,1,169435,14.7549,,Q
107,0,2,"Davis, Mr. Robert",male,10.2,0,0,978063,28.4698,,S
108,1,3,"Taylor, Mrs. Edith",female,14.5,0,1,402938,3.9614,,S
109,1,1,"Wilson, Dr. Edward",male,,0,0,932640,173.8558,,S
110,1,1,"Brown, Mr. Robert",male,63.3,0,1,723297,41.6741,,S
111,0,2,"Jones, Mr. William",male,22.7,2,1,551709,27.9162,,S
112,1,1,"Davis, Miss. Annie",female,27.4,0,0,266080,218.0374,F106,Q
113,0,3,"Williams, Miss. Ellen",female,17.1,0,0,267230,9.5731,,C
114,1,3,"Williams, Miss. Emma",female,24,1,0,88027,1.5748,,Q
115,0,3,"Wilson, Mrs. Alice",female,15,0,0,541834,11.4853,G83,C
116,1,3,"Brown, Dr. Edith",female,38.6,0,0,343583,18.3919,,C
117,0,3,"Johnson, Miss. Mary",female,,1,0,711983,2.1302,,C
118,1,1,"Miller, Col. James",male,37.7,1,0,812838,51.4394,G26,S
119,0,3,"Johnson, Mr. Henry",male,40.1,1,0,402353,5.3525,,
120,1,3,"Jones, Col. Edward",male,22.8,0,0,281969,8.6531,,S
121,1,3,"Johnson, Lady. Ellen",female,18.5,0,0,999327,17.7761,,S
122,1,3,"Jones, Mrs. Margaret",female,,2,0,251569,7.0291,,S
123,0,2,"Jones, Rev. Edward",male,27.8,0,1,306317,21.1568,,S
124,1,1,"Smith, Miss. Mary",female,15,0,0,271536,61.1709,,S
125,1,1,"Taylor, Miss. Mary",female,13.9,0,0,327763,84.2533,A58,Q
126,0,2,"Wilson, Mr. Charles",male,,0,2,355258,37.4354,D90,C
127,0,3,"Davis, Mr. Robert",male,31.1,0,0,379215,0,B125,S
128,0,3,"Wilson, Dr. Annie",female,17.6,0,2,935427,18.5437,G107,S
129,0,1,"Davis, Mr. Robert",male,15.2,0,0,306518,77.2697,E66,S
130,0,3,"Johnson, Lady. Alice",female,19.9,0,0,989217,4.8056,,S
131,0,2,"Johnson, Mr. Charles",male,,1,0,706771,10,,C
132,1,1,"Williams, Miss. Alice",female,48.8,0,0,336512,249.1503,,S
133,1,1,"Jones, Miss. Florence",female,44.4,0,0,804748,99.589,F95,S
134,1,2,"Miller, Miss. Annie",female,10.1,0,0,513166,15.4682,,C
135,0,3,"Miller, Mr. Arthur",male,,0,0,806988,5.0256,,C
136,1,2,"Wilson, Dr. Edith",female,37.5,0,0,937562,13.4614,,S
137,1,3,"Williams, Lady. Sarah",female,,0,0,638842,19.3283,,S
138,1,3,"Davis, Mr. Arthur",male,54.1,1,0,241059,35.4859,,S
139,0,2,"Brown, Miss. Alice",female,47,2,0,428698,10,,S
140,0,3,"Williams, Mr. Edward",male,37.6,0,0,54494,0.3372,,S
141,0,3,"Jones, Mr. William",male,,0,2,952509,16.6204,,S
142,1,2,"Williams, Mr. Charles",male,17.5,0,0,881103,22.1339,,S
143,0,3,"Smith, Mr. Thomas",male,25.2,1,2,492640,13.9721,,S
144,0,2,"Taylor, Mr. George",male,44.2,1,1,42481,19.118,,S
145,1,2,"Davis, Dr. Edith",female,31.4,0,0,38401,19.9641,,C
146,0,1,"Miller, Mr. Robert",male,,0,0,574719,144.6077,,S
147,0,3,"Smith, Miss. Emma",female,9.8,1,0,336603,3.7653,G32,S
148,0,3,"Jones, Mr. Edward",male,15.4,0,0,362617,16.4328,,C
149,1,1,"Wilson, Dr. James",male,31.8,0,0,133311,96.0648,,S
150,0,2,"Jones, Mr. Arthur",male,7,0,0,258482,10,,Q
151,1,3,"Smith, Miss. Sarah",female,26.4,0,0,654615,12.402,,S
152,1,1,"Taylor, Mr. William",male,28.1,1,0,744042,232.155,A76,S
153,0,1,"Brown, Mr. Charles",male,23.9,3,0,451720,160.4948,,S
154,1,3,"Anderson, Mrs. Margaret",female,34.4,0,0,406439,2.1086,,S
155,0,3,"Williams, Dr. Henry",male,36.7,0,1,474193,16.9472,,S
156,0,2,"Anderson, Mr. Edward",male,23.1,0,0,249198,31.3861,B42,S
157,1,3,"Anderson, Mr. Henry",male,,0,0,50149,22.5884,,S
158,1,3,"Miller, Dr. Alice",female,34.3,0,0,547151,10.6776,,S
159,1,1,"Johnson, Mr. Arthur",male,29.6,0,0,899920,84.3746,,S
160,0,3,"Williams, Mrs. Emma",female,26.7,0,0,170636,17.4227,F90,S
161,0,2,"Smith, Dr. James",male,51.6,0,0,754984,17.7399,,S
162,1,3,"Taylor, Dr. Florence",female,29.9,0,0,556787,25.8216,,S
163,1,3,"Williams, Miss. Ellen",female,22.2,0,0,248691,26.9612,,S
164,0,3,"Miller, Dr. Elizabeth",female,,0,2,267128,20.9406,,S
165,0,1,"Miller, Mr. John",male,17,0,2,361362,34.7726,,C
166,1,3,"Wilson, Miss. Edith",female,,5,0,566420,10.2459,,S
167,0,2,"Davis, Mr. Henry",male,40,0,0,136272,25.7665,,C
168,0,1,"Taylor, Mr. Arthur",male,46,0,0,669893,131.4631,E96,S
169,1,1,"Miller, Mr. Charles",male,,1,0,748322,113.6085,,S
170,1,3,"Smith, Mrs. Emma",female,10.2,8,0,352240,14.2989,,S
171,1,3,"Taylor, Mrs. Mary",female,36,0,0,437625,0,,S
172,1,1,"Smith, Miss. Ellen",female,20.5,1,2,484677,92.4998,,S
173,0,3,"Smith, Mr. Robert",male,27.1,0,0,271085,9.8666,G132,S
174,0,1,"Brown, Mr. Charles",male,34.8,0,0,950491,157.7791,,S
175,1,3,"Taylor, Mrs. Ellen",female,,0,0,20633,9.6824,,S
176,0,1,"Anderson, Mr. Charles",male,19.6,0,0,459423,133.8399,A87,S
177,0,3,"Brown, Mr. James",male,49.4,1,0,191607,23.0772,,S
178,0,2,"Smith, Col. John",male,,0,2,800428,13.174,B48,S
179,0,3,"Johnson, Mr. Arthur",male,29.7,0,0,141086,9.9462,,S
180,1,1,"Miller, Mr. Edward",male,20.3,0,0,798106,71.6594,A27,S
181,0,2,"Anderson, Rev. George",male,0.5,0,0,441083,10.9209,,C
182,1,1,"Brown, Mr. Arthur",male,41.5,0,0,488753,37.7543,,S
183,0,3,"Smith, Mr. Arthur",male,,1,0,591539,18.2104,F30,S
184,1,3,"Taylor, Miss. Sarah",female,19.5,1,0,721069,17.1404,,S
185,0,2,"Williams, Mr. William",male,,1,0,392306,15.4045,,C
186,0,3,"Brown, Mr. Robert",male,36.7,1,1,158936,24.2981,D36,S
187,1,3,"Davis, Miss. Edith",female,33.1,0,0,298465,6.8289,B106,S
188,0,3,"Miller, Rev. Robert",male,23.1,1,0,165154,20.3827,,C
189,1,3,"Williams, Mrs. Edith",female,,0,0,50131,4.4414,G65,S
190,0,1,"Anderson, Miss. Edith",female,,0,1,212565,113.9748,,S
191,1,1,"Anderson, Mr. Arthur",male,33.8,0,0,145282,27.1722,,C
192,0,3,"Anderson, Mr. John",male,12.4,0,0,255152,3.7907,C136,S
193,1,3,"Williams, Mrs. Emma",female,,0,0,785519,15.5204,,C
194,0,3,"Jones, Miss. Alice",female,17.1,0,0,649951,0,,C
195,0,2,"Johnson, Mr. Henry",male,9,1,0,992090,21.8299,,Q
196,0,2,"Brown, Mr. George",male,,0,1,880037,19.6907,,S
197,1,3,"Anderson, Dr. Robert",male,,0,0,569139,13.742,,S
198,1,3,"Anderson, Miss. Alice",female,40.9,3,0,823297,9.6761,G22,S
199,0,3,"Jones, Mr. William",male,32.6,0,0,880038,0,F65,S
200,1,3,"Davis, Lady. Ellen",female,16.8,0,1,145230,5.639,,S
201,1,3,"Davis, Mrs. Florence",female,9,0,0,131497,16.5209,F37,S
202,1,1,"Wilson, Mr. John",male,30.8,0,0,329996,73.5371,,S
203,0,1,"Miller, Dr. Charles",male,35.6,0,0,321483,205.1067,,S
204,0,3,"Wilson, Mr. William",male,,0,0,897518,23.4115,G128,S
205,0,3,"Davis, Mr. George",male,32.3,0,0,817004,16.5766,,C
206,1,1,"Davis, Mr. Thomas",male,25.2,0,0,931604,41.2708,,C
207,1,1,"Johnson, Mr. James",male,19.2,0,0,185541,150.8778,,C
208,0,3,"Davis, Mrs. Mary",female,19.1,0,0,877493,0.3742,,S
209,1,1,"Wilson, Mr. John",male,16.1,0,0,201933,26,D50,Q
210,1,1,"Davis, Mr. Henry",male,0.5,1,0,552744,168.3599,,C
211,1,3,"Wilson, Miss. Sarah",female,17,0,0,852235,19.1676,,S
212,1,3,"Williams, Mrs. Mary",female,19.9,0,1,337777,25.6181,,S
213,0,3,"Johnson, Miss. Mary",female,,1,2,740379,10.274,,S
214,1,1,"Jones, Dr. Florence",female,22,0,2,524709,26,,S
215,0,3,"Johnson, Mr. James",male,38,0,1,570520,11.2603,,S
216,0,1,"Williams, Mr. Henry",male,56.7,0,0,77323,113.6645,D13,S
217,0,2,"Anderson, Mrs. Sarah",female,2,1,0,902499,49.2433,A97,C
218,1,3,"Brown, Mrs. Margaret",female,,1,0,425004,19.3651,,S
219,0,3,"Miller, Col. Henry",male,27.6,0,0,812524,26.276,,S
220,1,3,"Wilson, Lady. Florence",female,20.6,1,0,797564,11.2592,,C
221,0,3,"Brown, Mr. Henry",male,21.6,0,0,743210,14.9655,D55,S
222,0,3,"Wilson, Mr. Arthur",male,19.6,0,0,245253,24.5998,G97,Q
223,0,1,"Smith, Rev. Henry",male,23.7,0,0,229190,26,,S
224,1,2,"Wilson, Mr. George",male,17.6,0,0,665312,11.4882,,Q
225,0,2,"Williams, Mr. Thomas",male,31.6,1,2,267075,17.5818,,S
226,0,2,"Smith, Rev. Edward",male,51.1,0,0,763132,10.9307,,S
227,1,3,"Brown, Mrs. Alice",female,,0,0,259596,14.4288,,S
228,0,2,"Smith, Mr. Charles",male,26.7,1,2,285212,15.358,,S
229,1,3,"Johnson, Col. Henry",male,26.2,0,0,974905,7.5236,,C
230,1,3,"Miller, Mrs. Emma",female,22.7,0,0,189598,3.9292,,S
231,1,3,"Wilson, Mrs. Mary",female,19,0,0,462174,15.2836,,Q
232,1,3,"Smith, Miss. Elizabeth",female,12.9,1,0,125729,0,,S
233,1,3,"Wilson, Mrs. Edith",female,16.3,1,1,86593,10.4088,,S
234,1,3,"Williams, Mrs. Florence",female,63,0,0,65041,15.2053,,C
235,1,1,"Anderson, Rev. Charles",male,33.9,0,0,764518,135.0461,,S
236,1,3,"Wilson, Mr. George",male,20.2,0,0,245114,0,,S
237,0,2,"Johnson, Mr. William",male,24.5,1,0,335516,10.5284,,C
238,1,1,"Davis, Mr. John",male,,0,2,601850,51.0942,,C
239,1,3,"Johnson, Mr. William",male,31.5,0,0,888531,25.8804,,Q
240,0,1,"Williams, Lady. Ellen",female,34.1,2,0,598334,26,,C
241,0,3,"Williams, Mr. George",male,,0,0,995590,5.0799,,S
242,0,3,"Brown, Mr. Thomas",male,,0,0,924520,15.4226,,C
243,1,3,"Johnson, Mr. William",male,,0,2,892890,11.0579,,S
244,0,2,"Johnson, Mrs. Mary",female,28.1,4,0,148161,20.7451,,Q
245,1,1,"Johnson, Rev. George",male,24.2,0,0,813055,164.8755,,S
246,1,3,"Taylor, Miss. Alice",female,24,0,0,846073,7.3996,,S
247,0,2,"Smith, Col. George",male,30.9,0,1,284187,14.9614,,S
248,0,3,"Smith, Mr. Edward",male,,0,0,76572,24.9535,,S
249,0,3,"Wilson, Dr. Charles",male,36.3,0,1,991640,8.4613,,S
250,0,3,"Johnson, Miss. Elizabeth",female,31.8,0,0,920650,7.5296,,C
251,0,2,"Jones, Col. Henry",male,,8,2,491268,23.988,G86,C
252,1,2,"Brown, Miss. Emma",female,39,0,0,96700,13.2654,,S
253,0,3,"Johnson, Mr. George",male,25.6,0,0,67061,1.3947,,C
254,0,2,"Johnson, Col. Thomas",male,,0,0,127957,21.8702,,S
255,1,1,"Davis, Mrs. Florence",female,34.9,0,0,802554,79.3093,F145,S
256,0,3,"Anderson, Mrs. Ellen",female,53.7,1,2,843778,16.7955,G102,S
257,1,3,"Davis, Miss. Annie",female,12.3,0,1,528650,12.4631,,C
258,1,3,"Brown, Mrs. Elizabeth",female,33.2,0,0,238394,0,D87,S
259,1,3,"Miller, Miss. Annie",female,15,0,0,910425,5.7125,,S
260,1,1,"Brown, Miss. Mary",female,,0,0,419366,109.1794,D36,S
261,0,3,"Johnson, Mrs. Ellen",female,15.1,0,0,97630,5.9154,A61,S
262,1,3,"Wilson, Miss. Margaret",female,21.6,0,0,87228,14.8302,,S
263,1,1,"Miller, Miss. Alice",female,23.2,1,0,284198,188.4451,,S
264,0,3,"Anderson, Mr. James",male,35.6,2,0,536055,21.6625,,S
265,1,3,"Williams, Miss. Elizabeth",female,38.9,0,0,14708,1.9644,,S
266,0,3,"Brown, Mr. Henry",male,,3,0,772017,32.7698,,C
267,0,3,"Johnson, Dr. Margaret",female,27.7,0,0,854431,19.9073,,S
268,1,3,"Miller, Miss. Mary",female,,0,0,586446,12.9846,,S
269,0,2,"Taylor, Mr. Arthur",male,37.5,0,3,956796,10,,S
270,0,2,"Johnson, Miss. Alice",female,24.2,0,0,38082,10,,C
271,1,3,"Johnson, Mr. Thomas",male,,0,0,44024,0.0515,,C
272,0,3,"Brown, Mr. Arthur",male,,0,0,295605,10.9726,,C
273,1,3,"Davis, Mrs. Margaret",female,32.6,0,1,15351,0,,S
274,0,3,"Anderson, Rev. George",male,26.2,0,0,974535,14.7339,,C
275,0,3,"Johnson, Mrs. Emma",female,,0,0,502269,16.2885,,S
276,1,3,"Brown, Mrs. Annie",female,40.3,1,0,879060,12.6475,,S
277,0,3,"Miller, Dr. Charles",male,16.9,0,0,114720,7.1092,D30,S
278,0,3,"Brown, Mr. Henry",male,44.8,0,0,658789,0,,S
279,0,3,"Brown, Rev. George",male,47.1,0,1,442934,16.3618,,Q
280,1,3,"Davis, Mr. John",male,,0,1,907064,26.0989,,C
281,1,3,"Miller, Miss. Alice",female,32.1,1,0,530751,7.6808,,S
282,0,2,"Williams, Col. Arthur",male,,0,0,624865,14.7186,,S
283,0,2,"Williams, Mr. Henry",male,,0,2,136875,21.9893,,S
284,1,1,"Jones, Mr. Charles",male,,1,0,756572,132.0907,,S
285,1,3,"Jones, Mr. George",male,17,0,1,896449,9.4596,B48,S
286,1,1,"Davis, Miss. Elizabeth",female,31.3,0,0,678137,512,,C
287,1,3,"Smith, Mr. William",male,40.9,0,2,755216,6.1567,,Q
288,1,3,"Jones, Miss. Annie",female,13.8,1,0,149380,9.4575,G62,S
289,0,2,"Davis, Mr. Charles",male,26.9,0,2,577729,24.6675,,C
290,0,3,"Taylor, Miss. Ellen",female,15,0,0,647970,1.1905,,S
291,0,1,"Taylor, Col. Thomas",male,24.9,0,0,90865,180.6565,,S
292,1,1,"Jones, Mr. Arthur",male,18,0,2,23882,192.2988,,S
293,1,3,"Brown, Miss. Sarah",female,21.7,0,0,124883,3.1086,,S
294,0,2,"Jones, Mr. Robert",male,25.8,0,0,932218,20.5475,,C
295,1,1,"Miller, Lady. Ellen",female,35.5,0,0,232658,61.5201,F61,S
296,1,3,"Jones, Dr. Emma",female,,2,1,184504,6.9751,D127,S
297,1,3,"Brown, Mr. Arthur",male,,1,2,222361,4.1952,C108,S
298,1,1,"Taylor, Mr. William",male,,0,0,367659,30.5558,D149,Q
299,0,3,"Brown, Lady. Alice",female,8.2,1,1,644913,17.9761,,S
300,1,1,"Anderson, Mr. Henry",male,29.7,0,0,660222,26,,C
301,0,1,"Williams, Mr. Robert",male,18.3,0,0,420874,104.8712,,C
302,0,3,"Davis, Mr. James",male,,0,0,734605,14.8063,,S
303,1,3,"Williams, Mr. Thomas",male,14.7,1,0,764002,15.3153,C57,S
304,1,3,"Anderson, Mr. George",male,45.4,1,0,377209,9.8997,,C
305,1,3,"Smith, Miss. Florence",female,40,0,3,521415,6.2553,F132,S
306,1,3,"Smith, Miss. Emma",female,30.6,2,0,767939,16.0399,G61,Q
307,1,3,"Williams, Dr. Emma",female,,0,0,268669,8.0942,G138,S
308,1,2,"Williams, Lady. Ellen",female,31.8,1,2,873459,22.0721,B73,S
309,1,3,"Williams, Mr. Henry",male,,4,0,716168,1.5764,,C
310,1,2,"Brown, Miss. Margaret",female,26.3,0,1,49530,27.2643,,C
311,1,2,"Williams, Mr. Arthur",male,,1,0,149906,20.2009,,Q
312,1,1,"Wilson, Mr. Arthur",male,12.5,0,1,417574,127.2016,,S
313,0,1,"Wilson, Mr. Edward",male,,0,0,937376,52.1903,,Q
314,0,3,"Anderson, Mr. Edward",male,55.2,0,2,330838,7.3278,F34,C
315,1,3,"Johnson, Dr. Sarah",female,24.4,0,0,97193,20.7782,B103,C
316,1,3,"Miller, Miss. Emma",female,16.6,2,0,657786,0,,S
317,0,2,"Smith, Dr. William",male,36.7,0,0,191393,12.6391,,S
318,1,1,"Williams, Mr. Thomas",male,32.3,0,0,755723,131.6692,,Q
319,1,1,"Brown, Miss. Edith",female,21.1,1,0,214781,149.3008,,S
320,0,2,"Taylor, Dr. William",male,36.4,3,0,288829,25.5207,,S
321,0,3,"Smith, Mr. James",male,38.3,0,0,938837,16.4717,,S
322,0,3,"Brown, Mr. Thomas",male,44.4,4,0,126254,19.3239,,S
323,1,3,"Williams, Miss. Emma",female,0.5,0,0,676716,15.1679,,S
324,0,2,"Miller, Dr. Edith",female,19.1,1,0,312728,10,,S
325,1,3,"Smith, Dr. Robert",male,38.7,0,0,513669,16.3211,,C
326,0,3,"Smith, Mr. George",male,54.7,0,0,192434,14.1186,,S
327,1,3,"Davis, Miss. Florence",female,20.6,0,0,545632,21.4245,,S
328,1,3,"Miller, Lady. Florence",female,2.6,0,0,648779,19.9924,,S
329,0,2,"Brown, Dr. William",male,44.4,0,0,54619,26.9114,G24,S
330,0,2,"Brown, Lady. Elizabeth",female,,0,0,508750,19.9303,,S
331,0,2,"Miller, Rev. Robert",male,1.8,0,1,641395,40.4225,,S
332,0,3,"Smith, Mr. Henry",male,41,1,0,484547,8.0519,,S
333,1,1,"Jones, Miss. Margaret",female,24.6,0,0,236351,153.9656,,C
334,0,1,"Wilson, Col. Thomas",male,,0,0,143015,145.9162,B131,S
335,0,1,"Brown, Mr. Edward",male,34.3,0,0,231257,65.792,,S
336,0,1,"Taylor, Dr. Charles",male,,0,0,725577,39.8766,,S
337,1,3,"Jones, Rev. Henry",male,39.2,1,0,122319,13.1451,,S
338,1,3,"Anderson, Lady. Annie",female,35.5,1,0,424237,14.2898,,C
339,0,3,"Brown, Dr. James",male,36.7,0,0,804780,8.3569,,C
340,0,1,"Jones, Miss. Annie",female,24.4,0,0,218358,189.1606,,S
341,1,3,"Johnson, Dr. Edward",male,39.6,1,0,474137,0,,S
342,1,3,"Taylor, Mr. Arthur",male,38,0,0,681999,6.7437,,S
343,0,1,"Jones, Mr. Thomas",male,17.8,1,0,95030,111.5279,,S
344,1,2,"Johnson, Mrs. Margaret",female,,0,2,467782,23.9523,,Q
345,0,2,"Taylor, Col. Thomas",male,23,1,0,707371,18.6177,,S
346,1,3,"Johnson, Mrs. Margaret",female,32.9,0,0,779937,17.1979,,C
347,0,3,"Davis, Dr. Robert",male,,0,2,244408,17.6862,,S
348,1,1,"Brown, Miss. Mary",female,36.2,3,0,376709,102.1436,,S
349,1,2,"Anderson, Dr. James",male,27.1,0,0,815072,22.3675,,S
350,1,3,"Jones, Mrs. Alice",female,28.1,0,1,45402,23.1462,,S
351,0,3,"Taylor, Miss. Elizabeth",female,45.3,0,1,75088,2.8314,,C
352,0,3,"Johnson, Mrs. Alice",female,32.3,0,0,987744,5.5855,,S
353,0,3,"Wilson, Miss. Ellen",female,15.8,0,0,405107,23.7198,C113,C
354,1,1,"Jones, Lady. Margaret",female,45.2,0,0,169331,253.2042,,S
355,0,1,"Davis, Mr. James",male,16.3,0,2,466237,340.6945,,Q
356,0,3,"Brown, Mr. Robert",male,16.1,0,0,170059,0.4029,,S
357,0,1,"Williams, Mr. Edward",male,,1,0,193688,144.0144,F124,C
358,0,3,"Miller, Dr. Florence",female,30.9,0,1,927420,2.5326,,C
359,0,3,"Johnson, Mr. Henry",male,,0,0,151755,9.2792,G117,Q
360,1,3,"Brown, Miss. Edith",female,29.6,0,0,464299,13.2916,A144,S
361,0,2,"Williams, Mr. Henry",male,30.9,0,0,806399,22.7615,,C
362,0,3,"Anderson, Dr. James",male,45.1,0,0,611952,10.3859,F48,S
363,0,3,"Anderson, Mr. William",male,17.9,0,1,967698,22.6529,,S
364,1,3,"Johnson, Mrs. Emma",female,29.5,0,0,634562,25.8588,D44,S
365,0,3,"Miller, Mr. Edward",male,42.7,0,1,234903,25.9088,,S
366,0,2,"Anderson, Mr. James",male,36.5,0,0,489089,10,,Q
367,0,3,"Williams, Mr. Edward",male,,0,0,859093,0,,S
368,0,3,"Taylor, Rev. George",male,43,0,2,622026,17.1474,C56,S
369,1,1,"Brown, Rev. Henry",male,0.5,0,0,213379,62.3141,,S
370,1,1,"Williams, Mr. William",male,38.8,0,0,839884,139.0332,,S
371,1,1,"Anderson, Mrs. Mary",female,18.5,0,0,547145,90.2441,,S
372,0,1,"Anderson, Mr. Arthur",male,,1,1,434517,240.8062,,S
373,1,1,"Wilson, Mr. Charles",male,,0,0,852332,197.5806,,S
374,0,3,"Davis, Mr. Henry",male,47.9,0,0,565748,22.7774,,S
375,1,1,"Williams, Mr. William",male,28.2,0,0,96923,143.9995,,Q
376,1,2,"Johnson, Dr. George",male,42.4,0,0,846232,10,,C
377,1,3,"Williams, Mr. Arthur",male,51,0,1,413048,8.5077,,Q
378,1,1,"Davis, Mr. James",male,47.1,0,0,974912,50.2727,,S
379,0,3,"Anderson, Mr. James",male,51.3,1,0,809058,5.7317,,S
380,1,2,"Anderson, Miss. Emma",female,33.6,0,0,198944,10,D73,S
381,1,1,"Davis, Miss. Elizabeth",female,40.4,3,0,487237,49.8084,,S
382,1,3,"Smith, Dr. Mary",female,,0,2,893371,29.0553,G114,S
383,0,3,"Brown, Mr. Charles",male,26.8,0,0,630447,28.1334,,S
384,0,3,"Jones, Mr. Thomas",male,19,0,4,551090,5.0452,,S
385,0,3,"Smith, Mr. Thomas",male,,0,0,288477,14.3257,,S
386,0,3,"Anderson, Dr. John",male,,0,0,307264,6.8756,E121,C
387,1,2,"Wilson, Mrs. Elizabeth",female,,0,1,627909,10,,S
388,1,1,"Williams, Mr. George",male,,0,0,687519,195.5185,,S
389,0,3,"Jones, Mr. Arthur",male,30.6,2,0,427876,20.3054,,S
390,0,3,"Williams, Mr. James",male,52,1,3,591131,15.9873,,S
391,1,3,"Davis, Mrs. Annie",female,14.7,0,0,659467,39.4187,A17,S
392,0,2,"Davis, Mr. William",male,32.5,0,0,175591,11.7855,,S
393,1,2,"Miller, Mr. Robert",male,20.3,0,0,366477,15.3461,,S
394,1,3,"Johnson, Mr. Robert",male,12.8,0,0,749937,9.4622,,C
395,0,2,"Anderson, Mr. Charles",male,22,0,0,54935,16.298,,C
396,0,3,"Davis, Mr. Arthur",male,29.5,0,0,32507,0,,S
397,0,3,"Anderson, Mr. George",male,24.4,0,0,212132,3.9882,,S
398,0,2,"Brown, Mr. Thomas",male,,0,1,356415,10,D57,S
399,1,3,"Jones, Mr. James",male,11.7,5,0,853655,4.4084,,C
400,0,3,"Smith, Mr. William",male,28.9,1,0,168747,17.664,E52,S
401,0,1,"Johnson, Mr. Robert",male,10.4,3,0,385631,42.4544,,S
402,0,3,"Smith, Mr. George",male,39.9,0,0,551961,11.3844,,S
403,1,3,"Miller, Miss. Sarah",female,1.5,0,0,119619,21.0481,,S
404,1,3,"Smith, Mrs. Alice",female,31.5,0,1,569758,6.1031,,C
405,0,2,"Smith, Mr. Thomas",male,26,0,0,838035,33.2803,,S
406,1,3,"Williams, Col. Henry",male,20.2,0,1,488041,16.2918,,S
407,0,2,"Smith, Dr. James",male,34.1,0,2,434446,10,,S
408,0,1,"Jones, Col. Arthur",male,47.4,0,0,679902,26,,S
409,1,3,"Miller, Miss. Emma",female,23.1,0,0,775923,16.1151,,C
410,0,1,"Miller, Mr. Robert",male,31.5,0,0,857839,29.992,,C
411,1,2,"Jones, Miss. Annie",female,,0,0,588109,14.0228,,S
412,0,3,"Davis, Mr. James",male,38.7,0,1,307834,14.4229,,S
413,0,3,"Jones, Mr. Thomas",male,,0,2,540942,20.3777,,S
414,0,3,"Davis, Miss. Elizabeth",female,33.1,0,0,470773,11.2407,,S
415,1,3,"Smith, Miss. Edith",female,7,0,0,646547,15.675,D94,S
416,0,2,"Miller, Miss. Mary",female,36.8,3,2,750904,24.6037,C28,S
417,0,2,"Brown, Dr. Edith",female,,0,2,360408,11.8935,,S
418,0,2,"Miller, Mr. Thomas",male,30.3,1,0,823878,33.7107,,S
419,1,3,"Miller, Miss. Edith",female,,0,0,367659,32.2203,,S
420,0,3,"Davis, Mr. Robert",male,29.2,0,0,582772,15.5383,G124,C
421,0,3,"Brown, Mrs. Margaret",female,25.3,0,2,578366,27.8552,,S
422,0,3,"Johnson, Mr. Edward",male,,0,0,533259,7.3371,,S
423,0,1,"Smith, Mrs. Florence",female,45.6,0,0,386968,105.0123,,S
424,0,3,"Brown, Mr. Arthur",male,9.4,1,0,538513,13.3017,,S
425,0,1,"Smith, Mr. James",male,33.5,0,0,396242,26,,S
426,0,3,"Davis, Mr. John",male,,0,0,84745,2.4864,,S
427,1,2,"Smith, Miss. Mary",female,44.3,0,6,251268,10,,C
428,1,3,"Williams, Mr. Robert",male,41.6,2,0,484475,20.3986,,S
429,0,2,"Davis, Mr. Charles",male,,0,0,186559,37.7227,,S
430,0,1,"Johnson, Mr. Arthur",male,31.9,0,0,734036,86.5591,,S
431,0,1,"Jones, Col. William",male,,0,0,21721,159.0357,,S
432,1,3,"Wilson, Miss. Elizabeth",female,,1,0,405803,11.5227,B52,S
433,0,3,"Wilson, Mr. George",male,26.5,5,0,118878,23.8174,,S
434,1,1,"Williams, Miss. Florence",female,28.9,0,0,573725,45.6748,,S
435,1,1,"Taylor, Mr. James",male,2,1,0,160061,64.1351,,S
436,0,3,"Anderson, Mr. James",male,20.7,1,0,698086,10.6097,C113,S
437,1,1,"Brown, Mrs. Annie",female,47.3,0,0,735900,26,D60,S
438,0,3,"Johnson, Miss. Emma",female,16.4,0,2,876269,9.2092,,S
439,0,3,"Johnson, Rev. Henry",male,28.3,0,2,632503,21.7879,,S
440,0,1,"Johnson, Mr. Edward",male,31,4,0,397581,32.4797,,C
441,1,1,"Anderson, Dr. Annie",female,8.8,0,0,837600,208.2598,,C
442,1,3,"Wilson, Mr. James",male,21.5,1,2,992173,19.1868,,S
443,1,2,"Smith, Lady. Annie",female,,0,0,374258,31.9181,B121,Q
444,0,2,"Davis, Miss. Annie",female,35.1,1,1,343760,20.2978,,S
445,0,3,"Brown, Mrs. Mary",female,38.5,0,2,148480,21.0105,E81,Q
446,0,3,"Williams, Mr. Edward",male,48.3,0,0,931657,7.5346,C89,S
447,0,3,"Jones, Miss. Sarah",female,28.6,1,0,397031,11.1982,,S
448,0,3,"Anderson, Dr. Henry",male,30.2,1,2,676415,25.5931,G58,S
449,0,2,"Davis, Mr. Henry",male,,1,0,816192,17.1204,,S
450,0,1,"Wilson, Col. Henry",male,33,0,0,552040,59.7751,,S
451,0,3,"Anderson, Dr. Robert",male,42.4,1,0,755089,10.4609,,S
452,1,3,"Brown, Dr. Florence",female,52.5,0,0,931304,24.0763,,S
453,1,2,"Anderson, Lady. Florence",female,,0,0,76573,11.9862,,C
454,1,3,"Anderson, Mrs. Margaret",female,40.1,0,0,433270,4.8379,,S
455,0,1,"Miller, Mr. Robert",male,15.1,0,6,202888,85.9421,,C
456,0,3,"Jones, Mr. John",male,31.4,0,0,299010,28.0558,,S
457,0,1,"Davis, Mr. William",male,29.6,8,0,797424,77.5762,,S
458,1,3,"Wilson, Miss. Elizabeth",female,43,0,0,820128,11.8612,F56,S
459,1,1,"Wilson, Mr. Henry",male,28.3,0,0,463498,512,,S
460,0,1,"Davis, Mrs. Alice",female,34.3,0,0,243886,33.5283,,S
461,0,1,"Wilson, Mr. Robert",male,22.9,0,2,895129,39.4261,,C
462,0,3,"Anderson, Dr. Robert",male,31.2,0,1,83541,1.2566,,S
463,1,3,"Taylor, Dr. Florence",female,20.1,3,0,62838,16.975,,S
464,0,3,"Miller, Rev. William",male,,1,0,825832,0.0964,,C
465,1,3,"Jones, Mrs. Emma",female,31.5,1,0,354421,5.4633,,S
466,1,2,"Brown, Miss. Alice",female,47.2,5,0,390836,27.4412,,Q
467,0,2,"Jones, Mr. Charles",male,,0,0,289709,21.8199,G75,Q
468,0,3,"Anderson, Dr. James",male,35.6,0,0,49585,14.6068,,S
469,0,1,"Anderson, Mr. Thomas",male,21.6,0,4,962337,159.5867,,S
470,1,3,"Miller, Dr. Ellen",female,27.6,0,0,393703,0,,S
471,1,1,"Wilson, Mr. John",male,,0,0,808526,512,,C
472,0,3,"Brown, Mr. Charles",male,,0,1,172352,8.1075,,S
473,0,1,"Davis, Mr. Charles",male,43,0,0,580935,330.0051,,S
474,1,3,"Smith, Mrs. Florence",female,30.1,0,0,709738,29.5051,,C
475,0,3,"Miller, Mr. Robert",male,48.1,0,0,947017,5.1887,,S
476,0,3,"Miller, Mrs. Ellen",female,32,0,0,927658,18.0142,,C
477,0,1,"Taylor, Miss. Margaret",female,24.3,0,1,892230,78.5465,F86,S
478,0,3,"Smith, Mr. William",male,33.4,0,0,431350,7.6227,,S
479,0,3,"Brown, Mr. Robert",male,28.3,0,1,796260,0,,C
480,1,3,"Wilson, Dr. Alice",female,20.9,1,0,642338,12.8893,,S
481,1,3,"Davis, Mr. John",male,40.3,0,0,411894,11.4444,,S
482,1,3,"Taylor, Dr. Elizabeth",female,26,0,1,671654,9.0781,,S
483,1,3,"Williams, Col. Robert",male,47,1,0,281718,16.9809,,S
484,0,3,"Williams, Mr. Thomas",male,,0,0,45183,6.2434,,S
485,1,3,"Smith, Mrs. Margaret",female,17.1,0,0,714107,2.632,,Q
486,0,3,"Wilson, Col. Thomas",male,44.6,1,0,338750,13.9817,,S
487,0,1,"Brown, Col. Henry",male,15.8,0,0,159710,118.3124,F47,S
488,1,2,"Davis, Mr. William",male,24.7,1,0,67194,25.9288,,S
489,0,3,"Brown, Mr. Edward",male,15.6,1,0,450769,21.3528,,S
490,0,3,"Wilson, Col. Edward",male,27.2,0,0,36082,0,E93,Q
491,0,3,"Miller, Mr. Henry",male,,0,2,681666,7.797,,C
492,1,3,"Anderson, Miss. Florence",female,30.3,0,0,904803,10.6779,,S
493,0,2,"Jones, Mr. Thomas",male,,0,1,137899,10,,S
494,1,1,"Jones, Dr. Florence",female,26.6,0,0,279951,64.1284,,S
495,1,3,"Williams, Mr. Robert",male,22.7,0,0,192414,29.8397,,S
496,1,2,"Brown, Miss. Edith",female,20.3,0,1,42143,13.8343,,S
497,0,3,"Johnson, Mr. Thomas",male,8.1,0,0,131952,34.971,,S
498,1,1,"Johnson, Miss. Annie",female,24.3,0,0,330558,30.7887,,Q
499,1,3,"Anderson, Mr. Charles",male,42.5,0,0,755662,13.8285,,S
500,0,3,"Smith, Mr. Edward",male,51,0,0,821147,17.2862,A38,C
501,0,3,"Jones, Mr. Robert",male,,1,0,727414,35.7693,,S
502,0,3,"Davis, Mr. Henry",male,22.3,0,0,869366,4.0577,,S
503,0,2,"Davis, Mr. William",male,29.7,0,1,22202,41.5382,,C
504,0,3,"Jones, Mr. John",male,,2,0,562275,6.2062,,S
505,1,3,"Smith, Miss. Sarah",female,23.9,0,2,176812,13.2893,,C
506,0,1,"Brown, Rev. Arthur",male,35.5,0,2,781562,75.51,,S
507,0,3,"Wilson, Mr. James",male,23.8,0,0,86848,13.2011,B88,S
508,0,3,"Taylor, Mr. Robert",male,29.8,0,0,489106,28.2419,,C
509,1,3,"Anderson, Miss. Edith",female,18.6,0,2,194943,14.3627,,S
510,0,3,"Wilson, Mr. Robert",male,,0,2,267476,10.3658,,C
511,0,3,"Miller, Col. William",male,24.3,0,0,678987,7.4366,,Q
512,0,2,"Davis, Mr. George",male,28.6,1,0,240721,24.3796,,S
513,1,3,"Taylor, Miss. Edith",female,22.4,0,0,235366,5.5675,,S
514,0,3,"Brown, Miss. Florence",female,,0,0,585357,29.6176,G115,S
515,0,1,"Anderson, Mr. John",male,,1,0,50409,40.6553,,S
516,1,1,"Miller, Miss. Ellen",female,21.1,0,0,268329,100.3576,,C
517,1,2,"Smith, Miss. Florence",female,29.4,1,0,366166,10,,S
518,0,3,"Smith, Dr. Edward",male,26.2,0,0,483851,22.2759,,S
519,1,3,"Johnson, Miss. Annie",female,,1,0,121689,22.8532,,S
520,0,1,"Johnson, Col. William",male,,0,0,116948,512,C110,S
521,0,3,"Wilson, Mr. Charles",male,45.3,1,0,726846,8.261,E17,C
522,1,2,"Anderson, Mr. Edward",male,34.8,1,0,535899,23.3986,,S
523,0,3,"Williams, Mr. Robert",male,28.6,0,0,922479,16.6816,,Q
524,0,3,"Miller, Mr. Charles",male,35.8,0,0,565945,18.9997,F126,
525,1,3,"Brown, Mrs. Emma",female,3.8,0,0,552750,0.8507,,S
526,1,3,"Johnson, Rev. Arthur",male,15.4,0,2,782112,8.9032,,S
527,0,2,"Wilson, Mr. Thomas",male,14.5,0,0,99299,24.9291,,S
528,0,2,"Johnson, Mr. Thomas",male,31.9,0,0,834979,36.904,,Q
529,1,1,"Miller, Miss. Mary",female,62,0,0,904186,82.0979,,S
530,0,3,"Anderson, Mr. Robert",male,59,0,3,956567,6.3987,E11,C
531,0,3,"Williams, Mr. Charles",male,38.3,0,0,770814,10.2926,A122,S
532,0,3,"Smith, Mr. Edward",male,,0,0,354417,0,,S
533,1,3,"Williams, Dr. James",male,6.6,0,0,523622,14.6829,,S
534,0,3,"Anderson, Miss. Florence",female,26,0,0,351541,12.6015,C74,S
535,1,3,"Brown, Lady. Emma",female,16.2,0,0,587076,6.4394,,S
536,0,3,"Davis, Mr. Charles",male,21.9,0,0,183595,11.2989,,S
537,1,3,"Davis, Lady. Margaret",female,19.9,0,0,695644,14.6227,,C
538,0,2,"Johnson, Rev. James",male,23.9,0,0,622252,29.6353,,S
539,1,2,"Davis, Miss. Annie",female,18.7,0,0,467212,22.7147,,S
540,0,1,"Johnson, Dr. Charles",male,,1,0,338391,105.7759,,S
541,0,3,"Davis, Mr. Edward",male,16.1,0,1,285850,7.3005,,S
542,0,3,"Wilson, Mr. John",male,33.1,0,0,496830,12.1292,D29,Q
543,1,1,"Jones, Mrs. Alice",female,37.6,0,1,545212,38.1318,,S
544,0,3,"Brown, Mr. Charles",male,,1,0,514593,44.7615,,S
545,0,3,"Williams, Dr. Charles",male,0.5,2,0,550209,1.7996,,S
546,1,2,"Smith, Mr. Charles",male,26.3,0,0,428648,11.5794,,S
547,1,1,"Brown, Mrs. Edith",female,1.9,0,2,915392,87.1896,,S
548,1,3,"Taylor, Mr. James",male,55.5,1,0,552101,8.1509,,S
549,0,3,"Wilson, Mrs. Elizabeth",female,38,0,0,639036,6.5181,,S
550,0,3,"Jones, Mrs. Alice",female,26.4,0,0,905420,2.8691,,S
551,0,3,"Anderson, Mr. John",male,24,0,0,730610,12.6284,,C
552,1,3,"Anderson, Miss. Emma",female,26.3,0,0,922510,0,,S
553,0,3,"Miller, Mr. Thomas",male,64.4,2,0,996460,21.5213,,C
554,0,3,"Taylor, Miss. Emma",female,43.2,8,0,667428,13.495,,S
555,0,3,"Wilson, Mr. William",male,33.3,1,0,574215,16.8019,,C
556,1,2,"Anderson, Mrs. Ellen",female,39.4,0,0,473558,22.9961,D46,S
557,1,1,"Anderson, Lady. Annie",female,22.2,1,0,901580,73.2519,C132,S
558,1,1,"Anderson, Mrs. Sarah",female,4.8,0,0,564827,85.1397,,S
559,1,3,"Williams, Miss. Florence",female,,0,0,283827,2.5235,,S
560,0,3,"Wilson, Mr. George",male,24.9,1,0,133031,9.7781,,S
561,0,3,"Williams, Mr. Charles",male,,0,0,357295,5.2635,,S
562,1,1,"Jones, Miss. Alice",female,23.8,0,2,176746,88.9953,,S
563,1,1,"Taylor, Mr. Arthur",male,38.1,0,2,586991,101.4614,,S
564,0,1,"Anderson, Mr. Robert",male,25.2,1,1,855242,97.345,C143,S
565,0,2,"Miller, Mrs. Margaret",female,48.1,0,0,358255,24.9923,,C
566,1,3,"Miller, Dr. Alice",female,55.8,0,0,750703,23.4704,,S
567,1,2,"Miller, Mrs. Florence",female,,0,0,882409,18.2488,,S
568,0,2,"Brown, Mr. James",male,29.3,1,0,752474,17.8224,,S
569,1,3,"Williams, Mrs. Ellen",female,,1,0,676477,3.2043,,S
570,1,2,"Smith, Mr. James",male,46.4,0,1,800097,31.7152,,S
571,0,3,"Brown, Miss. Mary",female,11.8,0,1,840822,28.7583,,C
572,1,3,"Davis, Col. Charles",male,21.5,0,1,871316,12.7163,,S
573,1,2,"Williams, Miss. Alice",female,12.7,4,0,598175,15.1288,D54,S
574,1,3,"Davis, Miss. Edith",female,19.3,0,0,713626,7.3224,,S
575,1,3,"Taylor, Rev. Henry",male,2.2,2,0,327685,16.8912,,S
576,0,3,"Anderson, Miss. Annie",female,19.1,0,0,468018,6.5454,,C
577,1,1,"Johnson, Mr. Henry",male,43.7,1,0,890751,205.8412,D92,C
578,1,3,"Williams, Miss. Annie",female,19.9,1,0,17882,1.106,,S
579,1,3,"Smith, Miss. Emma",female,,1,0,80825,13.1898,,S
580,1,2,"Anderson, Col. John",male,33.7,3,0,810342,29.6254,E129,S
581,0,3,"Anderson, Dr. Emma",female,29.9,0,0,836998,12.3945,,S
582,1,3,"Williams, Mrs. Elizabeth",female,42.8,0,1,204145,3.3281,,S
583,0,3,"Wilson, Mr. Edward",male,,0,0,893951,5.9588,,S
584,0,2,"Johnson, Mr. Thomas",male,31.2,1,1,177248,30.5409,,S
585,1,3,"Miller, Miss. Annie",female,24,0,0,93081,15.2273,,S
586,1,1,"Anderson, Mrs. Florence",female,,0,0,171361,45.5231,,S
587,1,1,"Anderson, Mrs. Emma",female,29.5,0,0,977915,136.2486,,C
588,1,1,"Wilson, Mrs. Mary",female,20.1,0,0,997130,58.947,A34,S
589,1,1,"Brown, Mr. James",male,,0,4,119337,44.906,,C
590,1,1,"Taylor, Mrs. Mary",female,,0,0,25362,89.2379,,S
591,1,1,"Johnson, Dr. George",male,38.5,1,0,490826,100.4723,C144,S
592,0,3,"Davis, Mr. James",male,32.5,0,0,285927,1.29,,C
593,0,1,"Miller, Mr. Thomas",male,,0,2,185234,77.6866,D115,C
594,1,2,"Wilson, Dr. Charles",male,24.9,0,0,963253,34.7718,E53,S
595,0,3,"Johnson, Mr. Robert",male,44.6,0,0,771729,24.6999,C45,S
596,0,3,"Davis, Mr. John",male,42.3,1,0,406770,21.6427,,C
597,0,3,"Wilson, Miss. Florence",female,43,1,0,986072,0,,S
598,1,1,"Wilson, Mr. William",male,35.3,0,0,290917,91.1786,,S
599,0,1,"Wilson, Mr. Henry",male,17.4,1,0,476910,169.9799,C15,C
600,1,1,"Brown, Mr. William",male,12.1,1,0,994054,196.1536,,S
601,1,1,"Williams, Mr. Edward",male,21.9,1,1,187367,60.1682,,S
602,0,2,"Johnson, Dr. Henry",male,,0,0,695691,47.4201,,S
603,1,1,"Wilson, Col. William",male,42.4,3,0,317784,48.7694,,S
604,1,1,"Davis, Col. John",male,36.7,0,0,468093,36.5087,,S
605,1,1,"Brown, Miss. Ellen",female,18.3,0,0,843401,115.3436,A18,S
606,0,3,"Taylor, Col. Thomas",male,,0,0,839418,6.9839,,S
607,0,1,"Jones, Mr. Arthur",male,,0,0,636305,64.6054,,S
608,1,2,"Wilson, Mr. James",male,35.6,0,0,388324,22.8007,D22,S
609,1,3,"Miller, Mrs. Annie",female,0.5,0,0,541873,13.8507,,S
610,0,3,"Williams, Dr. William",male,39.8,0,0,14122,29.2548,,Q
611,0,1,"Davis, Col. Edward",male,,1,0,26838,31.7766,,S
612,0,3,"Taylor, Dr. James",male,39.2,1,0,682661,13.8744,,Q
613,0,3,"Davis, Mr. Arthur",male,34.6,0,0,295251,23.0501,,S
614,1,1,"Anderson, Mr. Edward",male,,1,0,722717,91.1547,A137,C
615,0,3,"Taylor, Rev. Arthur",male,29.7,1,2,753521,17.4899,,S
616,0,3,"Miller, Mr. James",male,18.5,1,1,899110,9.9207,,S
617,0,1,"Miller, Mr. Thomas",male,27.9,0,0,720571,76.6683,,C
618,1,2,"Johnson, Mr. George",male,20.3,1,0,600313,38.0733,,C
619,1,3,"Jones, Miss. Elizabeth",female,,2,1,600808,7.7939,,S
620,1,3,"Smith, Lady. Emma",female,,1,1,551632,12.3026,,S
621,1,1,"Williams, Mrs. Florence",female,29.8,0,1,329346,67.0104,,S
622,1,1,"Davis, Dr. Annie",female,33.6,0,0,896518,106.8095,,C
623,1,2,"Taylor, Col. Henry",male,5.4,0,0,811391,34.3666,,S
624,0,3,"Taylor, Col. Edward",male,32.8,0,1,966255,12.5361,,S
625,0,3,"Brown, Col. William",male,30,0,0,405085,30.208,,S
626,1,2,"Miller, Mrs. Florence",female,23.3,0,0,840696,33.2129,,S
627,1,3,"Williams, Mrs. Emma",female,30.7,1,0,826700,25.1426,B94,C
628,0,3,"Miller, Dr. Charles",male,42.2,1,0,618852,13.2199,,S
629,1,1,"Williams, Miss. Edith",female,21.5,0,0,967110,26,,S
630,0,2,"Smith, Mr. Edward",male,20.1,3,0,154622,17.8961,A33,S
631,0,3,"Wilson, Dr. Edith",female,,0,0,784393,27.0423,E53,S
632,0,3,"Miller, Mr. John",male,17.8,0,0,671062,0,,S
633,1,3,"Taylor, Mr. Arthur",male,40.8,1,0,612851,1.161,,S
634,0,3,"Taylor, Rev. Arthur",male,27.5,1,0,382308,24.785,,Q
635,0,1,"Anderson, Dr. William",male,,2,0,989249,69.0879,,S
636,0,2,"Williams, Mr. James",male,3.9,0,0,239351,19.373,B107,S
637,0,3,"Brown, Mr. John",male,38.3,1,1,296603,1.7126,,C
638,1,2,"Jones, Miss. Mary",female,20,0,0,853214,21.7215,,S
639,0,2,"Taylor, Mr. George",male,30.8,1,0,491038,28.3824,D18,Q
640,0,2,"Davis, Mr. Arthur",male,33.6,1,0,147104,10,,C
641,1,1,"Johnson, Col. George",male,47.7,0,1,11825,227.6643,,S
642,1,2,"Johnson, Mrs. Elizabeth",female,35.9,0,0,660475,23.3304,B65,S
643,1,1,"Brown, Dr. Robert",male,0.5,1,0,480306,39.6189,,S
644,0,2,"Anderson, Dr. Charles",male,32.4,0,0,783158,15.1214,F31,S
645,0,1,"Anderson, Mr. John",male,53.4,0,0,451317,98.0753,F90,C
646,0,3,"Taylor, Mr. James",male,46.1,1,1,856541,22.6626,,S
647,1,3,"Wilson, Lady. Florence",female,43.8,0,1,546758,7.3224,,S
648,0,3,"Smith, Mr. John",male,23.6,1,0,275914,10.3192,,S
649,0,3,"Miller, Mr. James",male,40.5,0,0,168340,19.9213,,S
650,1,3,"Johnson, Mrs. Edith",female,24.5,0,0,927533,8.2535,,S
651,0,1,"Anderson, Mr. James",male,36.2,1,0,695443,113.61,,C
652,0,3,"Brown, Col. George",male,36.6,0,0,281102,16.5889,,S
653,0,3,"Johnson, Mr. Charles",male,43.8,0,0,385950,20.0667,,S
654,0,3,"Davis, Miss. Mary",female,25.5,1,0,805238,0,,S
655,0,2,"Williams, Rev. Edward",male,35.1,0,0,304306,10,,C
656,1,1,"Smith, Mrs. Emma",female,47.5,0,2,871164,90.991,D22,S
657,0,2,"Davis, Rev. Edward",male,29.7,0,0,175961,12.2701,,C
658,0,2,"Brown, Mr. Charles",male,,1,1,561990,18.9302,,S
659,0,3,"Smith, Col. Henry",male,21,1,0,438993,27.4712,G25,Q
660,0,3,"Johnson, Mrs. Sarah",female,15.4,1,0,456187,25.1811,,S
661,0,2,"Miller, Mr. James",male,23.2,0,0,804171,12.6302,,S
662,1,3,"Jones, Lady. Elizabeth",female,38.4,1,0,296743,25.993,A54,S
663,0,3,"Jones, Mrs. Mary",female,46.1,0,0,308971,15.6224,,S
664,1,1,"Jones, Mr. George",male,44.6,1,0,611109,193.7068,A148,S
665,0,1,"Johnson, Rev. George",male,,0,6,630971,382.2546,,S
666,0,1,"Jones, Col. Henry",male,29.9,1,0,602734,134.9529,,S
667,0,2,"Williams, Mr. George",male,25.7,1,0,221282,23.1037,F108,S
668,1,1,"Johnson, Miss. Annie",female,40,0,2,880322,73.2914,,Q
669,1,1,"Jones, Lady. Annie",female,20.9,0,0,499428,115.1535,,S
670,0,2,"Anderson, Rev. Edward",male,18.7,1,0,819471,32.7181,D110,C
671,0,1,"Miller, Dr. Henry",male,21.4,0,0,922453,29.4224,A149,S
672,1,3,"Wilson, Miss. Ellen",female,31.2,3,1,784815,13.4968,F103,S
673,1,1,"Miller, Mr. Arthur",male,12.5,0,2,972433,103.9522,,S
674,1,3,"Johnson, Miss. Florence",female,28.1,0,2,369511,0,,S
675,0,2,"Williams, Mr. Edward",male,,0,0,53884,15.5259,,Q
676,1,3,"Jones, Dr. Alice",female,,0,1,690506,13.2937,,S
677,0,1,"Wilson, Dr. Charles",male,33.4,2,0,580107,164.1365,D51,C
678,1,2,"Jones, Mr. Edward",male,32.5,0,0,93162,12.978,,Q
679,0,3,"Anderson, Mr. Charles",male,41.1,1,0,747992,15.7943,,S
680,0,3,"Davis, Mr. Charles",male,28.2,0,0,434524,2.8546,,Q
681,0,3,"Miller, Mr. Arthur",male,,0,3,416270,2.5875,,S
682,1,2,"Brown, Mrs. Emma",female,14.7,0,2,89606,21.4383,C142,Q
683,1,1,"Wilson, Mrs. Margaret",female,49.7,0,0,904221,173.3822,,S
684,0,3,"Jones, Mr. George",male,22.4,4,0,586306,8.2131,,S
685,0,3,"Wilson, Mr. John",male,0.5,0,0,36250,17.5083,A37,C
686,0,3,"Johnson, Mr. Henry",male,28.3,0,1,679773,4.1591,,S
687,0,3,"Johnson, Rev. Charles",male,48.5,0,0,349535,27.4482,,S
688,0,2,"Anderson, Dr. James",male,42,0,0,311065,26.9074,,S
689,0,3,"Jones, Rev. Thomas",male,42.6,0,0,867555,0,,S
690,0,1,"Johnson, Mr. John",male,46.1,1,0,789599,36.3406,,S
691,0,2,"Williams, Dr. William",male,31.2,0,0,84363,17.2822,B125,C
692,0,2,"Johnson, Mr. William",male,32.6,0,2,166857,10,,S
693,0,3,"Smith, Mr. Robert",male,22,0,0,197937,19.8975,A10,S
694,0,2,"Williams, Dr. Sarah",female,31.6,4,0,631688,39.9219,F101,S
695,1,1,"Jones, Mr. Henry",male,,0,0,106847,245.1898,,S
696,1,3,"Jones, Miss. Florence",female,3.3,0,0,803293,0,,C
697,1,2,"Brown, Rev. James",male,28.2,0,2,610628,12.2927,,C
698,0,3,"Miller, Mr. Arthur",male,24.1,0,0,941483,8.004,,Q
699,0,1,"Jones, Mrs. Annie",female,26.1,0,0,732193,233.4268,B67,S
700,1,3,"Wilson, Miss. Florence",female,9.2,0,0,123049,12.1641,,S
701,1,3,"Wilson, Miss. Annie",female,52.8,1,0,534645,1.5561,,Q
702,0,1,"Johnson, Mr. Robert",male,0.5,0,0,269718,58.0715,,C
703,0,2,"Davis, Mr. John",male,,1,0,911036,10,,S
704,1,1,"Brown, Mrs. Elizabeth",female,,0,0,319345,160.663,,S
705,0,1,"Jones, Mr. Henry",male,,0,0,195326,252.802,,Q
706,0,3,"Johnson, Dr. William",male,28.1,0,0,354304,15.9219,,S
707,0,2,"Taylor, Col. Thomas",male,24.1,0,0,807228,10,,S
708,0,3,"Williams, Col. Robert",male,,1,0,557526,0,,S
709,1,2,"Anderson, Dr. Sarah",female,43.5,0,0,366320,14.8824,,S
710,0,3,"Brown, Mr. Edward",male,33.9,0,1,454194,12.7535,,S
711,1,3,"Brown, Mr. William",male,38.1,0,1,575171,30.578,,S
712,0,3,"Taylor, Mr. Henry",male,15.2,8,0,619766,19.1826,,S
713,0,3,"Anderson, Mr. Charles",male,43.5,0,0,603684,26.8246,,S
714,0,2,"Jones, Mr. John",male,29,2,0,251819,12.16,G90,S
715,0,2,"Jones, Mr. Charles",male,38.7,0,0,800879,22.325,,S
716,1,3,"Johnson, Col. Henry",male,16.1,0,1,816955,14.0541,,C
717,0,3,"Miller, Mrs. Annie",female,,0,0,467295,15.126,B86,Q
718,0,3,"Williams, Mr. Henry",male,40.6,0,0,730183,4.5476,A81,S
719,0,1,"Anderson, Mr. George",male,34.9,0,1,976793,328.6621,,S
720,0,3,"Davis, Mrs. Margaret",female,27.9,0,1,259494,11.1481,,Q
721,1,3,"Williams, Mrs. Emma",female,24.2,1,0,503487,27.4506,,S
722,1,1,"Jones, Mr. John",male,,1,0,508099,267.9234,,S
723,0,1,"Smith, Mr. Henry",male,,1,0,145921,55.4718,E15,C
724,0,3,"Davis, Mr. William",male,,0,0,165790,4.5688,,S
725,1,3,"Wilson, Lady. Elizabeth",female,10.9,0,2,901903,0.6513,,C
726,1,3,"Taylor, Miss. Alice",female,,0,1,884294,23.6195,,C
727,0,1,"Jones, Lady. Sarah",female,25,1,1,333121,27.1961,,S
728,0,3,"Davis, Mr. John",male,37.8,2,0,884757,24.2907,,S
729,1,1,"Davis, Miss. Elizabeth",female,15.8,0,1,692495,259.3544,G63,S
730,0,1,"Miller, Col. William",male,,0,0,532912,78.626,,S
731,0,1,"Davis, Mr. Charles",male,,0,0,513869,95.9338,,S
732,1,3,"Wilson, Mr. John",male,17,0,0,171334,11.5917,,S
733,1,3,"Miller, Miss. Emma",female,9.6,0,0,400566,16.0863,,S
734,0,3,"Johnson, Mr. John",male,23.3,0,0,523419,24.1912,,C
735,1,2,"Johnson, Mrs. Mary",female,,1,0,231043,10.2362,G20,S
736,0,3,"Brown, Mr. Henry",male,17.1,0,0,44787,7.133,,S
737,1,2,"Taylor, Mr. Robert",male,0.5,0,0,769838,30.5754,G143,S
738,1,3,"Williams, Mr. James",male,27.5,8,0,287833,0,,S
739,1,2,"Taylor, Mr. Robert",male,61.4,0,0,180932,19.5054,,S
740,1,2,"Miller, Mrs. Elizabeth",female,10.3,0,0,913969,10,,S
741,0,3,"Anderson, Mr. Robert",male,29.7,0,1,846776,13.4775,,S
742,1,2,"Smith, Miss. Emma",female,,0,0,512025,18.0118,C86,C
743,1,3,"Taylor, Miss. Mary",female,40.5,0,0,340035,8.7081,,Q
744,1,3,"Williams, Mrs. Ellen",female,7.2,1,0,192730,28.094,,S
745,1,1,"Williams, Mr. William",male,14.6,0,1,107464,72.3903,,S
746,1,3,"Taylor, Dr. William",male,44.5,0,0,862301,23.7213,G21,S
747,1,2,"Johnson, Mr. James",male,39.3,0,0,438546,39.6746,,S
748,1,3,"Brown, Miss. Mary",female,42.6,0,0,90312,0,,S
749,1,3,"Jones, Miss. Alice",female,,1,0,725424,37.3971,,C
750,0,3,"Davis, Rev. James",male,30.3,1,0,561302,12.4263,,S
751,1,1,"Anderson, Miss. Alice",female,,0,0,568851,26.8957,,S
752,0,3,"Anderson, Mr. Charles",male,37.7,1,0,942774,0.3362,F62,S
753,0,3,"Wilson, Col. Arthur",male,25.4,0,0,958783,11.0198,,Q
754,0,2,"Wilson, Dr. Arthur",male,22.5,5,0,370701,30.8385,,C
755,0,1,"Miller, Dr. Margaret",female,32.8,0,0,406873,107.622,,S
756,1,3,"Miller, Mr. Arthur",male,50.1,5,0,623710,10.3198,,S
757,1,3,"Brown, Miss. Edith",female,27.4,1,0,380063,18.699,,S
758,0,3,"Anderson, Miss. Alice",female,0.5,0,0,471989,9.5113,C45,S
759,1,3,"Brown, Mrs. Annie",female,18.4,0,0,928531,0,A37,S
760,1,3,"Williams, Mr. James",male,30.7,5,0,155271,11.6557,D111,C
761,1,1,"Wilson, Mr. Edward",male,32.3,1,1,651142,59.4892,G24,C
762,0,2,"Smith, Rev. Arthur",male,33.2,0,2,514803,18.3444,,Q
763,0,2,"Brown, Dr. Edward",male,27.1,1,0,972458,34.701,,S
764,0,3,"Davis, Mr. James",male,,0,0,256229,14.4702,,C
765,1,1,"Miller, Miss. Edith",female,29.2,0,0,89317,58.4979,,C
766,0,3,"Anderson, Col. John",male,19.2,0,1,287264,4.4613,,S
767,0,3,"Anderson, Mr. Henry",male,28.7,0,0,197884,22.5513,,C
768,0,3,"Jones, Dr. George",male,,1,0,624113,9.0995,,S
769,0,2,"Davis, Mr. Henry",male,27.7,0,1,802415,17.7219,C33,C
770,0,3,"Williams, Mr. John",male,,1,0,269571,9.7136,,S
771,0,1,"Miller, Col. Edward",male,,0,1,338773,59.7383,G39,S
772,0,3,"Taylor, Mrs. Edith",female,36.3,0,0,80325,19.1851,,S
773,0,1,"Johnson, Mr. John",male,,0,0,668272,68.1868,,S
774,1,2,"Williams, Miss. Annie",female,42.1,0,1,844311,23.912,,S
775,1,3,"Jones, Mrs. Sarah",female,22.6,0,0,687233,8.6994,,S
776,1,1,"Anderson, Dr. Arthur",male,,0,0,24332,126.7544,,S
777,1,1,"Wilson, Lady. Florence",female,,0,0,681924,26,,S
778,0,3,"Smith, Mr. Edward",male,37.2,0,2,612083,0,,C
779,1,3,"Johnson, Miss. Mary",female,,0,0,117716,13.2077,,Q
780,0,3,"Jones, Mr. Thomas",male,33.2,0,0,423742,18.6241,,S
781,1,3,"Jones, Mrs. Alice",female,,1,0,730841,14.741,,C
782,1,3,"Davis, Miss. Annie",female,49.6,1,0,980279,24.7888,,S
783,1,2,"Davis, Miss. Florence",female,15.9,0,0,883081,24.6044,,C
784,1,2,"Wilson, Miss. Florence",female,19.8,0,0,943510,18.8348,,S
785,0,1,"Smith, Mr. Arthur",male,19.5,0,0,31643,147.0859,,S
786,0,3,"Brown, Mr. John",male,13.7,3,2,73128,13.8938,,S
787,0,3,"Anderson, Mr. George",male,,0,0,576811,9.4863,,S
788,0,2,"Miller, Mr. Thomas",male,36.1,0,0,866652,14.9509,,S
789,1,3,"Jones, Miss. Florence",female,22.7,0,0,476606,7.1272,,C
790,0,3,"Wilson, Rev. William",male,29,0,0,62784,7.4994,,S
791,1,1,"Williams, Mrs. Edith",female,20.1,0,2,884325,26,,S
792,0,3,"Miller, Mr. Arthur",male,32,1,0,856133,25.1776,,C
793,0,3,"Johnson, Mrs. Sarah",female,31.2,0,0,945450,0,,C
794,0,3,"Jones, Mr. Charles",male,57.2,0,0,678487,16.5604,,S
795,1,1,"Davis, Lady. Alice",female,27.2,0,0,388245,86.7466,,S
796,1,3,"Brown, Miss. Annie",female,29.9,0,0,119002,0,,S
797,1,3,"Johnson, Mr. William",male,56.3,1,0,694764,15.7875,,S
798,1,3,"Miller, Mr. John",male,30.1,0,0,533897,17.2818,,S
799,0,3,"Anderson, Mrs. Mary",female,49.1,1,0,753784,18.3068,,S
800,1,3,"Williams, Col. Charles",male,25.4,0,0,27401,0,,C
801,0,3,"Smith, Mr. George",male,,0,0,942932,25.2975,,S
802,0,1,"Taylor, Mr. James",male,47.8,3,3,898390,70.6049,F75,Q
803,0,3,"Taylor, Dr. Edward",male,,0,0,254373,19.1791,E87,C
804,1,3,"Miller, Mr. Arthur",male,49.9,1,0,786890,19.6697,,Q
805,1,2,"Wilson, Mr. Charles",male,,0,0,122046,28.7324,,S
806,0,3,"Smith, Mr. John",male,26.5,1,0,860804,18.9441,,C
807,0,3,"Anderson, Mr. James",male,24.4,0,0,284115,9.5306,,S
808,1,3,"Johnson, Mrs. Emma",female,,0,2,516911,0,A91,S
809,1,2,"Brown, Mr. James",male,9.2,1,0,360162,22.3965,C104,S
810,1,1,"Johnson, Mrs. Margaret",female,1.4,2,2,264572,162.6727,,S
811,0,3,"Miller, Col. Arthur",male,56.3,1,0,921200,5.3096,,C
812,0,3,"Miller, Mr. John",male,,1,0,550853,9.3724,,C
813,1,1,"Davis, Mr. James",male,32.5,1,2,541117,146.4946,,S
814,0,3,"Davis, Rev. George",male,21.4,0,0,266680,12.4846,G22,S
815,0,3,"Smith, Mr. James",male,35.5,0,2,86023,17.9326,B149,S
816,0,3,"Anderson, Rev. Thomas",male,30.2,0,0,438651,0.9446,,S
817,0,3,"Taylor, Mr. Charles",male,21.7,0,2,91823,6.3185,,C
818,0,2,"Johnson, Mr. Robert",male,36.3,0,0,573229,16.9671,,S
819,0,1,"Johnson, Mrs. Annie",female,36.9,0,0,785469,176.5913,,Q
820,1,2,"Williams, Mr. Henry",male,,0,0,707819,30.1022,B18,S
821,0,3,"Miller, Rev. Edward",male,39.4,1,0,451192,22.767,,S
822,1,1,"Jones, Miss. Edith",female,15.8,0,0,907971,26.8422,,S
823,0,2,"Wilson, Mr. John",male,17.6,0,0,482415,21.5674,,S
824,0,2,"Williams, Rev. Robert",male,,0,0,543464,22.1346,A57,S
825,1,3,"Anderson, Miss. Edith",female,34.6,1,0,267505,11.4842,,C
826,1,3,"Williams, Mr. Thomas",male,34.6,1,1,847948,18.4328,A62,C
827,1,2,"Taylor, Miss. Ellen",female,34.5,0,0,680432,31.1892,C33,S
828,0,2,"Wilson, Mrs. Margaret",female,17.8,0,0,998556,15.0579,B117,S
829,1,3,"Miller, Mr. Thomas",male,13.7,0,0,369512,23.6837,,S
830,0,2,"Smith, Mr. Henry",male,37.9,0,0,422905,10.598,,S
831,0,1,"Smith, Mr. James",male,41.5,0,0,159671,109.0386,,S
832,0,2,"Anderson, Mr. Henry",male,24.1,0,0,659958,35.4882,,S
833,0,1,"Williams, Dr. Henry",male,23.9,0,2,92045,26,,C
834,1,1,"Williams, Mrs. Mary",female,10.2,0,1,176460,115.491,,S
835,0,3,"Johnson, Mr. William",male,24.3,3,0,391047,19.568,,Q
836,0,2,"Davis, Mr. Edward",male,29.1,3,0,584891,26.0556,E42,S
837,1,3,"Wilson, Miss. Margaret",female,2.7,0,0,346880,13.3873,,Q
838,1,2,"Taylor, Miss. Ellen",female,11.9,0,0,297933,10,,S
839,1,3,"Davis, Col. Henry",male,25.3,0,0,742792,0,,S
840,0,3,"Jones, Mr. Henry",male,21.6,0,0,490683,32.0947,,Q
841,0,1,"Smith, Mr. James",male,39.7,3,0,885055,26.4372,G86,S
842,1,3,"Wilson, Mr. John",male,27.6,0,0,492505,0,,S
843,1,1,"Brown, Mr. George",male,21.6,1,0,848714,76.384,F62,S
844,1,3,"Wilson, Col. Arthur",male,47.2,0,1,305608,13.301,,C
845,1,1,"Davis, Miss. Ellen",female,17.2,4,0,208878,59.073,,C
846,1,2,"Anderson, Col. Robert",male,22.2,0,1,838426,30.5882,,S
847,0,1,"Wilson, Mr. Robert",male,5.7,1,5,528936,48.8449,,S
848,1,3,"Miller, Mr. Thomas",male,43.1,0,0,222668,15.6809,,Q
849,0,3,"Smith, Col. Arthur",male,,0,0,249103,17.0514,,S
850,1,3,"Miller, Mrs. Margaret",female,33.4,0,0,379453,12.0608,,S
851,0,1,"Miller, Miss. Emma",female,22.3,0,2,133189,66.2899,,S
852,0,3,"Jones, Lady. Alice",female,25.2,2,3,101123,0,,S
853,1,1,"Smith, Mr. Henry",male,14.3,2,0,778748,57.0398,A87,S
854,0,3,"Anderson, Mr. Edward",male,39.5,1,0,822026,13.5852,,S
855,1,1,"Smith, Rev. Thomas",male,30.2,0,1,717923,92.492,,S
856,1,1,"Johnson, Mr. William",male,17.6,1,0,914838,34.7324,,S
857,0,1,"Davis, Col. John",male,24.7,0,1,745712,188.8173,A111,S
858,0,3,"Taylor, Mrs. Ellen",female,25.8,0,2,639309,14.4114,B112,S
859,0,3,"Wilson, Col. Arthur",male,31.4,0,0,227912,15.5311,,C
860,1,1,"Williams, Mr. Henry",male,,0,0,300530,152.1267,,S
861,0,3,"Williams, Dr. John",male,55.7,0,0,782092,1.5667,,S
862,1,2,"Williams, Mr. Robert",male,9.7,0,0,600940,30.573,B99,Q
863,0,3,"Davis, Mr. James",male,51,0,0,366979,34.3067,A130,S
864,1,2,"Williams, Dr. Ellen",female,,1,1,894555,33.3341,G69,S
865,1,2,"Miller, Miss. Mary",female,13.7,0,2,289684,20.9231,,S
866,1,3,"Jones, Miss. Ellen",female,33.2,0,2,909915,9.3372,,C
867,0,1,"Miller, Mr. James",male,27.5,0,0,830188,98.0665,B39,C
868,0,1,"Johnson, Col. Robert",male,42,0,1,970930,68.2981,,Q
869,1,3,"Jones, Mr. Robert",male,28.3,0,0,146659,7.6774,,C
870,1,3,"Anderson, Mr. Henry",male,49.6,0,0,486964,26.9968,,S
871,0,2,"Davis, Mrs. Alice",female,19.2,0,0,746699,27.1903,B92,S
872,0,2,"Taylor, Mr. John",male,29.8,1,0,99792,34.9204,,S
873,1,3,"Williams, Dr. Henry",male,13.7,0,2,845471,22.9604,,S
874,1,2,"Brown, Rev. John",male,,1,0,413485,34.182,,S
875,0,1,"Jones, Mr. James",male,41.5,0,0,16088,55.6145,,S
876,1,1,"Jones, Mrs. Sarah",female,25.6,0,0,372793,54.2398,,S
877,0,3,"Wilson, Mr. Charles",male,0.5,1,0,52044,12.8916,,C
878,0,3,"Brown, Mr. William",male,,0,0,954585,2.9131,,S
879,1,1,"Smith, Mr. Arthur",male,35.7,0,0,726748,164.7671,,S
880,0,1,"Smith, Rev. William",male,35.3,1,0,151615,75.376,G117,S
881,1,1,"Jones, Dr. Ellen",female,22.1,0,0,13005,30.575,G34,S
882,1,3,"Taylor, Lady. Emma",female,13.5,1,1,309347,18.9604,,S
883,1,1,"Davis, Mrs. Elizabeth",female,,0,0,288364,116.2766,B23,S
884,1,1,"Taylor, Lady. Emma",female,10.9,1,0,118991,29.2081,,S
885,0,3,"Brown, Mr. Edward",male,6.9,0,0,42696,15.206,,C
886,1,1,"Brown, Mrs. Alice",female,44.3,0,0,745043,98.3674,,Q
887,1,3,"Jones, Mr. John",male,,0,0,580669,7.3467,,S
888,0,1,"Williams, Mr. John",male,28.9,0,0,975488,37.096,F85,S
889,1,1,"Brown, Mrs. Florence",female,32.9,0,2,532779,196.5334,,S
890,0,2,"Williams, Col. Edward",male,23.7,0,0,770292,16.677,,Q
891,0,3,"Miller, Mrs. Edith",female,18,0,1,141148,4.602,,S
