date,sales,year,month,day_of_week,week,is_weekend
2019-01-01,375,2019,1,1,1,0
2019-01-02,348,2019,1,2,1,0
2019-01-03,383,2019,1,3,1,0
2019-01-04,469,2019,1,4,1,0
2019-01-05,468,2019,1,5,1,1
2019-01-06,434,2019,1,6,1,1
2019-01-07,390,2019,1,0,2,0
2019-01-08,394,2019,1,1,2,0
2019-01-09,340,2019,1,2,2,0
2019-01-10,385,2019,1,3,2,0
2019-01-11,377,2019,1,4,2,0
2019-01-12,464,2019,1,5,2,1
2019-01-13,469,2019,1,6,2,1
2019-01-14,262,2019,1,0,3,0
2019-01-15,298,2019,1,1,3,0
2019-01-16,344,2019,1,2,3,0
2019-01-17,327,2019,1,3,3,0
2019-01-18,424,2019,1,4,3,0
2019-01-19,451,2019,1,5,3,1
2019-01-20,394,2019,1,6,3,1
2019-01-21,403,2019,1,0,4,0
2019-01-22,367,2019,1,1,4,0
2019-01-23,381,2019,1,2,4,0
2019-01-24,320,2019,1,3,4,0
2019-01-25,393,2019,1,4,4,0
2019-01-26,524,2019,1,5,4,1
2019-01-27,419,2019,1,6,4,1
2019-01-28,364,2019,1,0,5,0
2019-01-29,361,2019,1,1,5,0
2019-01-30,377,2019,1,2,5,0
2019-01-31,365,2019,1,3,5,0
2019-02-01,541,2019,2,4,5,0
2019-02-02,534,2019,2,5,5,1
2019-02-03,438,2019,2,6,5,1
2019-02-04,397,2019,2,0,6,0
2019-02-05,347,2019,2,1,6,0
2019-02-06,414,2019,2,2,6,0
2019-02-07,321,2019,2,3,6,0
2019-02-08,383,2019,2,4,6,0
2019-02-09,567,2019,2,5,6,1
2019-02-10,564,2019,2,6,6,1
2019-02-11,381,2019,2,0,7,0
2019-02-12,411,2019,2,1,7,0
2019-02-13,405,2019,2,2,7,0
2019-02-14,353,2019,2,3,7,0
2019-02-15,428,2019,2,4,7,0
2019-02-16,545,2019,2,5,7,1
2019-02-17,608,2019,2,6,7,1
2019-02-18,404,2019,2,0,8,0
2019-02-19,351,2019,2,1,8,0
2019-02-20,453,2019,2,2,8,0
2019-02-21,419,2019,2,3,8,0
2019-02-22,447,2019,2,4,8,0
2019-02-23,644,2019,2,5,8,1
2019-02-24,631,2019,2,6,8,1
2019-02-25,452,2019,2,0,9,0
2019-02-26,408,2019,2,1,9,0
2019-02-27,437,2019,2,2,9,0
2019-02-28,475,2019,2,3,9,0
2019-03-01,568,2019,3,4,9,0
2019-03-02,589,2019,3,5,9,1
2019-03-03,568,2019,3,6,9,1
2019-03-04,368,2019,3,0,10,0
2019-03-05,407,2019,3,1,10,0
2019-03-06,521,2019,3,2,10,0
2019-03-07,559,2019,3,3,10,0
2019-03-08,521,2019,3,4,10,0
2019-03-09,732,2019,3,5,10,1
2019-03-10,631,2019,3,6,10,1
2019-03-11,405,2019,3,0,11,0
2019-03-12,511,2019,3,1,11,0
2019-03-13,592,2019,3,2,11,0
2019-03-14,493,2019,3,3,11,0
2019-03-15,661,2019,3,4,11,0
2019-03-16,493,2019,3,5,11,1
2019-03-17,694,2019,3,6,11,1
2019-03-18,460,2019,3,0,12,0
2019-03-19,491,2019,3,1,12,0
2019-03-20,518,2019,3,2,12,0
2019-03-21,405,2019,3,3,12,0
2019-03-22,555,2019,3,4,12,0
2019-03-23,733,2019,3,5,12,1
2019-03-24,781,2019,3,6,12,1
2019-03-25,445,2019,3,0,13,0
2019-03-26,480,2019,3,1,13,0
2019-03-27,501,2019,3,2,13,0
2019-03-28,597,2019,3,3,13,0
2019-03-29,615,2019,3,4,13,0
2019-03-30,685,2019,3,5,13,1
2019-03-31,722,2019,3,6,13,1
2019-04-01,497,2019,4,0,14,0
2019-04-02,617,2019,4,1,14,0
2019-04-03,507,2019,4,2,14,0
2019-04-04,533,2019,4,3,14,0
2019-04-05,585,2019,4,4,14,0
2019-04-06,634,2019,4,5,14,1
2019-04-07,729,2019,4,6,14,1
2019-04-08,525,2019,4,0,15,0
2019-04-09,569,2019,4,1,15,0
2019-04-10,555,2019,4,2,15,0
2019-04-11,484,2019,4,3,15,0
2019-04-12,603,2019,4,4,15,0
2019-04-13,750,2019,4,5,15,1
2019-04-14,661,2019,4,6,15,1
2019-04-15,516,2019,4,0,16,0
2019-04-16,616,2019,4,1,16,0
2019-04-17,740,2019,4,2,16,0
2019-04-18,605,2019,4,3,16,0
2019-04-19,675,2019,4,4,16,0
2019-04-20,800,2019,4,5,16,1
2019-04-21,596,2019,4,6,16,1
2019-04-22,541,2019,4,0,17,0
2019-04-23,610,2019,4,1,17,0
2019-04-24,817,2019,4,2,17,0
2019-04-25,596,2019,4,3,17,0
2019-04-26,699,2019,4,4,17,0
2019-04-27,827,2019,4,5,17,1
2019-04-28,671,2019,4,6,17,1
2019-04-29,640,2019,4,0,18,0
2019-04-30,681,2019,4,1,18,0
2019-05-01,687,2019,5,2,18,0
2019-05-02,562,2019,5,3,18,0
2019-05-03,819,2019,5,4,18,0
2019-05-04,720,2019,5,5,18,1
2019-05-05,850,2019,5,6,18,1
2019-05-06,744,2019,5,0,19,0
2019-05-07,566,2019,5,1,19,0
2019-05-08,598,2019,5,2,19,0
2019-05-09,650,2019,5,3,19,0
2019-05-10,667,2019,5,4,19,0
2019-05-11,724,2019,5,5,19,1
2019-05-12,816,2019,5,6,19,1
2019-05-13,515,2019,5,0,20,0
2019-05-14,690,2019,5,1,20,0
2019-05-15,585,2019,5,2,20,0
2019-05-16,789,2019,5,3,20,0
2019-05-17,658,2019,5,4,20,0
2019-05-18,856,2019,5,5,20,1
2019-05-19,910,2019,5,6,20,1
2019-05-20,514,2019,5,0,21,0
2019-05-21,682,2019,5,1,21,0
2019-05-22,778,2019,5,2,21,0
2019-05-23,550,2019,5,3,21,0
2019-05-24,752,2019,5,4,21,0
2019-05-25,933,2019,5,5,21,1
2019-05-26,922,2019,5,6,21,1
2019-05-27,522,2019,5,0,22,0
2019-05-28,575,2019,5,1,22,0
2019-05-29,719,2019,5,2,22,0
2019-05-30,701,2019,5,3,22,0
2019-05-31,768,2019,5,4,22,0
2019-06-01,956,2019,6,5,22,1
2019-06-02,784,2019,6,6,22,1
2019-06-03,630,2019,6,0,23,0
2019-06-04,707,2019,6,1,23,0
2019-06-05,627,2019,6,2,23,0
2019-06-06,856,2019,6,3,23,0
2019-06-07,798,2019,6,4,23,0
2019-06-08,803,2019,6,5,23,1
2019-06-09,929,2019,6,6,23,1
2019-06-10,551,2019,6,0,24,0
2019-06-11,757,2019,6,1,24,0
2019-06-12,792,2019,6,2,24,0
2019-06-13,625,2019,6,3,24,0
2019-06-14,852,2019,6,4,24,0
2019-06-15,980,2019,6,5,24,1
2019-06-16,954,2019,6,6,24,1
2019-06-17,782,2019,6,0,25,0
2019-06-18,672,2019,6,1,25,0
2019-06-19,633,2019,6,2,25,0
2019-06-20,623,2019,6,3,25,0
2019-06-21,691,2019,6,4,25,0
2019-06-22,927,2019,6,5,25,1
2019-06-23,903,2019,6,6,25,1
2019-06-24,645,2019,6,0,26,0
2019-06-25,766,2019,6,1,26,0
2019-06-26,695,2019,6,2,26,0
2019-06-27,826,2019,6,3,26,0
2019-06-28,739,2019,6,4,26,0
2019-06-29,1297,2019,6,5,26,1
2019-06-30,934,2019,6,6,26,1
2019-07-01,563,2019,7,0,27,0
2019-07-02,609,2019,7,1,27,0
2019-07-03,734,2019,7,2,27,0
2019-07-04,674,2019,7,3,27,0
2019-07-05,829,2019,7,4,27,0
2019-07-06,988,2019,7,5,27,1
2019-07-07,856,2019,7,6,27,1
2019-07-08,561,2019,7,0,28,0
2019-07-09,575,2019,7,1,28,0
2019-07-10,653,2019,7,2,28,0
2019-07-11,763,2019,7,3,28,0
2019-07-12,776,2019,7,4,28,0
2019-07-13,798,2019,7,5,28,1
2019-07-14,876,2019,7,6,28,1
2019-07-15,646,2019,7,0,29,0
2019-07-16,615,2019,7,1,29,0
2019-07-17,696,2019,7,2,29,0
2019-07-18,687,2019,7,3,29,0
2019-07-19,653,2019,7,4,29,0
2019-07-20,959,2019,7,5,29,1
2019-07-21,908,2019,7,6,29,1
2019-07-22,695,2019,7,0,30,0
2019-07-23,768,2019,7,1,30,0
2019-07-24,573,2019,7,2,30,0
2019-07-25,602,2019,7,3,30,0
2019-07-26,787,2019,7,4,30,0
2019-07-27,964,2019,7,5,30,1
2019-07-28,891,2019,7,6,30,1
2019-07-29,955,2019,7,0,31,0
2019-07-30,714,2019,7,1,31,0
2019-07-31,763,2019,7,2,31,0
2019-08-01,745,2019,8,3,31,0
2019-08-02,788,2019,8,4,31,0
2019-08-03,859,2019,8,5,31,1
2019-08-04,903,2019,8,6,31,1
2019-08-05,539,2019,8,0,32,0
2019-08-06,637,2019,8,1,32,0
2019-08-07,617,2019,8,2,32,0
2019-08-08,659,2019,8,3,32,0
2019-08-09,944,2019,8,4,32,0
2019-08-10,700,2019,8,5,32,1
2019-08-11,877,2019,8,6,32,1
2019-08-12,478,2019,8,0,33,0
2019-08-13,607,2019,8,1,33,0
2019-08-14,730,2019,8,2,33,0
2019-08-15,643,2019,8,3,33,0
2019-08-16,615,2019,8,4,33,0
2019-08-17,786,2019,8,5,33,1
2019-08-18,857,2019,8,6,33,1
2019-08-19,520,2019,8,0,34,0
2019-08-20,644,2019,8,1,34,0
2019-08-21,629,2019,8,2,34,0
2019-08-22,577,2019,8,3,34,0
2019-08-23,884,2019,8,4,34,0
2019-08-24,902,2019,8,5,34,1
2019-08-25,605,2019,8,6,34,1
2019-08-26,565,2019,8,0,35,0
2019-08-27,565,2019,8,1,35,0
2019-08-28,675,2019,8,2,35,0
2019-08-29,552,2019,8,3,35,0
2019-08-30,656,2019,8,4,35,0
2019-08-31,864,2019,8,5,35,1
2019-09-01,832,2019,9,6,35,1
2019-09-02,466,2019,9,0,36,0
2019-09-03,572,2019,9,1,36,0
2019-09-04,560,2019,9,2,36,0
2019-09-05,546,2019,9,3,36,0
2019-09-06,799,2019,9,4,36,0
2019-09-07,829,2019,9,5,36,1
2019-09-08,626,2019,9,6,36,1
2019-09-09,583,2019,9,0,37,0
2019-09-10,745,2019,9,1,37,0
2019-09-11,651,2019,9,2,37,0
2019-09-12,477,2019,9,3,37,0
2019-09-13,591,2019,9,4,37,0
2019-09-14,891,2019,9,5,37,1
2019-09-15,648,2019,9,6,37,1
2019-09-16,533,2019,9,0,38,0
2019-09-17,614,2019,9,1,38,0
2019-09-18,498,2019,9,2,38,0
2019-09-19,550,2019,9,3,38,0
2019-09-20,411,2019,9,4,38,0
2019-09-21,655,2019,9,5,38,1
2019-09-22,662,2019,9,6,38,1
2019-09-23,421,2019,9,0,39,0
2019-09-24,658,2019,9,1,39,0
2019-09-25,453,2019,9,2,39,0
2019-09-26,508,2019,9,3,39,0
2019-09-27,595,2019,9,4,39,0
2019-09-28,851,2019,9,5,39,1
2019-09-29,555,2019,9,6,39,1
2019-09-30,543,2019,9,0,40,0
2019-10-01,523,2019,10,1,40,0
2019-10-02,462,2019,10,2,40,0
2019-10-03,547,2019,10,3,40,0
2019-10-04,580,2019,10,4,40,0
2019-10-05,643,2019,10,5,40,1
2019-10-06,642,2019,10,6,40,1
2019-10-07,436,2019,10,0,41,0
2019-10-08,511,2019,10,1,41,0
2019-10-09,543,2019,10,2,41,0
2019-10-10,604,2019,10,3,41,0
2019-10-11,471,2019,10,4,41,0
2019-10-12,862,2019,10,5,41,1
2019-10-13,487,2019,10,6,41,1
2019-10-14,433,2019,10,0,42,0
2019-10-15,523,2019,10,1,42,0
2019-10-16,501,2019,10,2,42,0
2019-10-17,448,2019,10,3,42,0
2019-10-18,515,2019,10,4,42,0
2019-10-19,608,2019,10,5,42,1
2019-10-20,996,2019,10,6,42,1
2019-10-21,848,2019,10,0,43,0
2019-10-22,884,2019,10,1,43,0
2019-10-23,776,2019,10,2,43,0
2019-10-24,935,2019,10,3,43,0
2019-10-25,953,2019,10,4,43,0
2019-10-26,1237,2019,10,5,43,1
2019-10-27,1116,2019,10,6,43,1
2019-10-28,671,2019,10,0,44,0
2019-10-29,767,2019,10,1,44,0
2019-10-30,893,2019,10,2,44,0
2019-10-31,874,2019,10,3,44,0
2019-11-01,888,2019,11,4,44,0
2019-11-02,1103,2019,11,5,44,1
2019-11-03,1169,2019,11,6,44,1
2019-11-04,669,2019,11,0,45,0
2019-11-05,849,2019,11,1,45,0
2019-11-06,429,2019,11,2,45,0
2019-11-07,427,2019,11,3,45,0
2019-11-08,548,2019,11,4,45,0
2019-11-09,648,2019,11,5,45,1
2019-11-10,597,2019,11,6,45,1
2019-11-11,454,2019,11,0,46,0
2019-11-12,431,2019,11,1,46,0
2019-11-13,465,2019,11,2,46,0
2019-11-14,411,2019,11,3,46,0
2019-11-15,486,2019,11,4,46,0
2019-11-16,563,2019,11,5,46,1
2019-11-17,534,2019,11,6,46,1
2019-11-18,407,2019,11,0,47,0
2019-11-19,380,2019,11,1,47,0
2019-11-20,538,2019,11,2,47,0
2019-11-21,370,2019,11,3,47,0
2019-11-22,395,2019,11,4,47,0
2019-11-23,643,2019,11,5,47,1
2019-11-24,569,2019,11,6,47,1
2019-11-25,400,2019,11,0,48,0
2019-11-26,444,2019,11,1,48,0
2019-11-27,410,2019,11,2,48,0
2019-11-28,368,2019,11,3,48,0
2019-11-29,454,2019,11,4,48,0
2019-11-30,508,2019,11,5,48,1
2019-12-01,572,2019,12,6,48,1
2019-12-02,359,2019,12,0,49,0
2019-12-03,367,2019,12,1,49,0
2019-12-04,390,2019,12,2,49,0
2019-12-05,425,2019,12,3,49,0
2019-12-06,415,2019,12,4,49,0
2019-12-07,493,2019,12,5,49,1
2019-12-08,519,2019,12,6,49,1
2019-12-09,373,2019,12,0,50,0
2019-12-10,378,2019,12,1,50,0
2019-12-11,380,2019,12,2,50,0
2019-12-12,413,2019,12,3,50,0
2019-12-13,371,2019,12,4,50,0
2019-12-14,458,2019,12,5,50,1
2019-12-15,460,2019,12,6,50,1
2019-12-16,352,2019,12,0,51,0
2019-12-17,416,2019,12,1,51,0
2019-12-18,479,2019,12,2,51,0
2019-12-19,445,2019,12,3,51,0
2019-12-20,433,2019,12,4,51,0
2019-12-21,541,2019,12,5,51,1
2019-12-22,445,2019,12,6,51,1
2019-12-23,361,2019,12,0,52,0
2019-12-24,389,2019,12,1,52,0
2019-12-25,670,2019,12,2,52,0
2019-12-26,585,2019,12,3,52,0
2019-12-27,757,2019,12,4,52,0
2019-12-28,1050,2019,12,5,52,1
2019-12-29,800,2019,12,6,52,1
2019-12-30,613,2019,12,0,1,0
2019-12-31,707,2019,12,1,1,0
2020-01-01,621,2020,1,2,1,0
2020-01-02,671,2020,1,3,1,0
2020-01-03,721,2020,1,4,1,0
2020-01-04,896,2020,1,5,1,1
2020-01-05,749,2020,1,6,1,1
2020-01-06,372,2020,1,0,2,0
2020-01-07,438,2020,1,1,2,0
2020-01-08,493,2020,1,2,2,0
2020-01-09,466,2020,1,3,2,0
2020-01-10,593,2020,1,4,2,0
2020-01-11,514,2020,1,5,2,1
2020-01-12,582,2020,1,6,2,1
2020-01-13,387,2020,1,0,3,0
2020-01-14,549,2020,1,1,3,0
2020-01-15,384,2020,1,2,3,0
2020-01-16,384,2020,1,3,3,0
2020-01-17,436,2020,1,4,3,0
2020-01-18,448,2020,1,5,3,1
2020-01-19,504,2020,1,6,3,1
2020-01-20,354,2020,1,0,4,0
2020-01-21,441,2020,1,1,4,0
2020-01-22,453,2020,1,2,4,0
2020-01-23,547,2020,1,3,4,0
2020-01-24,541,2020,1,4,4,0
2020-01-25,555,2020,1,5,4,1
2020-01-26,496,2020,1,6,4,1
2020-01-27,424,2020,1,0,5,0
2020-01-28,381,2020,1,1,5,0
2020-01-29,559,2020,1,2,5,0
2020-01-30,519,2020,1,3,5,0
2020-01-31,471,2020,1,4,5,0
2020-02-01,500,2020,2,5,5,1
2020-02-02,672,2020,2,6,5,1
2020-02-03,408,2020,2,0,6,0
2020-02-04,536,2020,2,1,6,0
2020-02-05,383,2020,2,2,6,0
2020-02-06,434,2020,2,3,6,0
2020-02-07,516,2020,2,4,6,0
2020-02-08,640,2020,2,5,6,1
2020-02-09,561,2020,2,6,6,1
2020-02-10,462,2020,2,0,7,0
2020-02-11,422,2020,2,1,7,0
2020-02-12,474,2020,2,2,7,0
2020-02-13,492,2020,2,3,7,0
2020-02-14,570,2020,2,4,7,0
2020-02-15,720,2020,2,5,7,1
2020-02-16,538,2020,2,6,7,1
2020-02-17,371,2020,2,0,8,0
2020-02-18,581,2020,2,1,8,0
2020-02-19,521,2020,2,2,8,0
2020-02-20,461,2020,2,3,8,0
2020-02-21,672,2020,2,4,8,0
2020-02-22,698,2020,2,5,8,1
2020-02-23,738,2020,2,6,8,1
2020-02-24,468,2020,2,0,9,0
2020-02-25,664,2020,2,1,9,0
2020-02-26,644,2020,2,2,9,0
2020-02-27,509,2020,2,3,9,0
2020-02-28,652,2020,2,4,9,0
2020-02-29,774,2020,2,5,9,1
2020-03-01,787,2020,3,6,9,1
2020-03-02,431,2020,3,0,10,0
2020-03-03,587,2020,3,1,10,0
2020-03-04,617,2020,3,2,10,0
2020-03-05,443,2020,3,3,10,0
2020-03-06,525,2020,3,4,10,0
2020-03-07,584,2020,3,5,10,1
2020-03-08,673,2020,3,6,10,1
2020-03-09,549,2020,3,0,11,0
2020-03-10,674,2020,3,1,11,0
2020-03-11,571,2020,3,2,11,0
2020-03-12,692,2020,3,3,11,0
2020-03-13,534,2020,3,4,11,0
2020-03-14,634,2020,3,5,11,1
2020-03-15,719,2020,3,6,11,1
2020-03-16,549,2020,3,0,12,0
2020-03-17,583,2020,3,1,12,0
2020-03-18,460,2020,3,2,12,0
2020-03-19,586,2020,3,3,12,0
2020-03-20,560,2020,3,4,12,0
2020-03-21,876,2020,3,5,12,1
2020-03-22,787,2020,3,6,12,1
2020-03-23,487,2020,3,0,13,0
2020-03-24,573,2020,3,1,13,0
2020-03-25,189,2020,3,2,13,0
2020-03-26,214,2020,3,3,13,0
2020-03-27,267,2020,3,4,13,0
2020-03-28,261,2020,3,5,13,1
2020-03-29,291,2020,3,6,13,1
2020-03-30,186,2020,3,0,14,0
2020-03-31,201,2020,3,1,14,0
2020-04-01,220,2020,4,2,14,0
2020-04-02,197,2020,4,3,14,0
2020-04-03,231,2020,4,4,14,0
2020-04-04,264,2020,4,5,14,1
2020-04-05,359,2020,4,6,14,1
2020-04-06,206,2020,4,0,15,0
2020-04-07,211,2020,4,1,15,0
2020-04-08,236,2020,4,2,15,0
2020-04-09,228,2020,4,3,15,0
2020-04-10,249,2020,4,4,15,0
2020-04-11,340,2020,4,5,15,1
2020-04-12,322,2020,4,6,15,1
2020-04-13,199,2020,4,0,16,0
2020-04-14,221,2020,4,1,16,0
2020-04-15,230,2020,4,2,16,0
2020-04-16,181,2020,4,3,16,0
2020-04-17,220,2020,4,4,16,0
2020-04-18,384,2020,4,5,16,1
2020-04-19,369,2020,4,6,16,1
2020-04-20,213,2020,4,0,17,0
2020-04-21,262,2020,4,1,17,0
2020-04-22,255,2020,4,2,17,0
2020-04-23,357,2020,4,3,17,0
2020-04-24,311,2020,4,4,17,0
2020-04-25,330,2020,4,5,17,1
2020-04-26,278,2020,4,6,17,1
2020-04-27,186,2020,4,0,18,0
2020-04-28,258,2020,4,1,18,0
2020-04-29,231,2020,4,2,18,0
2020-04-30,214,2020,4,3,18,0
2020-05-01,259,2020,5,4,18,0
2020-05-02,303,2020,5,5,18,1
2020-05-03,392,2020,5,6,18,1
2020-05-04,257,2020,5,0,19,0
2020-05-05,258,2020,5,1,19,0
2020-05-06,309,2020,5,2,19,0
2020-05-07,262,2020,5,3,19,0
2020-05-08,258,2020,5,4,19,0
2020-05-09,424,2020,5,5,19,1
2020-05-10,350,2020,5,6,19,1
2020-05-11,209,2020,5,0,20,0
2020-05-12,258,2020,5,1,20,0
2020-05-13,238,2020,5,2,20,0
2020-05-14,225,2020,5,3,20,0
2020-05-15,327,2020,5,4,20,0
2020-05-16,453,2020,5,5,20,1
2020-05-17,283,2020,5,6,20,1
2020-05-18,258,2020,5,0,21,0
2020-05-19,249,2020,5,1,21,0
2020-05-20,254,2020,5,2,21,0
2020-05-21,252,2020,5,3,21,0
2020-05-22,269,2020,5,4,21,0
2020-05-23,369,2020,5,5,21,1
2020-05-24,308,2020,5,6,21,1
2020-05-25,254,2020,5,0,22,0
2020-05-26,272,2020,5,1,22,0
2020-05-27,266,2020,5,2,22,0
2020-05-28,246,2020,5,3,22,0
2020-05-29,282,2020,5,4,22,0
2020-05-30,407,2020,5,5,22,1
2020-05-31,366,2020,5,6,22,1
2020-06-01,221,2020,6,0,23,0
2020-06-02,280,2020,6,1,23,0
2020-06-03,303,2020,6,2,23,0
2020-06-04,227,2020,6,3,23,0
2020-06-05,327,2020,6,4,23,0
2020-06-06,347,2020,6,5,23,1
2020-06-07,373,2020,6,6,23,1
2020-06-08,229,2020,6,0,24,0
2020-06-09,225,2020,6,1,24,0
2020-06-10,230,2020,6,2,24,0
2020-06-11,282,2020,6,3,24,0
2020-06-12,318,2020,6,4,24,0
2020-06-13,340,2020,6,5,24,1
2020-06-14,379,2020,6,6,24,1
2020-06-15,207,2020,6,0,25,0
2020-06-16,279,2020,6,1,25,0
2020-06-17,243,2020,6,2,25,0
2020-06-18,260,2020,6,3,25,0
2020-06-19,312,2020,6,4,25,0
2020-06-20,343,2020,6,5,25,1
2020-06-21,337,2020,6,6,25,1
2020-06-22,286,2020,6,0,26,0
2020-06-23,263,2020,6,1,26,0
2020-06-24,312,2020,6,2,26,0
2020-06-25,246,2020,6,3,26,0
2020-06-26,331,2020,6,4,26,0
2020-06-27,453,2020,6,5,26,1
2020-06-28,262,2020,6,6,26,1
2020-06-29,231,2020,6,0,27,0
2020-06-30,302,2020,6,1,27,0
2020-07-01,786,2020,7,2,27,0
2020-07-02,842,2020,7,3,27,0
2020-07-03,823,2020,7,4,27,0
2020-07-04,1097,2020,7,5,27,1
2020-07-05,986,2020,7,6,27,1
2020-07-06,832,2020,7,0,28,0
2020-07-07,827,2020,7,1,28,0
2020-07-08,835,2020,7,2,28,0
2020-07-09,763,2020,7,3,28,0
2020-07-10,830,2020,7,4,28,0
2020-07-11,1025,2020,7,5,28,1
2020-07-12,1047,2020,7,6,28,1
2020-07-13,683,2020,7,0,29,0
2020-07-14,825,2020,7,1,29,0
2020-07-15,1021,2020,7,2,29,0
2020-07-16,882,2020,7,3,29,0
2020-07-17,840,2020,7,4,29,0
2020-07-18,1236,2020,7,5,29,1
2020-07-19,942,2020,7,6,29,1
2020-07-20,557,2020,7,0,30,0
2020-07-21,699,2020,7,1,30,0
2020-07-22,629,2020,7,2,30,0
2020-07-23,753,2020,7,3,30,0
2020-07-24,865,2020,7,4,30,0
2020-07-25,1292,2020,7,5,30,1
2020-07-26,1016,2020,7,6,30,1
2020-07-27,684,2020,7,0,31,0
2020-07-28,860,2020,7,1,31,0
2020-07-29,595,2020,7,2,31,0
2020-07-30,797,2020,7,3,31,0
2020-07-31,933,2020,7,4,31,0
2020-08-01,872,2020,8,5,31,1
2020-08-02,1103,2020,8,6,31,1
2020-08-03,719,2020,8,0,32,0
2020-08-04,728,2020,8,1,32,0
2020-08-05,823,2020,8,2,32,0
2020-08-06,1000,2020,8,3,32,0
2020-08-07,853,2020,8,4,32,0
2020-08-08,1053,2020,8,5,32,1
2020-08-09,893,2020,8,6,32,1
2020-08-10,612,2020,8,0,33,0
2020-08-11,829,2020,8,1,33,0
2020-08-12,675,2020,8,2,33,0
2020-08-13,752,2020,8,3,33,0
2020-08-14,772,2020,8,4,33,0
2020-08-15,1060,2020,8,5,33,1
2020-08-16,961,2020,8,6,33,1
2020-08-17,751,2020,8,0,34,0
2020-08-18,690,2020,8,1,34,0
2020-08-19,708,2020,8,2,34,0
2020-08-20,648,2020,8,3,34,0
2020-08-21,757,2020,8,4,34,0
2020-08-22,1022,2020,8,5,34,1
2020-08-23,987,2020,8,6,34,1
2020-08-24,579,2020,8,0,35,0
2020-08-25,794,2020,8,1,35,0
2020-08-26,839,2020,8,2,35,0
2020-08-27,746,2020,8,3,35,0
2020-08-28,975,2020,8,4,35,0
2020-08-29,867,2020,8,5,35,1
2020-08-30,756,2020,8,6,35,1
2020-08-31,508,2020,8,0,36,0
2020-09-01,833,2020,9,1,36,0
2020-09-02,750,2020,9,2,36,0
2020-09-03,686,2020,9,3,36,0
2020-09-04,782,2020,9,4,36,0
2020-09-05,808,2020,9,5,36,1
2020-09-06,1143,2020,9,6,36,1
2020-09-07,620,2020,9,0,37,0
2020-09-08,685,2020,9,1,37,0
2020-09-09,734,2020,9,2,37,0
2020-09-10,710,2020,9,3,37,0
2020-09-11,754,2020,9,4,37,0
2020-09-12,815,2020,9,5,37,1
2020-09-13,874,2020,9,6,37,1
2020-09-14,742,2020,9,0,38,0
2020-09-15,770,2020,9,1,38,0
2020-09-16,789,2020,9,2,38,0
2020-09-17,610,2020,9,3,38,0
2020-09-18,631,2020,9,4,38,0
2020-09-19,855,2020,9,5,38,1
2020-09-20,805,2020,9,6,38,1
2020-09-21,653,2020,9,0,39,0
2020-09-22,517,2020,9,1,39,0
2020-09-23,757,2020,9,2,39,0
2020-09-24,616,2020,9,3,39,0
2020-09-25,652,2020,9,4,39,0
2020-09-26,743,2020,9,5,39,1
2020-09-27,634,2020,9,6,39,1
2020-09-28,611,2020,9,0,40,0
2020-09-29,618,2020,9,1,40,0
2020-09-30,522,2020,9,2,40,0
2020-10-01,519,2020,10,3,40,0
2020-10-02,637,2020,10,4,40,0
2020-10-03,990,2020,10,5,40,1
2020-10-04,724,2020,10,6,40,1
2020-10-05,447,2020,10,0,41,0
2020-10-06,574,2020,10,1,41,0
2020-10-07,569,2020,10,2,41,0
2020-10-08,424,2020,10,3,41,0
2020-10-09,637,2020,10,4,41,0
2020-10-10,761,2020,10,5,41,1
2020-10-11,784,2020,10,6,41,1
2020-10-12,645,2020,10,0,42,0
2020-10-13,654,2020,10,1,42,0
2020-10-14,550,2020,10,2,42,0
2020-10-15,495,2020,10,3,42,0
2020-10-16,843,2020,10,4,42,0
2020-10-17,761,2020,10,5,42,1
2020-10-18,698,2020,10,6,42,1
2020-10-19,498,2020,10,0,43,0
2020-10-20,1017,2020,10,1,43,0
2020-10-21,972,2020,10,2,43,0
2020-10-22,919,2020,10,3,43,0
2020-10-23,1009,2020,10,4,43,0
2020-10-24,1311,2020,10,5,43,1
2020-10-25,1136,2020,10,6,43,1
2020-10-26,798,2020,10,0,44,0
2020-10-27,974,2020,10,1,44,0
2020-10-28,928,2020,10,2,44,0
2020-10-29,1141,2020,10,3,44,0
2020-10-30,759,2020,10,4,44,0
2020-10-31,1453,2020,10,5,44,1
2020-11-01,1365,2020,11,6,44,1
2020-11-02,657,2020,11,0,45,0
2020-11-03,895,2020,11,1,45,0
2020-11-04,888,2020,11,2,45,0
2020-11-05,781,2020,11,3,45,0
2020-11-06,513,2020,11,4,45,0
2020-11-07,602,2020,11,5,45,1
2020-11-08,783,2020,11,6,45,1
2020-11-09,509,2020,11,0,46,0
2020-11-10,587,2020,11,1,46,0
2020-11-11,547,2020,11,2,46,0
2020-11-12,437,2020,11,3,46,0
2020-11-13,515,2020,11,4,46,0
2020-11-14,711,2020,11,5,46,1
2020-11-15,534,2020,11,6,46,1
2020-11-16,484,2020,11,0,47,0
2020-11-17,478,2020,11,1,47,0
2020-11-18,469,2020,11,2,47,0
2020-11-19,532,2020,11,3,47,0
2020-11-20,565,2020,11,4,47,0
2020-11-21,628,2020,11,5,47,1
2020-11-22,696,2020,11,6,47,1
2020-11-23,382,2020,11,0,48,0
2020-11-24,519,2020,11,1,48,0
2020-11-25,516,2020,11,2,48,0
2020-11-26,462,2020,11,3,48,0
2020-11-27,547,2020,11,4,48,0
2020-11-28,555,2020,11,5,48,1
2020-11-29,666,2020,11,6,48,1
2020-11-30,419,2020,11,0,49,0
2020-12-01,446,2020,12,1,49,0
2020-12-02,538,2020,12,2,49,0
2020-12-03,435,2020,12,3,49,0
2020-12-04,439,2020,12,4,49,0
2020-12-05,529,2020,12,5,49,1
2020-12-06,634,2020,12,6,49,1
2020-12-07,363,2020,12,0,50,0
2020-12-08,581,2020,12,1,50,0
2020-12-09,366,2020,12,2,50,0
2020-12-10,576,2020,12,3,50,0
2020-12-11,530,2020,12,4,50,0
2020-12-12,626,2020,12,5,50,1
2020-12-13,549,2020,12,6,50,1
2020-12-14,443,2020,12,0,51,0
2020-12-15,467,2020,12,1,51,0
2020-12-16,535,2020,12,2,51,0
2020-12-17,475,2020,12,3,51,0
2020-12-18,525,2020,12,4,51,0
2020-12-19,607,2020,12,5,51,1
2020-12-20,583,2020,12,6,51,1
2020-12-21,439,2020,12,0,52,0
2020-12-22,383,2020,12,1,52,0
2020-12-23,400,2020,12,2,52,0
2020-12-24,515,2020,12,3,52,0
2020-12-25,847,2020,12,4,52,0
2020-12-26,998,2020,12,5,52,1
2020-12-27,948,2020,12,6,52,1
2020-12-28,711,2020,12,0,53,0
2020-12-29,712,2020,12,1,53,0
2020-12-30,693,2020,12,2,53,0
2020-12-31,780,2020,12,3,53,0
2021-01-01,746,2021,1,4,53,0
2021-01-02,1083,2021,1,5,53,1
2021-01-03,780,2021,1,6,53,1
2021-01-04,781,2021,1,0,1,0
2021-01-05,814,2021,1,1,1,0
2021-01-06,497,2021,1,2,1,0
2021-01-07,544,2021,1,3,1,0
2021-01-08,651,2021,1,4,1,0
2021-01-09,741,2021,1,5,1,1
2021-01-10,488,2021,1,6,1,1
2021-01-11,377,2021,1,0,2,0
2021-01-12,455,2021,1,1,2,0
2021-01-13,494,2021,1,2,2,0
2021-01-14,525,2021,1,3,2,0
2021-01-15,499,2021,1,4,2,0
2021-01-16,686,2021,1,5,2,1
2021-01-17,570,2021,1,6,2,1
2021-01-18,419,2021,1,0,3,0
2021-01-19,425,2021,1,1,3,0
2021-01-20,452,2021,1,2,3,0
2021-01-21,431,2021,1,3,3,0
2021-01-22,498,2021,1,4,3,0
2021-01-23,783,2021,1,5,3,1
2021-01-24,573,2021,1,6,3,1
2021-01-25,636,2021,1,0,4,0
2021-01-26,549,2021,1,1,4,0
2021-01-27,532,2021,1,2,4,0
2021-01-28,472,2021,1,3,4,0
2021-01-29,628,2021,1,4,4,0
2021-01-30,665,2021,1,5,4,1
2021-01-31,673,2021,1,6,4,1
2021-02-01,652,2021,2,0,5,0
2021-02-02,529,2021,2,1,5,0
2021-02-03,618,2021,2,2,5,0
2021-02-04,497,2021,2,3,5,0
2021-02-05,596,2021,2,4,5,0
2021-02-06,912,2021,2,5,5,1
2021-02-07,637,2021,2,6,5,1
2021-02-08,618,2021,2,0,6,0
2021-02-09,604,2021,2,1,6,0
2021-02-10,522,2021,2,2,6,0
2021-02-11,606,2021,2,3,6,0
2021-02-12,698,2021,2,4,6,0
2021-02-13,825,2021,2,5,6,1
2021-02-14,591,2021,2,6,6,1
2021-02-15,473,2021,2,0,7,0
2021-02-16,560,2021,2,1,7,0
2021-02-17,575,2021,2,2,7,0
2021-02-18,629,2021,2,3,7,0
2021-02-19,660,2021,2,4,7,0
2021-02-20,679,2021,2,5,7,1
2021-02-21,777,2021,2,6,7,1
2021-02-22,578,2021,2,0,8,0
2021-02-23,642,2021,2,1,8,0
2021-02-24,688,2021,2,2,8,0
2021-02-25,672,2021,2,3,8,0
2021-02-26,710,2021,2,4,8,0
2021-02-27,823,2021,2,5,8,1
2021-02-28,633,2021,2,6,8,1
2021-03-01,589,2021,3,0,9,0
2021-03-02,641,2021,3,1,9,0
2021-03-03,650,2021,3,2,9,0
2021-03-04,543,2021,3,3,9,0
2021-03-05,615,2021,3,4,9,0
2021-03-06,981,2021,3,5,9,1
2021-03-07,802,2021,3,6,9,1
2021-03-08,633,2021,3,0,10,0
2021-03-09,654,2021,3,1,10,0
2021-03-10,658,2021,3,2,10,0
2021-03-11,738,2021,3,3,10,0
2021-03-12,686,2021,3,4,10,0
2021-03-13,911,2021,3,5,10,1
2021-03-14,794,2021,3,6,10,1
2021-03-15,577,2021,3,0,11,0
2021-03-16,654,2021,3,1,11,0
2021-03-17,701,2021,3,2,11,0
2021-03-18,648,2021,3,3,11,0
2021-03-19,883,2021,3,4,11,0
2021-03-20,842,2021,3,5,11,1
2021-03-21,854,2021,3,6,11,1
2021-03-22,600,2021,3,0,12,0
2021-03-23,840,2021,3,1,12,0
2021-03-24,727,2021,3,2,12,0
2021-03-25,808,2021,3,3,12,0
2021-03-26,661,2021,3,4,12,0
2021-03-27,1006,2021,3,5,12,1
2021-03-28,1009,2021,3,6,12,1
2021-03-29,663,2021,3,0,13,0
2021-03-30,834,2021,3,1,13,0
2021-03-31,693,2021,3,2,13,0
2021-04-01,878,2021,4,3,13,0
2021-04-02,1080,2021,4,4,13,0
2021-04-03,968,2021,4,5,13,1
2021-04-04,892,2021,4,6,13,1
2021-04-05,811,2021,4,0,14,0
2021-04-06,919,2021,4,1,14,0
2021-04-07,718,2021,4,2,14,0
2021-04-08,730,2021,4,3,14,0
2021-04-09,821,2021,4,4,14,0
2021-04-10,891,2021,4,5,14,1
2021-04-11,873,2021,4,6,14,1
2021-04-12,625,2021,4,0,15,0
2021-04-13,718,2021,4,1,15,0
2021-04-14,787,2021,4,2,15,0
2021-04-15,817,2021,4,3,15,0
2021-04-16,1057,2021,4,4,15,0
2021-04-17,960,2021,4,5,15,1
2021-04-18,1133,2021,4,6,15,1
2021-04-19,710,2021,4,0,16,0
2021-04-20,808,2021,4,1,16,0
2021-04-21,885,2021,4,2,16,0
2021-04-22,716,2021,4,3,16,0
2021-04-23,948,2021,4,4,16,0
2021-04-24,1138,2021,4,5,16,1
2021-04-25,1100,2021,4,6,16,1
2021-04-26,776,2021,4,0,17,0
2021-04-27,1123,2021,4,1,17,0
2021-04-28,778,2021,4,2,17,0
2021-04-29,791,2021,4,3,17,0
2021-04-30,864,2021,4,4,17,0
2021-05-01,1073,2021,5,5,17,1
2021-05-02,987,2021,5,6,17,1
2021-05-03,888,2021,5,0,18,0
2021-05-04,1018,2021,5,1,18,0
2021-05-05,805,2021,5,2,18,0
2021-05-06,783,2021,5,3,18,0
2021-05-07,1010,2021,5,4,18,0
2021-05-08,1100,2021,5,5,18,1
2021-05-09,1178,2021,5,6,18,1
2021-05-10,808,2021,5,0,19,0
2021-05-11,733,2021,5,1,19,0
2021-05-12,1062,2021,5,2,19,0
2021-05-13,1097,2021,5,3,19,0
2021-05-14,907,2021,5,4,19,0
2021-05-15,1147,2021,5,5,19,1
2021-05-16,1154,2021,5,6,19,1
2021-05-17,838,2021,5,0,20,0
2021-05-18,971,2021,5,1,20,0
2021-05-19,1145,2021,5,2,20,0
2021-05-20,883,2021,5,3,20,0
2021-05-21,904,2021,5,4,20,0
2021-05-22,1037,2021,5,5,20,1
2021-05-23,1040,2021,5,6,20,1
2021-05-24,816,2021,5,0,21,0
2021-05-25,1132,2021,5,1,21,0
2021-05-26,860,2021,5,2,21,0
2021-05-27,942,2021,5,3,21,0
2021-05-28,1008,2021,5,4,21,0
2021-05-29,1433,2021,5,5,21,1
2021-05-30,1561,2021,5,6,21,1
2021-05-31,780,2021,5,0,22,0
2021-06-01,873,2021,6,1,22,0
2021-06-02,1051,2021,6,2,22,0
2021-06-03,1008,2021,6,3,22,0
2021-06-04,1277,2021,6,4,22,0
2021-06-05,1349,2021,6,5,22,1
2021-06-06,1117,2021,6,6,22,1
2021-06-07,903,2021,6,0,23,0
2021-06-08,1069,2021,6,1,23,0
2021-06-09,1033,2021,6,2,23,0
2021-06-10,997,2021,6,3,23,0
2021-06-11,1174,2021,6,4,23,0
2021-06-12,1460,2021,6,5,23,1
2021-06-13,1388,2021,6,6,23,1
2021-06-14,916,2021,6,0,24,0
2021-06-15,924,2021,6,1,24,0
2021-06-16,960,2021,6,2,24,0
2021-06-17,1091,2021,6,3,24,0
2021-06-18,942,2021,6,4,24,0
2021-06-19,1333,2021,6,5,24,1
2021-06-20,1127,2021,6,6,24,1
2021-06-21,854,2021,6,0,25,0
2021-06-22,1103,2021,6,1,25,0
2021-06-23,968,2021,6,2,25,0
2021-06-24,952,2021,6,3,25,0
2021-06-25,885,2021,6,4,25,0
2021-06-26,1398,2021,6,5,25,1
2021-06-27,1279,2021,6,6,25,1
2021-06-28,1105,2021,6,0,26,0
2021-06-29,912,2021,6,1,26,0
2021-06-30,972,2021,6,2,26,0
2021-07-01,975,2021,7,3,26,0
2021-07-02,1257,2021,7,4,26,0
2021-07-03,1262,2021,7,5,26,1
2021-07-04,1222,2021,7,6,26,1
2021-07-05,914,2021,7,0,27,0
2021-07-06,965,2021,7,1,27,0
2021-07-07,894,2021,7,2,27,0
2021-07-08,965,2021,7,3,27,0
2021-07-09,1179,2021,7,4,27,0
2021-07-10,1123,2021,7,5,27,1
2021-07-11,1194,2021,7,6,27,1
2021-07-12,777,2021,7,0,28,0
2021-07-13,1083,2021,7,1,28,0
2021-07-14,781,2021,7,2,28,0
2021-07-15,875,2021,7,3,28,0
2021-07-16,1076,2021,7,4,28,0
2021-07-17,1521,2021,7,5,28,1
2021-07-18,1156,2021,7,6,28,1
2021-07-19,784,2021,7,0,29,0
2021-07-20,1165,2021,7,1,29,0
2021-07-21,780,2021,7,2,29,0
2021-07-22,712,2021,7,3,29,0
2021-07-23,1073,2021,7,4,29,0
2021-07-24,1174,2021,7,5,29,1
2021-07-25,1019,2021,7,6,29,1
2021-07-26,901,2021,7,0,30,0
2021-07-27,945,2021,7,1,30,0
2021-07-28,856,2021,7,2,30,0
2021-07-29,784,2021,7,3,30,0
2021-07-30,1114,2021,7,4,30,0
2021-07-31,1329,2021,7,5,30,1
2021-08-01,1122,2021,8,6,30,1
2021-08-02,1018,2021,8,0,31,0
2021-08-03,795,2021,8,1,31,0
2021-08-04,751,2021,8,2,31,0
2021-08-05,828,2021,8,3,31,0
2021-08-06,981,2021,8,4,31,0
2021-08-07,1243,2021,8,5,31,1
2021-08-08,1083,2021,8,6,31,1
2021-08-09,835,2021,8,0,32,0
2021-08-10,763,2021,8,1,32,0
2021-08-11,1052,2021,8,2,32,0
2021-08-12,873,2021,8,3,32,0
2021-08-13,1106,2021,8,4,32,0
2021-08-14,1233,2021,8,5,32,1
2021-08-15,1154,2021,8,6,32,1
2021-08-16,839,2021,8,0,33,0
2021-08-17,916,2021,8,1,33,0
2021-08-18,935,2021,8,2,33,0
2021-08-19,1012,2021,8,3,33,0
2021-08-20,968,2021,8,4,33,0
2021-08-21,1259,2021,8,5,33,1
2021-08-22,1056,2021,8,6,33,1
2021-08-23,910,2021,8,0,34,0
2021-08-24,781,2021,8,1,34,0
2021-08-25,1048,2021,8,2,34,0
2021-08-26,837,2021,8,3,34,0
2021-08-27,776,2021,8,4,34,0
2021-08-28,1144,2021,8,5,34,1
2021-08-29,958,2021,8,6,34,1
2021-08-30,825,2021,8,0,35,0
2021-08-31,763,2021,8,1,35,0
2021-09-01,779,2021,9,2,35,0
2021-09-02,652,2021,9,3,35,0
2021-09-03,849,2021,9,4,35,0
2021-09-04,819,2021,9,5,35,1
2021-09-05,836,2021,9,6,35,1
2021-09-06,794,2021,9,0,36,0
2021-09-07,881,2021,9,1,36,0
2021-09-08,840,2021,9,2,36,0
2021-09-09,708,2021,9,3,36,0
2021-09-10,865,2021,9,4,36,0
2021-09-11,1063,2021,9,5,36,1
2021-09-12,853,2021,9,6,36,1
2021-09-13,841,2021,9,0,37,0
2021-09-14,863,2021,9,1,37,0
2021-09-15,753,2021,9,2,37,0
2021-09-16,772,2021,9,3,37,0
2021-09-17,864,2021,9,4,37,0
2021-09-18,806,2021,9,5,37,1
2021-09-19,921,2021,9,6,37,1
2021-09-20,627,2021,9,0,38,0
2021-09-21,667,2021,9,1,38,0
2021-09-22,724,2021,9,2,38,0
2021-09-23,924,2021,9,3,38,0
2021-09-24,881,2021,9,4,38,0
2021-09-25,930,2021,9,5,38,1
2021-09-26,983,2021,9,6,38,1
2021-09-27,778,2021,9,0,39,0
2021-09-28,812,2021,9,1,39,0
2021-09-29,729,2021,9,2,39,0
2021-09-30,666,2021,9,3,39,0
2021-10-01,857,2021,10,4,39,0
2021-10-02,1009,2021,10,5,39,1
2021-10-03,987,2021,10,6,39,1
2021-10-04,686,2021,10,0,40,0
2021-10-05,797,2021,10,1,40,0
2021-10-06,655,2021,10,2,40,0
2021-10-07,815,2021,10,3,40,0
2021-10-08,779,2021,10,4,40,0
2021-10-09,1192,2021,10,5,40,1
2021-10-10,788,2021,10,6,40,1
2021-10-11,756,2021,10,0,41,0
2021-10-12,695,2021,10,1,41,0
2021-10-13,624,2021,10,2,41,0
2021-10-14,634,2021,10,3,41,0
2021-10-15,708,2021,10,4,41,0
2021-10-16,945,2021,10,5,41,1
2021-10-17,881,2021,10,6,41,1
2021-10-18,553,2021,10,0,42,0
2021-10-19,654,2021,10,1,42,0
2021-10-20,1519,2021,10,2,42,0
2021-10-21,1438,2021,10,3,42,0
2021-10-22,1348,2021,10,4,42,0
2021-10-23,1570,2021,10,5,42,1
2021-10-24,1461,2021,10,6,42,1
2021-10-25,1111,2021,10,0,43,0
2021-10-26,1010,2021,10,1,43,0
2021-10-27,1102,2021,10,2,43,0
2021-10-28,926,2021,10,3,43,0
2021-10-29,1299,2021,10,4,43,0
2021-10-30,1635,2021,10,5,43,1
2021-10-31,1316,2021,10,6,43,1
2021-11-01,1208,2021,11,0,44,0
2021-11-02,955,2021,11,1,44,0
2021-11-03,924,2021,11,2,44,0
2021-11-04,1127,2021,11,3,44,0
2021-11-05,1362,2021,11,4,44,0
2021-11-06,999,2021,11,5,44,1
2021-11-07,712,2021,11,6,44,1
2021-11-08,614,2021,11,0,45,0
2021-11-09,594,2021,11,1,45,0
2021-11-10,583,2021,11,2,45,0
2021-11-11,659,2021,11,3,45,0
2021-11-12,702,2021,11,4,45,0
2021-11-13,657,2021,11,5,45,1
2021-11-14,875,2021,11,6,45,1
2021-11-15,621,2021,11,0,46,0
2021-11-16,540,2021,11,1,46,0
2021-11-17,609,2021,11,2,46,0
2021-11-18,614,2021,11,3,46,0
2021-11-19,655,2021,11,4,46,0
2021-11-20,727,2021,11,5,46,1
2021-11-21,661,2021,11,6,46,1
2021-11-22,513,2021,11,0,47,0
2021-11-23,656,2021,11,1,47,0
2021-11-24,607,2021,11,2,47,0
2021-11-25,542,2021,11,3,47,0
2021-11-26,683,2021,11,4,47,0
2021-11-27,541,2021,11,5,47,1
2021-11-28,808,2021,11,6,47,1
2021-11-29,411,2021,11,0,48,0
2021-11-30,537,2021,11,1,48,0
2021-12-01,489,2021,12,2,48,0
2021-12-02,478,2021,12,3,48,0
2021-12-03,705,2021,12,4,48,0
2021-12-04,711,2021,12,5,48,1
2021-12-05,725,2021,12,6,48,1
2021-12-06,497,2021,12,0,49,0
2021-12-07,588,2021,12,1,49,0
2021-12-08,559,2021,12,2,49,0
2021-12-09,475,2021,12,3,49,0
2021-12-10,686,2021,12,4,49,0
2021-12-11,703,2021,12,5,49,1
2021-12-12,573,2021,12,6,49,1
2021-12-13,472,2021,12,0,50,0
2021-12-14,661,2021,12,1,50,0
2021-12-15,611,2021,12,2,50,0
2021-12-16,529,2021,12,3,50,0
2021-12-17,582,2021,12,4,50,0
2021-12-18,717,2021,12,5,50,1
2021-12-19,886,2021,12,6,50,1
2021-12-20,520,2021,12,0,51,0
2021-12-21,582,2021,12,1,51,0
2021-12-22,626,2021,12,2,51,0
2021-12-23,570,2021,12,3,51,0
2021-12-24,591,2021,12,4,51,0
2021-12-25,1170,2021,12,5,51,1
2021-12-26,1101,2021,12,6,51,1
2021-12-27,797,2021,12,0,52,0
2021-12-28,972,2021,12,1,52,0
2021-12-29,898,2021,12,2,52,0
2021-12-30,976,2021,12,3,52,0
2021-12-31,975,2021,12,4,52,0
2022-01-01,1222,2022,1,5,52,1
2022-01-02,884,2022,1,6,52,1
2022-01-03,905,2022,1,0,1,0
2022-01-04,941,2022,1,1,1,0
2022-01-05,1020,2022,1,2,1,0
2022-01-06,401,2022,1,3,1,0
2022-01-07,804,2022,1,4,1,0
2022-01-08,757,2022,1,5,1,1
2022-01-09,816,2022,1,6,1,1
2022-01-10,456,2022,1,0,2,0
2022-01-11,619,2022,1,1,2,0
2022-01-12,508,2022,1,2,2,0
2022-01-13,537,2022,1,3,2,0
2022-01-14,804,2022,1,4,2,0
2022-01-15,769,2022,1,5,2,1
2022-01-16,751,2022,1,6,2,1
2022-01-17,587,2022,1,0,3,0
2022-01-18,625,2022,1,1,3,0
2022-01-19,602,2022,1,2,3,0
2022-01-20,621,2022,1,3,3,0
2022-01-21,875,2022,1,4,3,0
2022-01-22,803,2022,1,5,3,1
2022-01-23,770,2022,1,6,3,1
2022-01-24,617,2022,1,0,4,0
2022-01-25,693,2022,1,1,4,0
2022-01-26,703,2022,1,2,4,0
2022-01-27,661,2022,1,3,4,0
2022-01-28,590,2022,1,4,4,0
2022-01-29,1015,2022,1,5,4,1
2022-01-30,676,2022,1,6,4,1
2022-01-31,582,2022,1,0,5,0
2022-02-01,573,2022,2,1,5,0
2022-02-02,625,2022,2,2,5,0
2022-02-03,659,2022,2,3,5,0
2022-02-04,728,2022,2,4,5,0
2022-02-05,909,2022,2,5,5,1
2022-02-06,976,2022,2,6,5,1
2022-02-07,614,2022,2,0,6,0
2022-02-08,631,2022,2,1,6,0
2022-02-09,734,2022,2,2,6,0
2022-02-10,758,2022,2,3,6,0
2022-02-11,627,2022,2,4,6,0
2022-02-12,963,2022,2,5,6,1
2022-02-13,908,2022,2,6,6,1
2022-02-14,583,2022,2,0,7,0
2022-02-15,797,2022,2,1,7,0
2022-02-16,667,2022,2,2,7,0
2022-02-17,693,2022,2,3,7,0
2022-02-18,740,2022,2,4,7,0
2022-02-19,934,2022,2,5,7,1
2022-02-20,761,2022,2,6,7,1
2022-02-21,529,2022,2,0,8,0
2022-02-22,851,2022,2,1,8,0
2022-02-23,639,2022,2,2,8,0
2022-02-24,631,2022,2,3,8,0
2022-02-25,608,2022,2,4,8,0
2022-02-26,900,2022,2,5,8,1
2022-02-27,772,2022,2,6,8,1
2022-02-28,798,2022,2,0,9,0
2022-03-01,826,2022,3,1,9,0
2022-03-02,678,2022,3,2,9,0
2022-03-03,971,2022,3,3,9,0
2022-03-04,922,2022,3,4,9,0
2022-03-05,973,2022,3,5,9,1
2022-03-06,698,2022,3,6,9,1
2022-03-07,898,2022,3,0,10,0
2022-03-08,646,2022,3,1,10,0
2022-03-09,630,2022,3,2,10,0
2022-03-10,872,2022,3,3,10,0
2022-03-11,1144,2022,3,4,10,0
2022-03-12,1244,2022,3,5,10,1
2022-03-13,1050,2022,3,6,10,1
2022-03-14,763,2022,3,0,11,0
2022-03-15,880,2022,3,1,11,0
2022-03-16,875,2022,3,2,11,0
2022-03-17,831,2022,3,3,11,0
2022-03-18,900,2022,3,4,11,0
2022-03-19,1089,2022,3,5,11,1
2022-03-20,933,2022,3,6,11,1
2022-03-21,715,2022,3,0,12,0
2022-03-22,675,2022,3,1,12,0
2022-03-23,821,2022,3,2,12,0
2022-03-24,742,2022,3,3,12,0
2022-03-25,810,2022,3,4,12,0
2022-03-26,1166,2022,3,5,12,1
2022-03-27,1255,2022,3,6,12,1
2022-03-28,858,2022,3,0,13,0
2022-03-29,711,2022,3,1,13,0
2022-03-30,767,2022,3,2,13,0
2022-03-31,972,2022,3,3,13,0
2022-04-01,853,2022,4,4,13,0
2022-04-02,1153,2022,4,5,13,1
2022-04-03,1177,2022,4,6,13,1
2022-04-04,710,2022,4,0,14,0
2022-04-05,902,2022,4,1,14,0
2022-04-06,763,2022,4,2,14,0
2022-04-07,837,2022,4,3,14,0
2022-04-08,1034,2022,4,4,14,0
2022-04-09,1013,2022,4,5,14,1
2022-04-10,1204,2022,4,6,14,1
2022-04-11,824,2022,4,0,15,0
2022-04-12,985,2022,4,1,15,0
2022-04-13,952,2022,4,2,15,0
2022-04-14,1096,2022,4,3,15,0
2022-04-15,1044,2022,4,4,15,0
2022-04-16,1205,2022,4,5,15,1
2022-04-17,1197,2022,4,6,15,1
2022-04-18,911,2022,4,0,16,0
2022-04-19,958,2022,4,1,16,0
2022-04-20,961,2022,4,2,16,0
2022-04-21,883,2022,4,3,16,0
2022-04-22,980,2022,4,4,16,0
2022-04-23,1105,2022,4,5,16,1
2022-04-24,1500,2022,4,6,16,1
2022-04-25,757,2022,4,0,17,0
2022-04-26,903,2022,4,1,17,0
2022-04-27,903,2022,4,2,17,0
2022-04-28,1101,2022,4,3,17,0
2022-04-29,1054,2022,4,4,17,0
2022-04-30,1562,2022,4,5,17,1
2022-05-01,1153,2022,5,6,17,1
2022-05-02,934,2022,5,0,18,0
2022-05-03,911,2022,5,1,18,0
2022-05-04,1308,2022,5,2,18,0
2022-05-05,880,2022,5,3,18,0
2022-05-06,1162,2022,5,4,18,0
2022-05-07,1488,2022,5,5,18,1
2022-05-08,1347,2022,5,6,18,1
2022-05-09,905,2022,5,0,19,0
2022-05-10,1016,2022,5,1,19,0
2022-05-11,1040,2022,5,2,19,0
2022-05-12,1020,2022,5,3,19,0
2022-05-13,1286,2022,5,4,19,0
2022-05-14,1838,2022,5,5,19,1
2022-05-15,1225,2022,5,6,19,1
2022-05-16,802,2022,5,0,20,0
2022-05-17,1042,2022,5,1,20,0
2022-05-18,1440,2022,5,2,20,0
2022-05-19,962,2022,5,3,20,0
2022-05-20,1422,2022,5,4,20,0
2022-05-21,1758,2022,5,5,20,1
2022-05-22,1248,2022,5,6,20,1
2022-05-23,1031,2022,5,0,21,0
2022-05-24,1304,2022,5,1,21,0
2022-05-25,1027,2022,5,2,21,0
2022-05-26,1051,2022,5,3,21,0
2022-05-27,1107,2022,5,4,21,0
2022-05-28,1293,2022,5,5,21,1
2022-05-29,1253,2022,5,6,21,1
2022-05-30,844,2022,5,0,22,0
2022-05-31,1092,2022,5,1,22,0
2022-06-01,993,2022,6,2,22,0
2022-06-02,1123,2022,6,3,22,0
2022-06-03,998,2022,6,4,22,0
2022-06-04,1538,2022,6,5,22,1
2022-06-05,1515,2022,6,6,22,1
2022-06-06,778,2022,6,0,23,0
2022-06-07,1150,2022,6,1,23,0
2022-06-08,1276,2022,6,2,23,0
2022-06-09,954,2022,6,3,23,0
2022-06-10,1484,2022,6,4,23,0
2022-06-11,1569,2022,6,5,23,1
2022-06-12,1271,2022,6,6,23,1
2022-06-13,990,2022,6,0,24,0
2022-06-14,1185,2022,6,1,24,0
2022-06-15,1120,2022,6,2,24,0
2022-06-16,1184,2022,6,3,24,0
2022-06-17,1094,2022,6,4,24,0
2022-06-18,1532,2022,6,5,24,1
2022-06-19,1174,2022,6,6,24,1
2022-06-20,988,2022,6,0,25,0
2022-06-21,999,2022,6,1,25,0
2022-06-22,1020,2022,6,2,25,0
2022-06-23,1292,2022,6,3,25,0
2022-06-24,1397,2022,6,4,25,0
2022-06-25,1619,2022,6,5,25,1
2022-06-26,1222,2022,6,6,25,1
2022-06-27,966,2022,6,0,26,0
2022-06-28,1289,2022,6,1,26,0
2022-06-29,1134,2022,6,2,26,0
2022-06-30,1472,2022,6,3,26,0
2022-07-01,1285,2022,7,4,26,0
2022-07-02,1538,2022,7,5,26,1
2022-07-03,1341,2022,7,6,26,1
2022-07-04,1018,2022,7,0,27,0
2022-07-05,1092,2022,7,1,27,0
2022-07-06,1210,2022,7,2,27,0
2022-07-07,1246,2022,7,3,27,0
2022-07-08,1111,2022,7,4,27,0
2022-07-09,1276,2022,7,5,27,1
2022-07-10,1111,2022,7,6,27,1
2022-07-11,1059,2022,7,0,28,0
2022-07-12,969,2022,7,1,28,0
2022-07-13,853,2022,7,2,28,0
2022-07-14,1156,2022,7,3,28,0
2022-07-15,1635,2022,7,4,28,0
2022-07-16,1485,2022,7,5,28,1
2022-07-17,1520,2022,7,6,28,1
2022-07-18,998,2022,7,0,29,0
2022-07-19,1083,2022,7,1,29,0
2022-07-20,1222,2022,7,2,29,0
2022-07-21,1055,2022,7,3,29,0
2022-07-22,1239,2022,7,4,29,0
2022-07-23,1528,2022,7,5,29,1
2022-07-24,1254,2022,7,6,29,1
2022-07-25,1100,2022,7,0,30,0
2022-07-26,1061,2022,7,1,30,0
2022-07-27,987,2022,7,2,30,0
2022-07-28,1150,2022,7,3,30,0
2022-07-29,1063,2022,7,4,30,0
2022-07-30,1455,2022,7,5,30,1
2022-07-31,1338,2022,7,6,30,1
2022-08-01,1096,2022,8,0,31,0
2022-08-02,1129,2022,8,1,31,0
2022-08-03,1061,2022,8,2,31,0
2022-08-04,1171,2022,8,3,31,0
2022-08-05,1376,2022,8,4,31,0
2022-08-06,1524,2022,8,5,31,1
2022-08-07,1318,2022,8,6,31,1
2022-08-08,808,2022,8,0,32,0
2022-08-09,922,2022,8,1,32,0
2022-08-10,1007,2022,8,2,32,0
2022-08-11,968,2022,8,3,32,0
2022-08-12,1117,2022,8,4,32,0
2022-08-13,1407,2022,8,5,32,1
2022-08-14,1375,2022,8,6,32,1
2022-08-15,918,2022,8,0,33,0
2022-08-16,1087,2022,8,1,33,0
2022-08-17,1030,2022,8,2,33,0
2022-08-18,804,2022,8,3,33,0
2022-08-19,998,2022,8,4,33,0
2022-08-20,1343,2022,8,5,33,1
2022-08-21,1090,2022,8,6,33,1
2022-08-22,972,2022,8,0,34,0
2022-08-23,1203,2022,8,1,34,0
2022-08-24,1155,2022,8,2,34,0
2022-08-25,969,2022,8,3,34,0
2022-08-26,1303,2022,8,4,34,0
2022-08-27,1356,2022,8,5,34,1
2022-08-28,1180,2022,8,6,34,1
2022-08-29,819,2022,8,0,35,0
2022-08-30,941,2022,8,1,35,0
2022-08-31,927,2022,8,2,35,0
2022-09-01,988,2022,9,3,35,0
2022-09-02,1081,2022,9,4,35,0
2022-09-03,1296,2022,9,5,35,1
2022-09-04,1259,2022,9,6,35,1
2022-09-05,988,2022,9,0,36,0
2022-09-06,1062,2022,9,1,36,0
2022-09-07,790,2022,9,2,36,0
2022-09-08,692,2022,9,3,36,0
2022-09-09,1151,2022,9,4,36,0
2022-09-10,1067,2022,9,5,36,1
2022-09-11,1128,2022,9,6,36,1
2022-09-12,722,2022,9,0,37,0
2022-09-13,740,2022,9,1,37,0
2022-09-14,976,2022,9,2,37,0
2022-09-15,998,2022,9,3,37,0
2022-09-16,930,2022,9,4,37,0
2022-09-17,893,2022,9,5,37,1
2022-09-18,1051,2022,9,6,37,1
2022-09-19,843,2022,9,0,38,0
2022-09-20,745,2022,9,1,38,0
2022-09-21,905,2022,9,2,38,0
2022-09-22,880,2022,9,3,38,0
2022-09-23,1034,2022,9,4,38,0
2022-09-24,1195,2022,9,5,38,1
2022-09-25,966,2022,9,6,38,1
2022-09-26,898,2022,9,0,39,0
2022-09-27,844,2022,9,1,39,0
2022-09-28,853,2022,9,2,39,0
2022-09-29,762,2022,9,3,39,0
2022-09-30,884,2022,9,4,39,0
2022-10-01,1024,2022,10,5,39,1
2022-10-02,1028,2022,10,6,39,1
2022-10-03,923,2022,10,0,40,0
2022-10-04,705,2022,10,1,40,0
2022-10-05,681,2022,10,2,40,0
2022-10-06,982,2022,10,3,40,0
2022-10-07,878,2022,10,4,40,0
2022-10-08,1015,2022,10,5,40,1
2022-10-09,1148,2022,10,6,40,1
2022-10-10,675,2022,10,0,41,0
2022-10-11,999,2022,10,1,41,0
2022-10-12,866,2022,10,2,41,0
2022-10-13,750,2022,10,3,41,0
2022-10-14,1127,2022,10,4,41,0
2022-10-15,988,2022,10,5,41,1
2022-10-16,1070,2022,10,6,41,1
2022-10-17,727,2022,10,0,42,0
2022-10-18,907,2022,10,1,42,0
2022-10-19,931,2022,10,2,42,0
2022-10-20,1388,2022,10,3,42,0
2022-10-21,1383,2022,10,4,42,0
2022-10-22,1953,2022,10,5,42,1
2022-10-23,1570,2022,10,6,42,1
2022-10-24,1554,2022,10,0,43,0
2022-10-25,1372,2022,10,1,43,0
2022-10-26,1286,2022,10,2,43,0
2022-10-27,1368,2022,10,3,43,0
2022-10-28,1246,2022,10,4,43,0
2022-10-29,1592,2022,10,5,43,1
2022-10-30,1905,2022,10,6,43,1
2022-10-31,1093,2022,10,0,44,0
2022-11-01,1154,2022,11,1,44,0
2022-11-02,1389,2022,11,2,44,0
2022-11-03,1495,2022,11,3,44,0
2022-11-04,1548,2022,11,4,44,0
2022-11-05,1956,2022,11,5,44,1
2022-11-06,812,2022,11,6,44,1
2022-11-07,538,2022,11,0,45,0
2022-11-08,845,2022,11,1,45,0
2022-11-09,676,2022,11,2,45,0
2022-11-10,680,2022,11,3,45,0
2022-11-11,900,2022,11,4,45,0
2022-11-12,1003,2022,11,5,45,1
2022-11-13,914,2022,11,6,45,1
2022-11-14,805,2022,11,0,46,0
2022-11-15,637,2022,11,1,46,0
2022-11-16,766,2022,11,2,46,0
2022-11-17,688,2022,11,3,46,0
2022-11-18,774,2022,11,4,46,0
2022-11-19,1101,2022,11,5,46,1
2022-11-20,899,2022,11,6,46,1
2022-11-21,648,2022,11,0,47,0
2022-11-22,765,2022,11,1,47,0
2022-11-23,642,2022,11,2,47,0
2022-11-24,605,2022,11,3,47,0
2022-11-25,648,2022,11,4,47,0
2022-11-26,710,2022,11,5,47,1
2022-11-27,1063,2022,11,6,47,1
2022-11-28,523,2022,11,0,48,0
2022-11-29,644,2022,11,1,48,0
2022-11-30,639,2022,11,2,48,0
2022-12-01,684,2022,12,3,48,0
2022-12-02,798,2022,12,4,48,0
2022-12-03,983,2022,12,5,48,1
2022-12-04,764,2022,12,6,48,1
2022-12-05,578,2022,12,0,49,0
2022-12-06,676,2022,12,1,49,0
2022-12-07,634,2022,12,2,49,0
2022-12-08,791,2022,12,3,49,0
2022-12-09,760,2022,12,4,49,0
2022-12-10,960,2022,12,5,49,1
2022-12-11,881,2022,12,6,49,1
2022-12-12,674,2022,12,0,50,0
2022-12-13,664,2022,12,1,50,0
2022-12-14,556,2022,12,2,50,0
2022-12-15,682,2022,12,3,50,0
2022-12-16,661,2022,12,4,50,0
2022-12-17,823,2022,12,5,50,1
2022-12-18,871,2022,12,6,50,1
2022-12-19,679,2022,12,0,51,0
2022-12-20,652,2022,12,1,51,0
2022-12-21,675,2022,12,2,51,0
2022-12-22,798,2022,12,3,51,0
2022-12-23,738,2022,12,4,51,0
2022-12-24,1203,2022,12,5,51,1
2022-12-25,1397,2022,12,6,51,1
2022-12-26,762,2022,12,0,52,0
2022-12-27,1146,2022,12,1,52,0
2022-12-28,1098,2022,12,2,52,0
2022-12-29,1226,2022,12,3,52,0
2022-12-30,1254,2022,12,4,52,0
2022-12-31,1399,2022,12,5,52,1
2023-01-01,1139,2023,1,6,52,1
2023-01-02,928,2023,1,0,1,0
2023-01-03,957,2023,1,1,1,0
2023-01-04,991,2023,1,2,1,0
2023-01-05,1143,2023,1,3,1,0
2023-01-06,897,2023,1,4,1,0
2023-01-07,947,2023,1,5,1,1
2023-01-08,727,2023,1,6,1,1
2023-01-09,639,2023,1,0,2,0
2023-01-10,779,2023,1,1,2,0
2023-01-11,629,2023,1,2,2,0
2023-01-12,668,2023,1,3,2,0
2023-01-13,751,2023,1,4,2,0
2023-01-14,840,2023,1,5,2,1
2023-01-15,927,2023,1,6,2,1
2023-01-16,611,2023,1,0,3,0
2023-01-17,727,2023,1,1,3,0
2023-01-18,624,2023,1,2,3,0
2023-01-19,661,2023,1,3,3,0
2023-01-20,839,2023,1,4,3,0
2023-01-21,906,2023,1,5,3,1
2023-01-22,1084,2023,1,6,3,1
2023-01-23,607,2023,1,0,4,0
2023-01-24,730,2023,1,1,4,0
2023-01-25,799,2023,1,2,4,0
2023-01-26,605,2023,1,3,4,0
2023-01-27,642,2023,1,4,4,0
2023-01-28,814,2023,1,5,4,1
2023-01-29,1058,2023,1,6,4,1
2023-01-30,615,2023,1,0,5,0
2023-01-31,998,2023,1,1,5,0
2023-02-01,689,2023,2,2,5,0
2023-02-02,758,2023,2,3,5,0
2023-02-03,986,2023,2,4,5,0
2023-02-04,1286,2023,2,5,5,1
2023-02-05,1205,2023,2,6,5,1
2023-02-06,787,2023,2,0,6,0
2023-02-07,860,2023,2,1,6,0
2023-02-08,821,2023,2,2,6,0
2023-02-09,844,2023,2,3,6,0
2023-02-10,796,2023,2,4,6,0
2023-02-11,951,2023,2,5,6,1
2023-02-12,977,2023,2,6,6,1
2023-02-13,693,2023,2,0,7,0
2023-02-14,748,2023,2,1,7,0
2023-02-15,864,2023,2,2,7,0
2023-02-16,896,2023,2,3,7,0
2023-02-17,893,2023,2,4,7,0
2023-02-18,1303,2023,2,5,7,1
2023-02-19,886,2023,2,6,7,1
2023-02-20,719,2023,2,0,8,0
2023-02-21,754,2023,2,1,8,0
2023-02-22,661,2023,2,2,8,0
2023-02-23,824,2023,2,3,8,0
2023-02-24,907,2023,2,4,8,0
2023-02-25,1362,2023,2,5,8,1
2023-02-26,1141,2023,2,6,8,1
2023-02-27,678,2023,2,0,9,0
2023-02-28,1070,2023,2,1,9,0
2023-03-01,997,2023,3,2,9,0
2023-03-02,929,2023,3,3,9,0
2023-03-03,933,2023,3,4,9,0
2023-03-04,1055,2023,3,5,9,1
2023-03-05,1054,2023,3,6,9,1
2023-03-06,910,2023,3,0,10,0
2023-03-07,1119,2023,3,1,10,0
2023-03-08,1080,2023,3,2,10,0
2023-03-09,851,2023,3,3,10,0
2023-03-10,873,2023,3,4,10,0
2023-03-11,1254,2023,3,5,10,1
2023-03-12,929,2023,3,6,10,1
2023-03-13,864,2023,3,0,11,0
2023-03-14,913,2023,3,1,11,0
2023-03-15,884,2023,3,2,11,0
2023-03-16,776,2023,3,3,11,0
2023-03-17,1106,2023,3,4,11,0
2023-03-18,1204,2023,3,5,11,1
2023-03-19,1039,2023,3,6,11,1
2023-03-20,613,2023,3,0,12,0
2023-03-21,964,2023,3,1,12,0
2023-03-22,1203,2023,3,2,12,0
2023-03-23,1193,2023,3,3,12,0
2023-03-24,1024,2023,3,4,12,0
2023-03-25,1242,2023,3,5,12,1
2023-03-26,1314,2023,3,6,12,1
2023-03-27,798,2023,3,0,13,0
2023-03-28,1042,2023,3,1,13,0
2023-03-29,1108,2023,3,2,13,0
2023-03-30,1177,2023,3,3,13,0
2023-03-31,1110,2023,3,4,13,0
2023-04-01,1352,2023,4,5,13,1
2023-04-02,1161,2023,4,6,13,1
2023-04-03,845,2023,4,0,14,0
2023-04-04,1015,2023,4,1,14,0
2023-04-05,1095,2023,4,2,14,0
2023-04-06,1175,2023,4,3,14,0
2023-04-07,1057,2023,4,4,14,0
2023-04-08,1718,2023,4,5,14,1
2023-04-09,1294,2023,4,6,14,1
2023-04-10,964,2023,4,0,15,0
2023-04-11,987,2023,4,1,15,0
2023-04-12,811,2023,4,2,15,0
2023-04-13,1212,2023,4,3,15,0
2023-04-14,1316,2023,4,4,15,0
2023-04-15,1436,2023,4,5,15,1
2023-04-16,1392,2023,4,6,15,1
2023-04-17,1063,2023,4,0,16,0
2023-04-18,924,2023,4,1,16,0
2023-04-19,1051,2023,4,2,16,0
2023-04-20,1237,2023,4,3,16,0
2023-04-21,1069,2023,4,4,16,0
2023-04-22,1587,2023,4,5,16,1
2023-04-23,1210,2023,4,6,16,1
2023-04-24,1089,2023,4,0,17,0
2023-04-25,1144,2023,4,1,17,0
2023-04-26,950,2023,4,2,17,0
2023-04-27,1332,2023,4,3,17,0
2023-04-28,1171,2023,4,4,17,0
2023-04-29,1430,2023,4,5,17,1
2023-04-30,1500,2023,4,6,17,1
2023-05-01,1215,2023,5,0,18,0
2023-05-02,1045,2023,5,1,18,0
2023-05-03,1194,2023,5,2,18,0
2023-05-04,1252,2023,5,3,18,0
2023-05-05,1426,2023,5,4,18,0
2023-05-06,1651,2023,5,5,18,1
2023-05-07,1437,2023,5,6,18,1
2023-05-08,982,2023,5,0,19,0
2023-05-09,1222,2023,5,1,19,0
2023-05-10,1067,2023,5,2,19,0
2023-05-11,857,2023,5,3,19,0
2023-05-12,1415,2023,5,4,19,0
2023-05-13,1843,2023,5,5,19,1
2023-05-14,1156,2023,5,6,19,1
2023-05-15,982,2023,5,0,20,0
2023-05-16,1331,2023,5,1,20,0
2023-05-17,1586,2023,5,2,20,0
2023-05-18,1245,2023,5,3,20,0
2023-05-19,1255,2023,5,4,20,0
2023-05-20,1649,2023,5,5,20,1
2023-05-21,1845,2023,5,6,20,1
2023-05-22,1045,2023,5,0,21,0
2023-05-23,1143,2023,5,1,21,0
2023-05-24,1190,2023,5,2,21,0
2023-05-25,1127,2023,5,3,21,0
2023-05-26,1414,2023,5,4,21,0
2023-05-27,2082,2023,5,5,21,1
2023-05-28,1652,2023,5,6,21,1
2023-05-29,1112,2023,5,0,22,0
2023-05-30,1233,2023,5,1,22,0
2023-05-31,1060,2023,5,2,22,0
2023-06-01,1424,2023,6,3,22,0
2023-06-02,1399,2023,6,4,22,0
2023-06-03,1698,2023,6,5,22,1
2023-06-04,2361,2023,6,6,22,1
2023-06-05,1203,2023,6,0,23,0
2023-06-06,1180,2023,6,1,23,0
2023-06-07,1229,2023,6,2,23,0
2023-06-08,1486,2023,6,3,23,0
2023-06-09,1446,2023,6,4,23,0
2023-06-10,1474,2023,6,5,23,1
2023-06-11,1814,2023,6,6,23,1
2023-06-12,1080,2023,6,0,24,0
2023-06-13,1630,2023,6,1,24,0
2023-06-14,1483,2023,6,2,24,0
2023-06-15,1236,2023,6,3,24,0
2023-06-16,1674,2023,6,4,24,0
2023-06-17,1778,2023,6,5,24,1
2023-06-18,1810,2023,6,6,24,1
2023-06-19,1247,2023,6,0,25,0
2023-06-20,1182,2023,6,1,25,0
2023-06-21,1212,2023,6,2,25,0
2023-06-22,1482,2023,6,3,25,0
2023-06-23,1384,2023,6,4,25,0
2023-06-24,1685,2023,6,5,25,1
2023-06-25,1460,2023,6,6,25,1
2023-06-26,1241,2023,6,0,26,0
2023-06-27,1678,2023,6,1,26,0
2023-06-28,1153,2023,6,2,26,0
2023-06-29,1314,2023,6,3,26,0
2023-06-30,1707,2023,6,4,26,0
2023-07-01,1751,2023,7,5,26,1
2023-07-02,1728,2023,7,6,26,1
2023-07-03,1037,2023,7,0,27,0
2023-07-04,1377,2023,7,1,27,0
2023-07-05,1278,2023,7,2,27,0
2023-07-06,1470,2023,7,3,27,0
2023-07-07,1656,2023,7,4,27,0
2023-07-08,2403,2023,7,5,27,1
2023-07-09,1747,2023,7,6,27,1
2023-07-10,1219,2023,7,0,28,0
2023-07-11,1332,2023,7,1,28,0
2023-07-12,1246,2023,7,2,28,0
2023-07-13,1352,2023,7,3,28,0
2023-07-14,1377,2023,7,4,28,0
2023-07-15,1785,2023,7,5,28,1
2023-07-16,1894,2023,7,6,28,1
2023-07-17,1031,2023,7,0,29,0
2023-07-18,1479,2023,7,1,29,0
2023-07-19,1509,2023,7,2,29,0
2023-07-20,1268,2023,7,3,29,0
2023-07-21,1095,2023,7,4,29,0
2023-07-22,1609,2023,7,5,29,1
2023-07-23,1869,2023,7,6,29,1
2023-07-24,1147,2023,7,0,30,0
2023-07-25,1131,2023,7,1,30,0
2023-07-26,1198,2023,7,2,30,0
2023-07-27,1405,2023,7,3,30,0
2023-07-28,1489,2023,7,4,30,0
2023-07-29,1659,2023,7,5,30,1
2023-07-30,1510,2023,7,6,30,1
2023-07-31,1081,2023,7,0,31,0
2023-08-01,1125,2023,8,1,31,0
2023-08-02,1522,2023,8,2,31,0
2023-08-03,1203,2023,8,3,31,0
2023-08-04,1588,2023,8,4,31,0
2023-08-05,2016,2023,8,5,31,1
2023-08-06,1749,2023,8,6,31,1
2023-08-07,1058,2023,8,0,32,0
2023-08-08,1296,2023,8,1,32,0
2023-08-09,1227,2023,8,2,32,0
2023-08-10,1101,2023,8,3,32,0
2023-08-11,1400,2023,8,4,32,0
2023-08-12,1430,2023,8,5,32,1
2023-08-13,1753,2023,8,6,32,1
2023-08-14,1032,2023,8,0,33,0
2023-08-15,1238,2023,8,1,33,0
2023-08-16,1247,2023,8,2,33,0
2023-08-17,1164,2023,8,3,33,0
2023-08-18,1413,2023,8,4,33,0
2023-08-19,1521,2023,8,5,33,1
2023-08-20,1650,2023,8,6,33,1
2023-08-21,907,2023,8,0,34,0
2023-08-22,1199,2023,8,1,34,0
2023-08-23,1485,2023,8,2,34,0
2023-08-24,1040,2023,8,3,34,0
2023-08-25,1184,2023,8,4,34,0
2023-08-26,1671,2023,8,5,34,1
2023-08-27,1481,2023,8,6,34,1
2023-08-28,1084,2023,8,0,35,0
2023-08-29,1220,2023,8,1,35,0
2023-08-30,1236,2023,8,2,35,0
2023-08-31,1304,2023,8,3,35,0
2023-09-01,1313,2023,9,4,35,0
2023-09-02,1485,2023,9,5,35,1
2023-09-03,1528,2023,9,6,35,1
2023-09-04,1269,2023,9,0,36,0
2023-09-05,1100,2023,9,1,36,0
2023-09-06,990,2023,9,2,36,0
2023-09-07,1266,2023,9,3,36,0
2023-09-08,1197,2023,9,4,36,0
2023-09-09,1143,2023,9,5,36,1
2023-09-10,1514,2023,9,6,36,1
2023-09-11,919,2023,9,0,37,0
2023-09-12,1073,2023,9,1,37,0
2023-09-13,1123,2023,9,2,37,0
2023-09-14,1099,2023,9,3,37,0
2023-09-15,1281,2023,9,4,37,0
2023-09-16,1364,2023,9,5,37,1
2023-09-17,1409,2023,9,6,37,1
2023-09-18,920,2023,9,0,38,0
2023-09-19,1147,2023,9,1,38,0
2023-09-20,1125,2023,9,2,38,0
2023-09-21,930,2023,9,3,38,0
2023-09-22,1297,2023,9,4,38,0
2023-09-23,1304,2023,9,5,38,1
2023-09-24,1412,2023,9,6,38,1
2023-09-25,959,2023,9,0,39,0
2023-09-26,1266,2023,9,1,39,0
2023-09-27,984,2023,9,2,39,0
2023-09-28,964,2023,9,3,39,0
2023-09-29,1098,2023,9,4,39,0
2023-09-30,1296,2023,9,5,39,1
2023-10-01,1363,2023,10,6,39,1
2023-10-02,731,2023,10,0,40,0
2023-10-03,864,2023,10,1,40,0
2023-10-04,859,2023,10,2,40,0
2023-10-05,1088,2023,10,3,40,0
2023-10-06,1305,2023,10,4,40,0
2023-10-07,1282,2023,10,5,40,1
2023-10-08,1172,2023,10,6,40,1
2023-10-09,864,2023,10,0,41,0
2023-10-10,1089,2023,10,1,41,0
2023-10-11,843,2023,10,2,41,0
2023-10-12,965,2023,10,3,41,0
2023-10-13,1154,2023,10,4,41,0
2023-10-14,1331,2023,10,5,41,1
2023-10-15,1182,2023,10,6,41,1
2023-10-16,933,2023,10,0,42,0
2023-10-17,662,2023,10,1,42,0
2023-10-18,988,2023,10,2,42,0
2023-10-19,838,2023,10,3,42,0
2023-10-20,1433,2023,10,4,42,0
2023-10-21,2319,2023,10,5,42,1
2023-10-22,2370,2023,10,6,42,1
2023-10-23,1417,2023,10,0,43,0
2023-10-24,1785,2023,10,1,43,0
2023-10-25,1923,2023,10,2,43,0
2023-10-26,1847,2023,10,3,43,0
2023-10-27,2103,2023,10,4,43,0
2023-10-28,2307,2023,10,5,43,1
2023-10-29,1963,2023,10,6,43,1
2023-10-30,1150,2023,10,0,44,0
2023-10-31,1497,2023,10,1,44,0
2023-11-01,1388,2023,11,2,44,0
2023-11-02,1984,2023,11,3,44,0
2023-11-03,1640,2023,11,4,44,0
2023-11-04,2077,2023,11,5,44,1
2023-11-05,2016,2023,11,6,44,1
2023-11-06,756,2023,11,0,45,0
2023-11-07,1019,2023,11,1,45,0
2023-11-08,769,2023,11,2,45,0
2023-11-09,845,2023,11,3,45,0
2023-11-10,827,2023,11,4,45,0
2023-11-11,944,2023,11,5,45,1
2023-11-12,948,2023,11,6,45,1
2023-11-13,728,2023,11,0,46,0
2023-11-14,769,2023,11,1,46,0
2023-11-15,743,2023,11,2,46,0
2023-11-16,680,2023,11,3,46,0
2023-11-17,873,2023,11,4,46,0
2023-11-18,901,2023,11,5,46,1
2023-11-19,1091,2023,11,6,46,1
2023-11-20,722,2023,11,0,47,0
2023-11-21,665,2023,11,1,47,0
2023-11-22,761,2023,11,2,47,0
2023-11-23,720,2023,11,3,47,0
2023-11-24,898,2023,11,4,47,0
2023-11-25,1242,2023,11,5,47,1
2023-11-26,780,2023,11,6,47,1
2023-11-27,712,2023,11,0,48,0
2023-11-28,763,2023,11,1,48,0
2023-11-29,842,2023,11,2,48,0
2023-11-30,795,2023,11,3,48,0
2023-12-01,777,2023,12,4,48,0
2023-12-02,1003,2023,12,5,48,1
2023-12-03,876,2023,12,6,48,1
2023-12-04,788,2023,12,0,49,0
2023-12-05,770,2023,12,1,49,0
2023-12-06,964,2023,12,2,49,0
2023-12-07,761,2023,12,3,49,0
2023-12-08,773,2023,12,4,49,0
2023-12-09,861,2023,12,5,49,1
2023-12-10,769,2023,12,6,49,1
2023-12-11,568,2023,12,0,50,0
2023-12-12,788,2023,12,1,50,0
2023-12-13,811,2023,12,2,50,0
2023-12-14,631,2023,12,3,50,0
2023-12-15,934,2023,12,4,50,0
2023-12-16,971,2023,12,5,50,1
2023-12-17,970,2023,12,6,50,1
2023-12-18,833,2023,12,0,51,0
2023-12-19,849,2023,12,1,51,0
2023-12-20,739,2023,12,2,51,0
2023-12-21,686,2023,12,3,51,0
2023-12-22,649,2023,12,4,51,0
2023-12-23,947,2023,12,5,51,1
2023-12-24,932,2023,12,6,51,1
2023-12-25,980,2023,12,0,52,0
2023-12-26,1208,2023,12,1,52,0
2023-12-27,1240,2023,12,2,52,0
2023-12-28,1197,2023,12,3,52,0
2023-12-29,1253,2023,12,4,52,0
2023-12-30,1700,2023,12,5,52,1
2023-12-31,1629,2023,12,6,52,1
