customer_id,city,age_group,category,order_value_inr,num_items,recency_days,rating,discount_pct
CUST_0001,Mumbai,18-25,Electronics,156.08,7,8,3,30
CUST_0002,Kolkata,36-45,Groceries,50.0,1,56,4,0
CUST_0003,Hyderabad,18-25,Home Decor,135.18,10,8,4,0
CUST_0004,Bangalore,36-45,Books,60.39,9,12,4,25
CUST_0005,Chennai,26-35,Home Decor,336.52,4,30,3,10
CUST_0006,Chennai,18-25,Books,50.0,3,110,5,10
CUST_0007,Chennai,36-45,Books,148.56,4,10,4,10
CUST_0008,Pune,26-35,Home Decor,130.44,4,7,5,0
CUST_0009,Bangalore,55+,Electronics,309.72,10,64,1,15
CUST_0010,Hyderabad,26-35,Groceries,50.0,11,31,4,15
CUST_0011,Chennai,26-35,Electronics,50.0,2,109,4,5
CUST_0012,Kolkata,36-45,Sports,255.62,1,7,4,5
CUST_0013,Pune,26-35,Sports,227.23,10,46,2,20
CUST_0014,Mumbai,46-55,Electronics,251.56,1,11,5,0
CUST_0015,Chennai,26-35,Books,50.0,8,7,3,20
CUST_0016,Chennai,26-35,Sports,190.42,2,51,5,0
CUST_0017,Mumbai,18-25,Electronics,90.26,10,40,5,10
CUST_0018,Delhi,26-35,Groceries,50.0,5,63,4,25
CUST_0019,Delhi,46-55,Sports,237.91,4,16,5,15
CUST_0020,Mumbai,36-45,Electronics,115.51,8,26,4,5
CUST_0021,Bangalore,26-35,Books,56.92,2,23,4,15
CUST_0022,Chennai,26-35,Fashion,50.0,10,186,5,5
CUST_0023,Mumbai,36-45,Sports,183.02,9,15,4,0
CUST_0024,Mumbai,46-55,Sports,122.48,7,15,4,30
CUST_0025,Delhi,18-25,Sports,50.0,7,19,5,15
CUST_0026,Hyderabad,26-35,Groceries,137.14,1,37,4,10
CUST_0027,Chennai,26-35,Home Decor,90.03,2,13,4,5
CUST_0028,Delhi,46-55,Home Decor,84.74,4,111,4,0
CUST_0029,Bangalore,18-25,Fashion,126.82,4,13,5,0
CUST_0030,Chennai,18-25,Home Decor,406.14,11,101,5,10
CUST_0031,Bangalore,36-45,Electronics,139.78,3,4,4,15
CUST_0032,Chennai,18-25,Groceries,56.74,7,48,4,10
CUST_0033,Chennai,26-35,Electronics,28758.64,8,106,5,20
CUST_0034,Kolkata,26-35,Electronics,16771.79,2,8,2,0
CUST_0035,Kolkata,26-35,Electronics,362.82,4,155,3,5
CUST_0036,Hyderabad,26-35,Books,50.0,3,27,5,0
CUST_0037,Mumbai,26-35,Fashion,55.71,2,131,5,5
CUST_0038,Chennai,18-25,Books,50.0,6,50,5,0
CUST_0039,Bangalore,36-45,Electronics,133.63,4,16,4,25
CUST_0040,Delhi,36-45,Fashion,50.0,6,9,2,0
CUST_0041,Chennai,36-45,Groceries,76.59,2,16,4,25
CUST_0042,Delhi,18-25,Home Decor,333.93,4,4,3,5
CUST_0043,Chennai,18-25,Fashion,50.0,11,6,4,30
CUST_0044,Pune,26-35,Groceries,50.0,6,4,5,10
CUST_0045,Mumbai,26-35,Home Decor,265.9,5,24,2,25
CUST_0046,Bangalore,26-35,Groceries,280.11,3,71,5,0
CUST_0047,Mumbai,36-45,Electronics,320.34,8,6,4,15
CUST_0048,Delhi,18-25,Electronics,175.98,7,6,4,25
CUST_0049,Delhi,18-25,Home Decor,139.98,3,46,2,0
CUST_0050,Chennai,26-35,Electronics,946.4,6,9,4,0
CUST_0051,Kolkata,36-45,Home Decor,96.64,4,4,2,5
CUST_0052,Hyderabad,18-25,Groceries,50.0,11,8,5,25
CUST_0053,Kolkata,36-45,Sports,85.65,5,115,5,10
CUST_0054,Pune,26-35,Home Decor,75.57,11,77,4,10
CUST_0055,Bangalore,46-55,Sports,139.02,5,19,3,0
CUST_0056,Pune,46-55,Fashion,396.26,7,47,5,0
CUST_0057,Chennai,26-35,Books,58.28,11,34,4,20
CUST_0058,Chennai,26-35,Fashion,88.27,5,50,3,0
CUST_0059,Chennai,26-35,Groceries,50.0,11,51,4,10
CUST_0060,Mumbai,26-35,Groceries,50.0,3,44,5,25
CUST_0061,Delhi,36-45,Home Decor,328.41,10,13,1,0
CUST_0062,Mumbai,46-55,Sports,118.42,5,1,3,15
CUST_0063,Hyderabad,36-45,Books,50.0,7,27,5,0
CUST_0064,Mumbai,46-55,Fashion,1389.65,5,99,3,10
CUST_0065,Mumbai,26-35,Fashion,137.18,5,37,3,0
CUST_0066,Delhi,18-25,Books,50.0,9,80,4,15
CUST_0067,Chennai,36-45,Electronics,224.01,3,215,5,5
CUST_0068,Hyderabad,26-35,Electronics,789.59,6,8,4,10
CUST_0069,Chennai,36-45,Fashion,118.27,1,52,5,10
CUST_0070,Kolkata,26-35,Fashion,50.0,10,50,5,0
CUST_0071,Hyderabad,18-25,Fashion,225.36,5,175,2,15
CUST_0072,Chennai,55+,Electronics,184.61,8,190,5,5
CUST_0073,Chennai,18-25,Electronics,1410.08,5,52,4,15
CUST_0074,Hyderabad,55+,Electronics,747.55,9,12,4,0
CUST_0075,Hyderabad,55+,Sports,88.11,11,72,4,15
CUST_0076,Hyderabad,36-45,Fashion,301.01,6,5,4,0
CUST_0077,Hyderabad,36-45,Fashion,114.05,8,68,2,5
CUST_0078,Chennai,36-45,Books,89.04,10,108,1,0
CUST_0079,Mumbai,46-55,Electronics,464.31,8,21,4,15
CUST_0080,Chennai,26-35,Sports,64.03,3,44,5,0
CUST_0081,Pune,26-35,Home Decor,96.83,7,25,4,20
CUST_0082,Bangalore,36-45,Electronics,718.19,7,25,5,20
CUST_0083,Mumbai,26-35,Fashion,82.64,10,16,4,0
CUST_0084,Chennai,26-35,Home Decor,117.32,6,64,4,10
CUST_0085,Mumbai,26-35,Sports,58.7,7,123,3,0
CUST_0086,Mumbai,26-35,Fashion,151.59,2,127,3,5
CUST_0087,Hyderabad,46-55,Groceries,281.24,9,8,4,15
CUST_0088,Bangalore,18-25,Electronics,134.12,10,93,5,15
CUST_0089,Pune,46-55,Sports,128.49,10,60,5,10
CUST_0090,Delhi,36-45,Electronics,975.1,1,13,5,0
CUST_0091,Chennai,46-55,Sports,118.25,1,3,3,5
CUST_0092,Hyderabad,26-35,Groceries,77.56,3,14,5,0
CUST_0093,Hyderabad,36-45,Groceries,50.0,3,109,4,15
CUST_0094,Bangalore,18-25,Groceries,76.08,1,45,3,10
CUST_0095,Hyderabad,36-45,Electronics,271.25,7,57,5,15
CUST_0096,Delhi,18-25,Electronics,693.22,4,13,4,0
CUST_0097,Delhi,46-55,Electronics,814.58,10,57,3,5
CUST_0098,Delhi,55+,Electronics,2500.92,2,1,4,5
CUST_0099,Chennai,26-35,Home Decor,257.62,10,21,4,0
CUST_0100,Chennai,18-25,Fashion,140.18,5,44,5,5
CUST_0101,Chennai,36-45,Electronics,368.07,6,7,4,20
CUST_0102,Bangalore,26-35,Sports,95.01,9,77,5,20
CUST_0103,Mumbai,46-55,Home Decor,212.42,4,12,2,10
CUST_0104,Delhi,18-25,Sports,99.5,2,47,4,10
CUST_0105,Pune,18-25,Sports,144.21,5,23,4,0
CUST_0106,Mumbai,55+,Electronics,904.01,3,40,4,20
CUST_0107,Delhi,36-45,Fashion,50.0,2,5,4,0
CUST_0108,Hyderabad,46-55,Books,112.03,1,1,5,25
CUST_0109,Mumbai,26-35,Books,129.09,10,108,5,10
CUST_0110,Chennai,36-45,Electronics,286.66,2,14,5,5
CUST_0111,Mumbai,36-45,Home Decor,50.0,6,77,5,25
CUST_0112,Chennai,36-45,Electronics,193.74,8,330,5,0
CUST_0113,Pune,36-45,Electronics,889.23,3,10,4,10
CUST_0114,Hyderabad,36-45,Groceries,53.03,11,13,5,10
CUST_0115,Bangalore,26-35,Groceries,50.0,9,48,4,0
CUST_0116,Pune,26-35,Groceries,50.0,9,151,4,5
CUST_0117,Hyderabad,36-45,Electronics,617.24,2,111,4,15
CUST_0118,Chennai,26-35,Home Decor,250.93,8,31,4,15
CUST_0119,Pune,36-45,Fashion,89.23,10,71,4,0
CUST_0120,Delhi,26-35,Electronics,234.93,11,6,5,25
CUST_0121,Hyderabad,36-45,Home Decor,118.44,5,170,4,0
CUST_0122,Pune,36-45,Sports,60.25,4,150,2,0
CUST_0123,Mumbai,18-25,Home Decor,589.98,10,8,4,0
CUST_0124,Chennai,18-25,Home Decor,125.2,5,16,2,0
CUST_0125,Mumbai,18-25,Books,119.17,4,4,3,0
CUST_0126,Delhi,36-45,Groceries,182.4,8,14,3,30
CUST_0127,Hyderabad,46-55,Electronics,700.23,4,76,4,5
CUST_0128,Pune,18-25,Fashion,76.48,10,21,4,0
CUST_0129,Chennai,36-45,Fashion,149.2,6,4,5,0
CUST_0130,Delhi,26-35,Fashion,23183.45,2,18,5,15
CUST_0131,Delhi,26-35,Books,50.0,5,179,4,20
CUST_0132,Mumbai,46-55,Groceries,70.01,6,44,4,0
CUST_0133,Chennai,26-35,Electronics,122.67,5,24,4,0
CUST_0134,Mumbai,26-35,Electronics,814.77,2,8,5,0
CUST_0135,Kolkata,18-25,Books,50.0,7,192,2,0
CUST_0136,Mumbai,18-25,Electronics,370.07,4,77,1,0
CUST_0137,Delhi,26-35,Home Decor,203.25,8,14,5,5
CUST_0138,Hyderabad,18-25,Groceries,50.0,7,3,4,0
CUST_0139,Mumbai,36-45,Groceries,86.36,7,2,3,10
CUST_0140,Kolkata,26-35,Groceries,50.0,9,5,3,0
CUST_0141,Kolkata,26-35,Home Decor,325.32,1,39,5,25
CUST_0142,Mumbai,18-25,Fashion,50.0,10,118,5,25
CUST_0143,Delhi,26-35,Books,50.0,6,30,5,10
CUST_0144,Mumbai,36-45,Groceries,254.76,6,83,4,5
CUST_0145,Mumbai,55+,Fashion,50.0,6,26,4,5
CUST_0146,Chennai,18-25,Home Decor,45394.33,6,55,5,5
CUST_0147,Bangalore,46-55,Home Decor,244.43,10,59,5,15
CUST_0148,Delhi,36-45,Books,51.96,7,8,3,10
CUST_0149,Chennai,26-35,Home Decor,214.5,10,20,5,20
CUST_0150,Mumbai,26-35,Home Decor,239.64,6,45,3,25
CUST_0151,Pune,18-25,Books,74.79,1,3,3,5
CUST_0152,Mumbai,18-25,Home Decor,393.68,3,20,5,10
CUST_0153,Chennai,36-45,Books,62.47,2,34,4,0
CUST_0154,Delhi,26-35,Books,50.0,6,251,5,0
CUST_0155,Kolkata,46-55,Groceries,92.5,8,28,2,5
CUST_0156,Mumbai,26-35,Books,205.77,3,76,4,0
CUST_0157,Bangalore,18-25,Electronics,283.34,10,25,5,20
CUST_0158,Hyderabad,36-45,Home Decor,74.3,8,71,5,0
CUST_0159,Mumbai,26-35,Home Decor,392.86,8,40,3,10
CUST_0160,Hyderabad,26-35,Electronics,286.13,5,97,4,10
CUST_0161,Mumbai,36-45,Home Decor,50.0,8,23,4,15
CUST_0162,Bangalore,46-55,Electronics,620.61,6,41,3,5
CUST_0163,Bangalore,36-45,Fashion,70.39,5,44,5,20
CUST_0164,Delhi,36-45,Books,50.0,9,24,5,10
CUST_0165,Chennai,36-45,Electronics,410.9,7,7,3,5
CUST_0166,Pune,55+,Home Decor,188.71,8,4,3,0
CUST_0167,Mumbai,26-35,Home Decor,285.82,1,1,2,10
CUST_0168,Chennai,18-25,Groceries,50.0,11,93,5,20
CUST_0169,Chennai,26-35,Electronics,474.97,2,12,3,10
CUST_0170,Bangalore,18-25,Fashion,87.77,8,10,4,20
CUST_0171,Bangalore,36-45,Groceries,97.54,9,59,4,10
CUST_0172,Chennai,36-45,Sports,206.18,4,17,4,0
CUST_0173,Delhi,36-45,Groceries,50.0,10,31,2,0
CUST_0174,Mumbai,18-25,Fashion,257.52,11,7,3,5
CUST_0175,Bangalore,36-45,Groceries,50.0,10,144,5,15
CUST_0176,Chennai,26-35,Groceries,103.09,9,85,5,15
CUST_0177,Bangalore,36-45,Home Decor,217.37,4,89,5,0
CUST_0178,Delhi,26-35,Electronics,1371.02,10,23,1,10
CUST_0179,Kolkata,26-35,Books,50.0,10,64,4,5
CUST_0180,Chennai,18-25,Groceries,50.0,10,6,4,5
CUST_0181,Mumbai,18-25,Sports,124.08,9,1,4,0
CUST_0182,Chennai,46-55,Fashion,84.76,11,1,5,0
CUST_0183,Pune,46-55,Groceries,102.42,7,39,4,0
CUST_0184,Pune,36-45,Sports,50.0,2,27,2,0
CUST_0185,Mumbai,18-25,Electronics,135.61,9,32,5,0
CUST_0186,Bangalore,26-35,Sports,53.64,4,1,5,0
CUST_0187,Hyderabad,36-45,Books,96.26,8,24,2,10
CUST_0188,Bangalore,36-45,Electronics,1238.0,7,56,4,5
CUST_0189,Delhi,18-25,Fashion,99.36,7,26,4,30
CUST_0190,Mumbai,18-25,Books,50.0,8,59,4,0
CUST_0191,Chennai,36-45,Electronics,333.22,1,11,3,5
CUST_0192,Pune,26-35,Groceries,136.82,5,75,4,5
CUST_0193,Pune,26-35,Fashion,51.44,2,39,5,0
CUST_0194,Bangalore,18-25,Groceries,65.36,2,10,4,20
CUST_0195,Mumbai,26-35,Electronics,687.4,1,12,2,0
CUST_0196,Mumbai,46-55,Home Decor,241.93,5,44,4,25
CUST_0197,Hyderabad,55+,Sports,146.66,2,79,4,20
CUST_0198,Pune,26-35,Sports,280.71,4,24,5,10
CUST_0199,Pune,26-35,Books,50.0,3,13,4,10
CUST_0200,Hyderabad,18-25,Electronics,541.89,3,90,3,15
CUST_0201,Bangalore,26-35,Books,50.0,2,49,3,5
CUST_0202,Chennai,26-35,Electronics,72.84,6,26,5,10
CUST_0203,Chennai,36-45,Electronics,474.25,2,30,3,0
CUST_0204,Pune,26-35,Fashion,324.16,8,10,5,0
CUST_0205,Bangalore,26-35,Groceries,50.0,8,44,3,10
CUST_0206,Chennai,18-25,Home Decor,347.26,5,19,4,10
CUST_0207,Chennai,26-35,Books,163.48,10,244,4,20
CUST_0208,Bangalore,18-25,Fashion,309.28,7,29,5,0
CUST_0209,Chennai,18-25,Fashion,401.13,4,29,5,20
CUST_0210,Chennai,55+,Sports,228.19,1,37,3,0
CUST_0211,Delhi,26-35,Fashion,114.74,11,111,4,5
CUST_0212,Bangalore,26-35,Fashion,50.0,2,72,3,5
CUST_0213,Bangalore,46-55,Electronics,258.76,10,26,4,5
CUST_0214,Mumbai,55+,Home Decor,82.53,10,57,4,0
CUST_0215,Hyderabad,36-45,Books,255.6,4,39,5,10
CUST_0216,Mumbai,36-45,Electronics,273.71,1,30,5,20
CUST_0217,Mumbai,26-35,Electronics,347.7,8,9,4,5
CUST_0218,Hyderabad,26-35,Books,69.97,9,28,4,10
CUST_0219,Bangalore,26-35,Books,50.0,4,12,5,20
CUST_0220,Pune,36-45,Fashion,419.21,10,110,5,15
CUST_0221,Bangalore,36-45,Sports,76.58,3,18,1,10
CUST_0222,Bangalore,26-35,Electronics,368.13,2,136,4,0
CUST_0223,Chennai,18-25,Fashion,59.64,5,34,4,20
CUST_0224,Mumbai,36-45,Sports,50.0,3,44,3,10
CUST_0225,Mumbai,18-25,Fashion,66.21,10,35,3,0
CUST_0226,Mumbai,36-45,Groceries,52.43,7,6,1,0
CUST_0227,Kolkata,36-45,Fashion,76.62,11,21,4,20
CUST_0228,Delhi,36-45,Fashion,62.08,6,4,3,0
CUST_0229,Pune,36-45,Sports,50.0,1,43,2,30
CUST_0230,Bangalore,46-55,Fashion,101.07,8,26,3,0
CUST_0231,Hyderabad,26-35,Home Decor,50.0,2,67,5,15
CUST_0232,Delhi,36-45,Electronics,578.71,5,11,5,5
CUST_0233,Bangalore,36-45,Electronics,336.54,9,8,4,10
CUST_0234,Delhi,18-25,Electronics,98.17,8,23,4,20
CUST_0235,Chennai,18-25,Books,50.0,2,117,5,5
CUST_0236,Hyderabad,26-35,Fashion,59.18,9,55,3,10
CUST_0237,Mumbai,26-35,Home Decor,209.17,5,24,3,0
CUST_0238,Chennai,36-45,Groceries,157.83,10,32,4,0
CUST_0239,Bangalore,46-55,Sports,50.0,6,3,3,0
CUST_0240,Chennai,18-25,Electronics,345.43,3,187,4,15
CUST_0241,Kolkata,18-25,Home Decor,142.55,3,49,5,0
CUST_0242,Kolkata,55+,Home Decor,277.23,10,15,4,0
CUST_0243,Pune,18-25,Home Decor,192.16,8,39,4,5
CUST_0244,Mumbai,26-35,Home Decor,88.78,11,5,5,10
CUST_0245,Chennai,36-45,Books,50.0,10,151,2,15
CUST_0246,Pune,26-35,Groceries,50.0,10,8,3,0
CUST_0247,Delhi,18-25,Electronics,745.14,2,46,4,0
CUST_0248,Kolkata,18-25,Electronics,320.48,11,12,4,25
CUST_0249,Kolkata,18-25,Sports,38160.15,2,56,1,0
CUST_0250,Pune,36-45,Groceries,51.45,5,67,4,20
CUST_0251,Mumbai,26-35,Home Decor,91.93,6,50,4,20
CUST_0252,Delhi,26-35,Groceries,50.0,2,42,5,15
CUST_0253,Pune,36-45,Electronics,74.46,5,100,4,0
CUST_0254,Mumbai,46-55,Electronics,88.72,7,3,4,20
CUST_0255,Chennai,18-25,Books,55.73,10,18,2,15
CUST_0256,Bangalore,26-35,Fashion,162.28,10,12,4,10
CUST_0257,Kolkata,36-45,Electronics,88.93,8,199,3,5
CUST_0258,Bangalore,26-35,Groceries,110.52,7,22,5,0
CUST_0259,Bangalore,26-35,Electronics,214.07,8,59,4,0
CUST_0260,Chennai,36-45,Groceries,60.74,9,51,4,10
CUST_0261,Bangalore,46-55,Fashion,392.33,5,10,5,10
CUST_0262,Kolkata,36-45,Home Decor,332.04,5,12,4,5
CUST_0263,Chennai,36-45,Fashion,87.14,11,14,4,10
CUST_0264,Delhi,36-45,Fashion,52.95,10,23,5,5
CUST_0265,Pune,26-35,Electronics,56.33,4,12,5,10
CUST_0266,Hyderabad,36-45,Electronics,177.23,9,1,5,25
CUST_0267,Bangalore,26-35,Fashion,91.23,5,95,2,0
CUST_0268,Hyderabad,18-25,Groceries,50.0,2,151,4,5
CUST_0269,Mumbai,36-45,Groceries,50.0,10,18,5,0
CUST_0270,Mumbai,26-35,Fashion,114.87,8,18,3,10
CUST_0271,Hyderabad,26-35,Books,50.0,7,1,3,15
CUST_0272,Hyderabad,46-55,Home Decor,96.33,8,51,5,25
CUST_0273,Pune,18-25,Home Decor,185.44,3,78,1,0
CUST_0274,Pune,26-35,Electronics,448.68,4,7,5,25
CUST_0275,Delhi,18-25,Groceries,50.0,5,7,4,0
CUST_0276,Delhi,36-45,Electronics,974.1,6,70,4,10
CUST_0277,Hyderabad,36-45,Electronics,291.17,1,43,1,0
CUST_0278,Bangalore,26-35,Sports,127.94,4,2,5,20
CUST_0279,Hyderabad,36-45,Electronics,555.2,11,43,4,10
CUST_0280,Hyderabad,26-35,Groceries,65.09,10,16,4,15
CUST_0281,Pune,36-45,Groceries,115.78,5,20,5,20
CUST_0282,Mumbai,26-35,Books,56.63,7,66,5,0
CUST_0283,Mumbai,26-35,Groceries,50.0,5,74,5,0
CUST_0284,Chennai,46-55,Electronics,420.72,1,23,4,20
CUST_0285,Bangalore,26-35,Fashion,50.0,11,132,4,5
CUST_0286,Chennai,18-25,Groceries,58.91,7,23,5,0
CUST_0287,Delhi,36-45,Electronics,306.79,8,66,4,10
CUST_0288,Delhi,55+,Fashion,91.45,7,29,4,10
CUST_0289,Mumbai,26-35,Electronics,284.27,11,102,3,0
CUST_0290,Bangalore,18-25,Electronics,69.92,4,107,5,0
CUST_0291,Chennai,26-35,Fashion,69.64,8,4,4,0
CUST_0292,Chennai,26-35,Electronics,339.35,5,124,4,5
CUST_0293,Hyderabad,18-25,Groceries,61.38,10,78,4,20
CUST_0294,Mumbai,36-45,Books,50.0,9,70,3,30
CUST_0295,Chennai,55+,Home Decor,446.02,10,10,4,10
CUST_0296,Delhi,26-35,Electronics,157.56,5,73,2,0
CUST_0297,Hyderabad,26-35,Electronics,684.25,1,85,4,25
CUST_0298,Mumbai,26-35,Electronics,443.42,9,15,4,10
CUST_0299,Bangalore,18-25,Groceries,50.0,5,136,4,0
CUST_0300,Chennai,46-55,Books,186.25,6,2,5,25
CUST_0301,Chennai,26-35,Electronics,121.25,4,7,5,15
CUST_0302,Delhi,26-35,Sports,262.91,6,34,5,15
CUST_0303,Delhi,36-45,Electronics,701.51,8,38,1,15
CUST_0304,Bangalore,26-35,Groceries,50.0,3,46,3,0
CUST_0305,Hyderabad,36-45,Books,137.12,5,1,4,0
CUST_0306,Kolkata,18-25,Home Decor,132.65,2,145,5,15
CUST_0307,Delhi,36-45,Books,56.7,2,2,5,0
CUST_0308,Mumbai,55+,Home Decor,199.55,7,6,5,5
CUST_0309,Hyderabad,36-45,Fashion,97.02,10,1,4,15
CUST_0310,Mumbai,55+,Home Decor,309.96,10,37,4,15
CUST_0311,Delhi,18-25,Electronics,594.4,11,121,4,10
CUST_0312,Chennai,26-35,Home Decor,50.0,10,49,3,15
CUST_0313,Chennai,36-45,Groceries,153.34,6,77,1,20
CUST_0314,Kolkata,36-45,Home Decor,50.0,4,1,5,15
CUST_0315,Pune,26-35,Fashion,246.75,5,35,3,0
CUST_0316,Bangalore,26-35,Groceries,133.03,1,27,3,0
CUST_0317,Delhi,18-25,Groceries,50.0,7,31,2,5
CUST_0318,Chennai,26-35,Books,50.0,8,3,5,0
CUST_0319,Chennai,18-25,Electronics,130.09,9,51,4,0
CUST_0320,Mumbai,36-45,Electronics,265.29,8,31,4,0
CUST_0321,Delhi,18-25,Electronics,246.25,5,65,5,10
CUST_0322,Hyderabad,18-25,Electronics,587.86,3,29,4,25
CUST_0323,Bangalore,26-35,Home Decor,462.22,10,7,4,0
CUST_0324,Mumbai,36-45,Electronics,962.28,11,47,1,15
CUST_0325,Kolkata,46-55,Sports,80.38,9,8,3,15
CUST_0326,Hyderabad,36-45,Fashion,91.37,6,92,5,0
CUST_0327,Bangalore,26-35,Electronics,81.94,5,42,5,25
CUST_0328,Bangalore,36-45,Home Decor,85.04,3,7,4,10
CUST_0329,Delhi,26-35,Books,97.39,6,147,4,5
CUST_0330,Mumbai,18-25,Groceries,196.69,3,32,4,15
CUST_0331,Mumbai,26-35,Groceries,50.0,10,3,1,0
CUST_0332,Hyderabad,46-55,Books,50.0,6,44,3,15
CUST_0333,Chennai,26-35,Electronics,308.47,4,13,3,0
CUST_0334,Chennai,26-35,Sports,157.69,2,73,3,20
CUST_0335,Chennai,18-25,Sports,65.94,8,76,5,5
CUST_0336,Chennai,18-25,Books,63.19,4,173,4,10
CUST_0337,Pune,26-35,Electronics,215.66,9,31,3,0
CUST_0338,Hyderabad,36-45,Books,50.0,7,27,4,15
CUST_0339,Delhi,18-25,Electronics,487.74,2,63,5,15
CUST_0340,Chennai,46-55,Electronics,316.68,4,6,3,10
CUST_0341,Delhi,36-45,Fashion,76.19,5,35,2,10
CUST_0342,Delhi,36-45,Fashion,98.95,3,35,4,10
CUST_0343,Chennai,46-55,Home Decor,150.97,9,4,5,20
CUST_0344,Delhi,18-25,Books,50.0,5,24,4,10
CUST_0345,Delhi,26-35,Books,50.0,2,86,5,20
CUST_0346,Bangalore,36-45,Fashion,388.09,11,87,5,20
CUST_0347,Bangalore,46-55,Fashion,169.2,3,4,5,5
CUST_0348,Chennai,36-45,Fashion,85.28,9,4,4,0
CUST_0349,Mumbai,26-35,Sports,220.09,7,13,4,5
CUST_0350,Bangalore,55+,Electronics,241.22,2,93,2,20
CUST_0351,Delhi,18-25,Home Decor,414.17,9,6,5,0
CUST_0352,Pune,46-55,Groceries,72.59,4,57,4,10
CUST_0353,Bangalore,55+,Fashion,99.13,9,4,3,20
CUST_0354,Chennai,18-25,Books,64.39,2,43,4,5
CUST_0355,Chennai,36-45,Groceries,50.0,10,19,4,10
CUST_0356,Bangalore,18-25,Home Decor,65.78,4,69,4,0
CUST_0357,Chennai,26-35,Sports,50.0,5,11,4,0
CUST_0358,Bangalore,26-35,Fashion,121.11,2,45,4,15
CUST_0359,Kolkata,36-45,Fashion,431.96,10,12,5,0
CUST_0360,Bangalore,46-55,Groceries,321.89,1,56,3,0
CUST_0361,Delhi,36-45,Sports,209.96,7,93,4,20
CUST_0362,Bangalore,26-35,Electronics,470.33,10,6,4,5
CUST_0363,Delhi,36-45,Groceries,50.0,1,90,4,30
CUST_0364,Delhi,55+,Groceries,50.0,11,40,5,30
CUST_0365,Kolkata,18-25,Books,50.0,11,6,4,0
CUST_0366,Delhi,55+,Electronics,191.73,8,25,4,0
CUST_0367,Kolkata,18-25,Books,50.0,3,7,3,15
CUST_0368,Pune,36-45,Sports,86.38,10,54,5,10
CUST_0369,Chennai,26-35,Electronics,64.67,6,64,4,0
CUST_0370,Chennai,18-25,Electronics,573.12,7,5,5,15
CUST_0371,Chennai,26-35,Sports,53.42,10,31,1,0
CUST_0372,Chennai,36-45,Electronics,381.52,1,75,3,20
CUST_0373,Chennai,26-35,Home Decor,851.55,6,123,4,0
CUST_0374,Bangalore,18-25,Groceries,50.0,7,32,5,0
CUST_0375,Chennai,36-45,Electronics,50.0,6,135,4,0
CUST_0376,Mumbai,46-55,Home Decor,128.89,4,34,5,30
CUST_0377,Pune,26-35,Fashion,44223.15,1,22,4,15
CUST_0378,Chennai,18-25,Groceries,258.75,11,84,4,20
CUST_0379,Hyderabad,26-35,Fashion,50.0,9,30,3,5
CUST_0380,Mumbai,18-25,Groceries,80.36,4,28,5,5
CUST_0381,Chennai,46-55,Electronics,15829.77,7,30,3,0
CUST_0382,Bangalore,46-55,Fashion,99.24,7,84,5,10
CUST_0383,Bangalore,36-45,Sports,1045.18,2,80,5,10
CUST_0384,Pune,26-35,Fashion,50.0,1,23,5,10
CUST_0385,Hyderabad,36-45,Books,55.14,8,18,4,0
CUST_0386,Hyderabad,26-35,Fashion,157.04,8,30,5,25
CUST_0387,Mumbai,46-55,Home Decor,386.22,7,38,5,0
CUST_0388,Chennai,36-45,Electronics,340.75,8,12,3,30
CUST_0389,Hyderabad,36-45,Sports,161.24,3,71,4,0
CUST_0390,Hyderabad,36-45,Fashion,78.96,11,29,1,10
CUST_0391,Kolkata,26-35,Electronics,390.75,2,18,4,5
CUST_0392,Delhi,55+,Electronics,239.42,7,5,3,5
CUST_0393,Mumbai,26-35,Electronics,518.02,8,12,3,10
CUST_0394,Hyderabad,36-45,Groceries,50.0,1,134,4,5
CUST_0395,Mumbai,26-35,Fashion,146.06,10,16,4,5
CUST_0396,Kolkata,36-45,Home Decor,158.28,9,8,4,15
CUST_0397,Pune,36-45,Fashion,265.91,11,27,2,15
CUST_0398,Delhi,18-25,Electronics,302.37,4,16,4,20
CUST_0399,Hyderabad,18-25,Groceries,50.0,4,1,3,0
CUST_0400,Hyderabad,36-45,Books,123.52,3,17,4,10
CUST_0401,Chennai,36-45,Electronics,152.65,6,35,4,10
CUST_0402,Pune,26-35,Electronics,186.75,1,36,4,5
CUST_0403,Delhi,26-35,Electronics,195.63,6,19,5,10
CUST_0404,Hyderabad,36-45,Books,135.15,2,26,4,5
CUST_0405,Mumbai,18-25,Books,50.0,9,151,5,0
CUST_0406,Pune,26-35,Groceries,664.72,2,21,4,0
CUST_0407,Delhi,18-25,Home Decor,377.15,7,13,4,0
CUST_0408,Chennai,18-25,Home Decor,193.71,1,12,4,15
CUST_0409,Pune,18-25,Groceries,51.69,7,27,1,15
CUST_0410,Chennai,26-35,Home Decor,203.61,5,64,4,25
CUST_0411,Mumbai,18-25,Electronics,478.02,8,10,4,15
CUST_0412,Kolkata,26-35,Electronics,527.92,4,55,4,0
CUST_0413,Kolkata,26-35,Fashion,168.48,10,1,2,20
CUST_0414,Bangalore,26-35,Electronics,338.47,7,24,2,20
CUST_0415,Bangalore,26-35,Groceries,50.0,6,67,5,5
CUST_0416,Delhi,46-55,Sports,111.66,5,18,5,10
CUST_0417,Mumbai,18-25,Electronics,269.57,4,37,3,30
CUST_0418,Mumbai,26-35,Electronics,780.38,7,10,4,10
CUST_0419,Bangalore,18-25,Fashion,173.67,5,60,4,25
CUST_0420,Hyderabad,18-25,Sports,50.0,5,2,5,0
CUST_0421,Hyderabad,36-45,Fashion,182.55,1,86,2,0
CUST_0422,Hyderabad,26-35,Groceries,63.12,2,9,3,5
CUST_0423,Chennai,46-55,Electronics,310.38,5,93,5,10
CUST_0424,Delhi,26-35,Electronics,230.89,3,19,1,20
CUST_0425,Chennai,55+,Sports,309.75,2,57,3,30
CUST_0426,Delhi,18-25,Sports,268.94,4,17,5,5
CUST_0427,Delhi,18-25,Electronics,169.77,4,106,4,0
CUST_0428,Pune,18-25,Sports,174.53,4,6,3,20
CUST_0429,Mumbai,18-25,Groceries,50.0,4,8,2,10
CUST_0430,Chennai,26-35,Home Decor,53.74,3,30,1,0
CUST_0431,Chennai,36-45,Fashion,65.43,7,3,3,10
CUST_0432,Hyderabad,18-25,Groceries,107.67,9,9,5,15
CUST_0433,Bangalore,55+,Groceries,115.78,5,129,4,15
CUST_0434,Chennai,46-55,Books,67.85,4,168,5,10
CUST_0435,Chennai,26-35,Electronics,562.75,11,21,5,5
CUST_0436,Hyderabad,18-25,Electronics,476.14,2,115,4,30
CUST_0437,Chennai,18-25,Fashion,64.66,2,35,3,15
CUST_0438,Hyderabad,18-25,Books,63.59,5,14,4,5
CUST_0439,Hyderabad,18-25,Electronics,597.7,7,54,5,0
CUST_0440,Chennai,26-35,Books,82.29,10,48,5,15
CUST_0441,Chennai,26-35,Sports,326.23,10,203,2,0
CUST_0442,Kolkata,26-35,Electronics,555.24,9,13,5,0
CUST_0443,Mumbai,55+,Books,59.62,7,50,4,10
CUST_0444,Mumbai,36-45,Fashion,254.28,5,2,5,0
CUST_0445,Hyderabad,55+,Home Decor,158.63,10,5,3,10
CUST_0446,Kolkata,18-25,Electronics,155.6,10,1,4,0
CUST_0447,Kolkata,26-35,Books,50.0,10,338,5,15
CUST_0448,Hyderabad,26-35,Home Decor,17944.47,6,72,4,0
CUST_0449,Mumbai,18-25,Sports,73.43,11,69,4,0
CUST_0450,Chennai,18-25,Books,50.0,3,32,2,0
CUST_0451,Hyderabad,36-45,Groceries,50.0,5,16,4,25
CUST_0452,Bangalore,36-45,Groceries,50.0,8,7,4,20
CUST_0453,Delhi,26-35,Home Decor,50.0,1,15,5,0
CUST_0454,Pune,26-35,Groceries,64.06,1,21,4,15
CUST_0455,Chennai,26-35,Electronics,315.36,7,63,4,10
CUST_0456,Delhi,18-25,Sports,65.55,5,34,5,30
CUST_0457,Chennai,26-35,Books,76.27,5,3,3,5
CUST_0458,Delhi,18-25,Books,95.29,1,1,4,15
CUST_0459,Chennai,18-25,Electronics,87.07,9,4,5,0
CUST_0460,Chennai,55+,Books,50.0,1,23,5,5
CUST_0461,Chennai,36-45,Fashion,20705.67,5,121,4,30
CUST_0462,Bangalore,36-45,Books,50.0,10,45,4,10
CUST_0463,Hyderabad,26-35,Electronics,611.76,9,72,3,0
CUST_0464,Bangalore,26-35,Books,50.0,4,28,5,0
CUST_0465,Kolkata,26-35,Sports,101.99,8,20,3,15
CUST_0466,Mumbai,18-25,Electronics,63.41,6,5,5,10
CUST_0467,Mumbai,18-25,Sports,209.52,11,93,3,5
CUST_0468,Pune,36-45,Fashion,50.0,3,68,5,25
CUST_0469,Mumbai,36-45,Home Decor,169.99,4,8,5,0
CUST_0470,Kolkata,26-35,Home Decor,202.29,2,32,5,5
CUST_0471,Chennai,26-35,Groceries,160.4,1,30,3,25
CUST_0472,Kolkata,46-55,Books,50.0,8,44,4,5
CUST_0473,Chennai,18-25,Home Decor,50.0,1,131,4,0
CUST_0474,Pune,26-35,Fashion,125.14,11,39,5,10
CUST_0475,Delhi,26-35,Fashion,28751.33,1,34,2,20
CUST_0476,Kolkata,36-45,Books,121.27,4,2,5,0
CUST_0477,Chennai,55+,Home Decor,191.62,10,2,5,25
CUST_0478,Bangalore,26-35,Books,50.0,10,9,4,15
CUST_0479,Kolkata,46-55,Home Decor,309.04,6,1,5,0
CUST_0480,Delhi,46-55,Fashion,50.0,9,61,4,15
CUST_0481,Bangalore,26-35,Home Decor,237.19,1,57,4,5
CUST_0482,Bangalore,26-35,Electronics,472.08,7,6,4,5
CUST_0483,Delhi,26-35,Groceries,126.13,10,81,4,15
CUST_0484,Bangalore,55+,Electronics,2865.48,11,7,5,30
CUST_0485,Bangalore,18-25,Fashion,147.86,5,16,4,0
CUST_0486,Pune,36-45,Fashion,71.89,8,12,4,5
CUST_0487,Chennai,26-35,Fashion,105.83,7,20,5,10
CUST_0488,Mumbai,36-45,Books,50.0,4,13,5,5
CUST_0489,Kolkata,26-35,Fashion,61.96,4,30,2,5
CUST_0490,Pune,36-45,Fashion,77.86,6,23,5,0
CUST_0491,Delhi,46-55,Electronics,207.16,6,193,4,15
CUST_0492,Bangalore,36-45,Fashion,122.02,9,2,3,5
CUST_0493,Mumbai,46-55,Electronics,163.18,5,6,3,0
CUST_0494,Chennai,18-25,Electronics,772.47,8,2,4,20
CUST_0495,Delhi,36-45,Groceries,54.02,5,44,5,20
CUST_0496,Mumbai,18-25,Books,50.0,2,2,4,10
CUST_0497,Bangalore,26-35,Groceries,50.0,6,81,5,0
CUST_0498,Chennai,26-35,Fashion,122.3,9,32,2,10
CUST_0499,Kolkata,26-35,Fashion,209.01,3,33,4,0
CUST_0500,Kolkata,26-35,Home Decor,80.97,1,37,5,0
CUST_0501,Bangalore,55+,Groceries,50.0,1,8,5,15
CUST_0502,Delhi,18-25,Groceries,50.0,3,9,3,0
CUST_0503,Mumbai,36-45,Electronics,107.35,10,17,4,0
CUST_0504,Hyderabad,26-35,Fashion,56.09,5,40,3,0
CUST_0505,Bangalore,18-25,Fashion,73.8,3,10,4,0
CUST_0506,Chennai,18-25,Fashion,217.42,9,5,5,0
CUST_0507,Pune,55+,Groceries,66.63,8,157,5,30
CUST_0508,Hyderabad,46-55,Groceries,63.06,3,1,3,0
CUST_0509,Kolkata,46-55,Groceries,106.69,9,73,5,0
CUST_0510,Hyderabad,55+,Books,50.0,6,69,4,0
CUST_0511,Bangalore,18-25,Home Decor,221.44,7,15,4,25
CUST_0512,Delhi,26-35,Books,50.0,4,6,4,10
CUST_0513,Kolkata,36-45,Sports,155.83,4,7,4,5
CUST_0514,Pune,26-35,Electronics,197.66,2,53,4,20
CUST_0515,Chennai,26-35,Electronics,50.0,5,46,4,5
CUST_0516,Chennai,26-35,Electronics,282.97,8,68,4,5
CUST_0517,Mumbai,36-45,Groceries,168.57,7,124,3,0
CUST_0518,Hyderabad,36-45,Home Decor,339.94,7,52,5,5
CUST_0519,Kolkata,18-25,Electronics,682.03,6,7,4,5
CUST_0520,Chennai,26-35,Sports,338.79,3,12,3,15
CUST_0521,Bangalore,26-35,Electronics,338.22,5,83,5,0
CUST_0522,Delhi,36-45,Sports,147.57,1,10,5,10
CUST_0523,Kolkata,18-25,Fashion,65.9,7,3,5,0
CUST_0524,Pune,36-45,Electronics,244.67,9,54,4,0
CUST_0525,Pune,18-25,Groceries,88.39,1,23,3,5
CUST_0526,Delhi,26-35,Fashion,282.99,2,113,4,25
CUST_0527,Delhi,36-45,Fashion,96.62,3,47,3,5
CUST_0528,Mumbai,26-35,Fashion,75.35,3,4,5,15
CUST_0529,Chennai,26-35,Home Decor,162.1,8,132,3,0
CUST_0530,Pune,36-45,Groceries,87.37,7,13,3,0
CUST_0531,Hyderabad,26-35,Fashion,50.0,6,18,4,0
CUST_0532,Kolkata,36-45,Groceries,50.0,10,23,4,5
CUST_0533,Kolkata,36-45,Books,50.0,10,2,5,0
CUST_0534,Bangalore,36-45,Fashion,50.0,11,30,4,0
CUST_0535,Hyderabad,26-35,Fashion,71.94,4,5,3,15
CUST_0536,Kolkata,18-25,Electronics,279.93,9,23,3,0
CUST_0537,Pune,26-35,Electronics,219.24,1,19,4,10
CUST_0538,Mumbai,26-35,Books,143.86,11,66,3,5
CUST_0539,Delhi,36-45,Electronics,409.18,2,73,4,10
CUST_0540,Chennai,26-35,Groceries,68.69,4,7,4,10
CUST_0541,Kolkata,26-35,Books,74.04,3,20,5,5
CUST_0542,Bangalore,18-25,Electronics,126.68,1,21,5,0
CUST_0543,Mumbai,26-35,Groceries,124.02,5,7,5,15
CUST_0544,Bangalore,26-35,Fashion,101.67,7,72,5,20
CUST_0545,Bangalore,36-45,Sports,215.48,2,55,3,0
CUST_0546,Mumbai,18-25,Groceries,50.0,5,9,3,0
CUST_0547,Chennai,36-45,Home Decor,50.0,6,20,4,20
CUST_0548,Bangalore,55+,Groceries,103.91,11,5,5,5
CUST_0549,Delhi,18-25,Electronics,425.77,7,44,5,10
CUST_0550,Hyderabad,26-35,Groceries,50.0,1,5,5,5
CUST_0551,Delhi,18-25,Sports,62.85,7,191,3,0
CUST_0552,Pune,36-45,Groceries,132.89,4,68,5,10
CUST_0553,Bangalore,26-35,Home Decor,62.57,8,22,4,10
CUST_0554,Bangalore,26-35,Home Decor,603.0,4,38,1,0
CUST_0555,Pune,26-35,Electronics,153.28,6,109,4,10
CUST_0556,Delhi,46-55,Electronics,525.04,9,36,2,15
CUST_0557,Chennai,18-25,Groceries,50.0,5,8,4,10
CUST_0558,Chennai,18-25,Fashion,175.01,4,21,4,0
CUST_0559,Hyderabad,46-55,Home Decor,104.85,8,83,4,10
CUST_0560,Bangalore,36-45,Sports,110.64,9,46,4,15
CUST_0561,Hyderabad,46-55,Fashion,111.62,4,47,5,15
CUST_0562,Mumbai,36-45,Electronics,141.32,3,90,4,10
CUST_0563,Chennai,36-45,Home Decor,293.08,8,100,4,0
CUST_0564,Chennai,26-35,Fashion,71.65,5,113,5,15
CUST_0565,Mumbai,36-45,Home Decor,134.95,2,4,5,15
CUST_0566,Bangalore,46-55,Fashion,50.0,10,35,3,0
CUST_0567,Delhi,36-45,Books,50.0,9,60,4,5
CUST_0568,Delhi,18-25,Electronics,270.41,3,63,4,5
CUST_0569,Pune,26-35,Groceries,372.14,2,41,2,15
CUST_0570,Mumbai,18-25,Fashion,202.35,1,8,4,0
CUST_0571,Delhi,26-35,Groceries,53.18,8,71,5,10
CUST_0572,Hyderabad,26-35,Electronics,255.3,11,57,3,25
CUST_0573,Delhi,26-35,Books,50.0,3,4,5,15
CUST_0574,Bangalore,36-45,Home Decor,251.01,7,28,5,25
CUST_0575,Pune,26-35,Electronics,122.5,1,8,5,30
CUST_0576,Kolkata,36-45,Electronics,768.33,1,18,3,0
CUST_0577,Chennai,18-25,Electronics,558.4,9,1,5,10
CUST_0578,Pune,18-25,Groceries,95.94,8,23,4,5
CUST_0579,Delhi,18-25,Groceries,76.7,3,35,4,20
CUST_0580,Mumbai,26-35,Groceries,54.86,6,43,2,0
CUST_0581,Delhi,18-25,Electronics,539.72,11,49,2,30
CUST_0582,Kolkata,26-35,Fashion,173.43,3,81,5,10
CUST_0583,Delhi,26-35,Groceries,50.0,4,10,4,15
CUST_0584,Mumbai,36-45,Groceries,50.0,1,5,3,0
CUST_0585,Bangalore,18-25,Sports,136.72,5,85,3,0
CUST_0586,Mumbai,36-45,Electronics,1087.87,1,7,4,15
CUST_0587,Chennai,36-45,Books,50.0,1,165,1,0
CUST_0588,Chennai,36-45,Fashion,50.0,10,83,5,20
CUST_0589,Chennai,46-55,Fashion,123.24,11,31,2,0
CUST_0590,Chennai,18-25,Books,50.0,11,179,3,15
CUST_0591,Chennai,18-25,Books,51.7,7,4,4,5
CUST_0592,Bangalore,46-55,Sports,153.18,6,16,4,10
CUST_0593,Chennai,26-35,Electronics,263.54,2,45,4,15
CUST_0594,Mumbai,26-35,Electronics,1037.59,11,19,4,5
CUST_0595,Pune,36-45,Books,50.0,2,118,5,0
CUST_0596,Delhi,36-45,Groceries,50.0,11,3,4,0
CUST_0597,Bangalore,46-55,Fashion,99.46,7,35,1,10
CUST_0598,Chennai,55+,Electronics,84.62,1,40,4,10
CUST_0599,Chennai,36-45,Electronics,273.71,2,47,5,15
CUST_0600,Chennai,26-35,Home Decor,612.14,8,13,4,10
CUST_0601,Chennai,46-55,Electronics,320.37,6,20,2,5
CUST_0602,Mumbai,18-25,Fashion,129.92,2,83,5,5
CUST_0603,Chennai,26-35,Electronics,114.97,7,9,4,0
CUST_0604,Chennai,46-55,Fashion,65.97,4,78,4,5
CUST_0605,Chennai,26-35,Electronics,233.37,2,37,2,30
CUST_0606,Delhi,26-35,Groceries,50.0,6,64,3,20
CUST_0607,Mumbai,18-25,Electronics,878.38,11,56,4,5
CUST_0608,Mumbai,46-55,Home Decor,253.14,9,10,3,10
CUST_0609,Delhi,26-35,Electronics,129.49,11,37,4,20
CUST_0610,Bangalore,36-45,Groceries,65.78,9,91,4,5
CUST_0611,Chennai,26-35,Home Decor,241.38,8,25,4,0
CUST_0612,Hyderabad,36-45,Books,112.05,3,152,5,0
CUST_0613,Bangalore,36-45,Groceries,191.25,3,27,5,10
CUST_0614,Chennai,26-35,Fashion,50.0,2,6,5,30
CUST_0615,Pune,26-35,Fashion,56.47,5,22,2,15
CUST_0616,Pune,18-25,Books,50.0,4,136,2,0
CUST_0617,Chennai,55+,Sports,104.51,7,17,4,0
CUST_0618,Mumbai,36-45,Books,65.36,4,91,3,15
CUST_0619,Hyderabad,46-55,Groceries,118.99,9,95,5,20
CUST_0620,Hyderabad,26-35,Books,50.0,2,19,3,10
CUST_0621,Chennai,36-45,Fashion,83.63,11,3,4,10
CUST_0622,Mumbai,36-45,Electronics,355.73,6,58,4,0
CUST_0623,Mumbai,36-45,Groceries,50.0,7,16,4,20
CUST_0624,Delhi,55+,Sports,670.55,4,68,3,15
CUST_0625,Bangalore,26-35,Electronics,87.06,6,26,4,0
CUST_0626,Mumbai,18-25,Books,52.18,7,29,4,15
CUST_0627,Delhi,36-45,Electronics,23101.63,4,67,5,0
CUST_0628,Hyderabad,36-45,Groceries,54.3,8,21,2,0
CUST_0629,Chennai,36-45,Electronics,270.62,9,26,5,0
CUST_0630,Mumbai,18-25,Fashion,81.16,1,21,5,0
CUST_0631,Hyderabad,26-35,Books,50.0,7,20,4,5
CUST_0632,Pune,26-35,Fashion,323.95,9,33,5,5
CUST_0633,Delhi,26-35,Books,50.0,10,74,1,10
CUST_0634,Delhi,36-45,Home Decor,552.54,5,20,5,10
CUST_0635,Chennai,36-45,Sports,50.0,2,33,4,0
CUST_0636,Delhi,26-35,Electronics,254.54,10,49,4,0
CUST_0637,Delhi,26-35,Fashion,76.63,6,14,4,10
CUST_0638,Mumbai,26-35,Electronics,504.52,7,14,2,5
CUST_0639,Mumbai,18-25,Sports,50.0,2,121,5,0
CUST_0640,Mumbai,36-45,Sports,182.4,2,57,1,20
CUST_0641,Chennai,46-55,Groceries,272.77,10,38,4,15
CUST_0642,Mumbai,26-35,Home Decor,54.45,10,46,4,20
CUST_0643,Mumbai,36-45,Groceries,62.86,1,1,5,10
CUST_0644,Mumbai,46-55,Groceries,50.0,4,43,3,0
CUST_0645,Chennai,46-55,Electronics,442.96,7,32,4,15
CUST_0646,Pune,18-25,Books,50.0,9,35,4,0
CUST_0647,Bangalore,55+,Electronics,188.59,3,20,5,5
CUST_0648,Bangalore,26-35,Home Decor,239.39,11,3,2,0
CUST_0649,Hyderabad,26-35,Home Decor,686.27,7,9,3,20
CUST_0650,Delhi,18-25,Books,50.0,7,135,3,0
CUST_0651,Chennai,26-35,Electronics,560.35,7,23,5,25
CUST_0652,Delhi,18-25,Fashion,50.0,2,28,3,20
CUST_0653,Bangalore,26-35,Fashion,50.26,6,2,4,10
CUST_0654,Hyderabad,26-35,Fashion,157.63,2,1,3,15
CUST_0655,Delhi,36-45,Electronics,1032.83,6,56,5,10
CUST_0656,Chennai,46-55,Sports,167.5,10,34,5,20
CUST_0657,Mumbai,26-35,Groceries,50.0,3,31,4,5
CUST_0658,Mumbai,46-55,Fashion,107.96,2,12,4,15
CUST_0659,Bangalore,46-55,Fashion,50.0,6,61,3,10
CUST_0660,Bangalore,36-45,Fashion,175.2,2,8,2,25
CUST_0661,Mumbai,18-25,Groceries,109.4,5,9,3,10
CUST_0662,Kolkata,36-45,Groceries,50.0,2,27,4,10
CUST_0663,Bangalore,55+,Sports,86.53,3,15,4,15
CUST_0664,Mumbai,36-45,Groceries,66.81,3,12,5,20
CUST_0665,Chennai,26-35,Sports,88.86,6,46,4,10
CUST_0666,Chennai,26-35,Home Decor,153.68,6,47,5,0
CUST_0667,Mumbai,36-45,Electronics,1690.1,10,78,4,10
CUST_0668,Chennai,26-35,Sports,103.43,3,24,4,30
CUST_0669,Chennai,18-25,Electronics,236.53,3,3,3,15
CUST_0670,Mumbai,26-35,Home Decor,96.52,1,14,4,20
CUST_0671,Chennai,36-45,Fashion,195.91,7,176,4,0
CUST_0672,Pune,46-55,Home Decor,140.16,8,40,5,10
CUST_0673,Chennai,18-25,Home Decor,96.38,2,55,5,10
CUST_0674,Delhi,55+,Home Decor,466.3,4,1,4,20
CUST_0675,Delhi,26-35,Home Decor,504.45,10,32,2,0
CUST_0676,Kolkata,36-45,Fashion,66.82,7,1,4,20
CUST_0677,Chennai,36-45,Electronics,70.78,8,37,4,10
CUST_0678,Delhi,36-45,Fashion,241.85,1,114,3,0
CUST_0679,Kolkata,55+,Electronics,182.19,4,155,5,5
CUST_0680,Pune,26-35,Books,84.72,6,34,5,0
CUST_0681,Hyderabad,46-55,Fashion,50.0,3,27,5,10
CUST_0682,Mumbai,18-25,Sports,257.38,5,130,3,0
CUST_0683,Chennai,36-45,Groceries,50.0,10,50,5,0
CUST_0684,Bangalore,36-45,Home Decor,290.73,9,3,5,20
CUST_0685,Pune,36-45,Electronics,318.68,11,28,4,0
CUST_0686,Bangalore,26-35,Home Decor,75.54,3,12,4,0
CUST_0687,Bangalore,46-55,Sports,91.0,5,28,5,10
CUST_0688,Mumbai,18-25,Groceries,93.53,8,27,4,10
CUST_0689,Hyderabad,18-25,Groceries,58.79,6,39,4,15
CUST_0690,Chennai,36-45,Books,71.84,4,19,4,5
CUST_0691,Mumbai,26-35,Electronics,1531.37,8,8,4,15
CUST_0692,Delhi,46-55,Groceries,50.0,11,31,3,10
CUST_0693,Delhi,26-35,Fashion,393.9,3,79,5,0
CUST_0694,Mumbai,18-25,Electronics,342.49,3,49,5,0
CUST_0695,Chennai,46-55,Fashion,52.63,4,18,4,5
CUST_0696,Bangalore,26-35,Electronics,108.69,9,123,2,5
CUST_0697,Mumbai,18-25,Electronics,270.82,5,109,4,15
CUST_0698,Bangalore,36-45,Electronics,658.58,8,10,3,10
CUST_0699,Chennai,26-35,Sports,113.8,6,1,2,5
CUST_0700,Delhi,36-45,Groceries,180.93,3,60,4,0
CUST_0701,Delhi,26-35,Sports,50.0,8,79,4,0
CUST_0702,Chennai,46-55,Fashion,106.98,9,154,4,10
CUST_0703,Mumbai,46-55,Fashion,50.0,8,99,2,5
CUST_0704,Chennai,36-45,Groceries,72.25,4,41,4,10
CUST_0705,Chennai,18-25,Fashion,219.61,11,33,3,0
CUST_0706,Kolkata,46-55,Electronics,225.01,6,1,5,15
CUST_0707,Mumbai,36-45,Groceries,50.0,1,12,4,20
CUST_0708,Hyderabad,36-45,Electronics,369.42,4,27,5,0
CUST_0709,Mumbai,26-35,Groceries,76.6,8,44,4,10
CUST_0710,Bangalore,46-55,Books,62.2,1,36,2,30
CUST_0711,Hyderabad,36-45,Electronics,846.74,3,61,5,5
CUST_0712,Bangalore,18-25,Electronics,19741.08,1,14,4,10
CUST_0713,Delhi,26-35,Home Decor,279.21,9,37,4,0
CUST_0714,Delhi,46-55,Fashion,280.43,2,4,4,10
CUST_0715,Mumbai,18-25,Electronics,75.94,9,24,1,0
CUST_0716,Pune,55+,Sports,162.75,4,62,5,25
CUST_0717,Pune,36-45,Electronics,210.49,2,53,4,15
CUST_0718,Kolkata,36-45,Books,50.0,4,210,4,15
CUST_0719,Chennai,26-35,Sports,166.44,11,14,2,15
CUST_0720,Hyderabad,26-35,Electronics,213.36,11,31,3,10
CUST_0721,Kolkata,55+,Electronics,183.5,10,17,5,5
CUST_0722,Chennai,26-35,Electronics,323.79,6,26,5,20
CUST_0723,Chennai,36-45,Fashion,50.0,11,87,3,25
CUST_0724,Hyderabad,26-35,Electronics,132.17,7,51,2,10
CUST_0725,Bangalore,18-25,Books,77.51,3,96,5,25
CUST_0726,Pune,18-25,Electronics,125.68,3,10,4,10
CUST_0727,Chennai,26-35,Groceries,92.04,10,92,4,10
CUST_0728,Hyderabad,55+,Sports,182.46,8,2,4,10
CUST_0729,Mumbai,26-35,Home Decor,50.0,5,98,3,0
CUST_0730,Chennai,26-35,Groceries,50.0,4,17,4,0
CUST_0731,Chennai,26-35,Fashion,280.79,7,16,5,0
CUST_0732,Hyderabad,26-35,Groceries,50.0,7,32,3,10
CUST_0733,Bangalore,26-35,Groceries,50.0,9,127,4,5
CUST_0734,Delhi,46-55,Fashion,156.33,9,2,4,5
CUST_0735,Mumbai,26-35,Electronics,589.62,5,19,4,30
CUST_0736,Pune,26-35,Home Decor,132.5,8,87,3,5
CUST_0737,Delhi,18-25,Fashion,66.97,10,22,5,10
CUST_0738,Hyderabad,55+,Electronics,983.05,1,9,4,0
CUST_0739,Delhi,26-35,Fashion,434.17,9,24,4,0
CUST_0740,Mumbai,18-25,Fashion,236.37,8,21,4,15
CUST_0741,Delhi,36-45,Home Decor,173.48,6,111,3,10
CUST_0742,Mumbai,36-45,Books,50.0,3,64,2,15
CUST_0743,Hyderabad,26-35,Books,50.0,3,31,5,0
CUST_0744,Delhi,26-35,Electronics,478.56,8,200,3,10
CUST_0745,Mumbai,36-45,Fashion,150.96,5,28,5,0
CUST_0746,Pune,18-25,Groceries,165.75,10,2,4,0
CUST_0747,Delhi,46-55,Electronics,530.13,11,13,4,0
CUST_0748,Delhi,36-45,Fashion,50.0,7,25,4,0
CUST_0749,Pune,26-35,Books,104.42,5,7,4,5
CUST_0750,Bangalore,26-35,Electronics,141.79,8,132,2,0
CUST_0751,Chennai,26-35,Groceries,50.0,10,65,4,30
CUST_0752,Kolkata,36-45,Electronics,384.88,10,14,4,5
CUST_0753,Bangalore,26-35,Electronics,1555.1,4,40,4,0
CUST_0754,Mumbai,26-35,Electronics,3792.19,2,57,4,0
CUST_0755,Chennai,36-45,Sports,204.76,3,127,4,10
CUST_0756,Hyderabad,55+,Home Decor,139.94,8,96,3,0
CUST_0757,Bangalore,26-35,Sports,193.27,11,32,3,20
CUST_0758,Delhi,46-55,Groceries,109.87,7,67,1,30
CUST_0759,Pune,26-35,Electronics,243.77,2,37,5,0
CUST_0760,Hyderabad,18-25,Groceries,227.09,6,36,3,10
CUST_0761,Chennai,18-25,Fashion,129.85,9,5,3,0
CUST_0762,Mumbai,26-35,Home Decor,241.29,4,6,4,10
CUST_0763,Mumbai,18-25,Electronics,536.73,9,33,3,5
CUST_0764,Hyderabad,18-25,Groceries,75.67,2,14,4,0
CUST_0765,Chennai,46-55,Electronics,616.41,2,1,2,0
CUST_0766,Bangalore,46-55,Fashion,65.93,9,57,3,15
CUST_0767,Hyderabad,36-45,Books,50.0,7,1,4,5
CUST_0768,Pune,18-25,Groceries,50.0,7,40,4,0
CUST_0769,Mumbai,18-25,Fashion,153.53,1,34,5,15
CUST_0770,Hyderabad,18-25,Fashion,201.44,11,156,4,10
CUST_0771,Chennai,36-45,Fashion,155.79,6,29,3,20
CUST_0772,Pune,46-55,Home Decor,618.55,7,2,4,0
CUST_0773,Chennai,26-35,Home Decor,161.31,11,36,3,15
CUST_0774,Delhi,18-25,Sports,36085.73,6,82,4,15
CUST_0775,Hyderabad,26-35,Home Decor,67.66,6,259,4,0
CUST_0776,Chennai,26-35,Fashion,79.25,2,25,3,15
CUST_0777,Mumbai,26-35,Books,78.51,6,17,4,5
CUST_0778,Hyderabad,36-45,Fashion,213.07,4,106,5,25
CUST_0779,Hyderabad,36-45,Fashion,85.38,9,9,5,0
CUST_0780,Bangalore,18-25,Home Decor,153.01,1,43,4,10
CUST_0781,Bangalore,18-25,Electronics,93.55,8,23,4,5
CUST_0782,Delhi,55+,Sports,94.71,5,1,3,25
CUST_0783,Mumbai,26-35,Fashion,220.22,1,19,3,5
CUST_0784,Mumbai,18-25,Groceries,85.57,4,13,4,30
CUST_0785,Chennai,18-25,Books,67.18,1,52,4,25
CUST_0786,Pune,18-25,Home Decor,168.61,6,133,5,0
CUST_0787,Bangalore,26-35,Groceries,54.32,2,14,4,20
CUST_0788,Delhi,36-45,Groceries,50.0,5,75,4,30
CUST_0789,Delhi,26-35,Electronics,551.05,7,2,4,0
CUST_0790,Kolkata,26-35,Groceries,75.64,2,34,5,5
CUST_0791,Chennai,36-45,Electronics,467.02,6,3,4,10
CUST_0792,Bangalore,26-35,Books,50.0,6,122,4,0
CUST_0793,Delhi,46-55,Groceries,50.0,5,65,4,0
CUST_0794,Bangalore,46-55,Books,108.26,5,48,5,0
CUST_0795,Chennai,18-25,Electronics,214.8,3,78,1,0
CUST_0796,Pune,36-45,Electronics,157.99,10,46,5,5
CUST_0797,Kolkata,26-35,Books,78.39,10,156,4,0
CUST_0798,Bangalore,55+,Electronics,230.25,11,56,4,20
CUST_0799,Bangalore,26-35,Electronics,735.62,2,116,4,15
CUST_0800,Pune,55+,Electronics,516.13,7,32,4,0
CUST_0801,Hyderabad,36-45,Sports,217.75,1,5,1,15
CUST_0802,Chennai,26-35,Books,50.0,6,33,5,15
CUST_0803,Bangalore,26-35,Fashion,284.83,6,6,4,25
CUST_0804,Bangalore,55+,Fashion,133.13,3,40,4,0
CUST_0805,Delhi,46-55,Fashion,80.39,2,29,3,0
CUST_0806,Hyderabad,18-25,Home Decor,181.73,2,43,4,25
CUST_0807,Kolkata,36-45,Books,50.0,9,1,4,25
CUST_0808,Pune,26-35,Electronics,436.89,11,9,4,15
CUST_0809,Delhi,18-25,Electronics,138.28,5,30,5,15
CUST_0810,Chennai,26-35,Electronics,106.76,7,135,4,0
CUST_0811,Kolkata,26-35,Books,50.0,5,21,5,10
CUST_0812,Pune,36-45,Books,109.62,7,24,4,0
CUST_0813,Chennai,26-35,Fashion,65.29,4,56,5,0
CUST_0814,Pune,46-55,Electronics,1074.64,8,41,2,20
CUST_0815,Pune,18-25,Electronics,205.23,11,15,4,0
CUST_0816,Delhi,26-35,Sports,50.0,10,23,4,10
CUST_0817,Bangalore,26-35,Fashion,50.0,11,11,4,25
CUST_0818,Delhi,26-35,Books,120.97,10,152,5,0
CUST_0819,Chennai,18-25,Groceries,50.0,7,6,2,30
CUST_0820,Mumbai,18-25,Fashion,69.66,10,20,2,30
CUST_0821,Hyderabad,26-35,Electronics,358.09,5,1,5,10
CUST_0822,Chennai,26-35,Electronics,470.69,11,11,3,0
CUST_0823,Mumbai,26-35,Groceries,132.04,6,68,4,5
CUST_0824,Delhi,26-35,Home Decor,516.25,5,10,4,5
CUST_0825,Delhi,46-55,Groceries,50.0,7,3,5,5
CUST_0826,Pune,46-55,Groceries,50.0,2,28,3,0
CUST_0827,Mumbai,26-35,Electronics,226.33,5,1,3,30
CUST_0828,Mumbai,26-35,Sports,155.2,10,3,4,0
CUST_0829,Hyderabad,18-25,Home Decor,74.95,3,74,5,15
CUST_0830,Delhi,55+,Fashion,50.23,9,66,4,0
CUST_0831,Mumbai,18-25,Sports,165.92,6,111,4,10
CUST_0832,Delhi,26-35,Groceries,51.95,10,86,4,25
CUST_0833,Chennai,26-35,Groceries,55.45,3,51,5,0
CUST_0834,Chennai,26-35,Books,50.0,7,2,5,0
CUST_0835,Delhi,18-25,Home Decor,134.76,4,68,5,15
CUST_0836,Delhi,36-45,Books,50.0,3,84,1,15
CUST_0837,Pune,18-25,Electronics,642.21,8,72,3,15
CUST_0838,Mumbai,36-45,Fashion,247.28,4,31,4,5
CUST_0839,Bangalore,18-25,Sports,50.0,11,11,5,0
CUST_0840,Bangalore,18-25,Electronics,149.78,1,83,4,25
CUST_0841,Chennai,46-55,Fashion,50.0,6,58,3,25
CUST_0842,Bangalore,18-25,Fashion,64.22,10,177,5,10
CUST_0843,Chennai,46-55,Fashion,101.05,11,7,2,20
CUST_0844,Kolkata,26-35,Groceries,49114.17,11,11,4,10
CUST_0845,Chennai,18-25,Sports,60.28,1,10,4,5
CUST_0846,Delhi,55+,Electronics,141.12,5,70,4,0
CUST_0847,Chennai,26-35,Electronics,371.88,7,9,5,5
CUST_0848,Kolkata,46-55,Electronics,333.03,6,3,4,10
CUST_0849,Delhi,18-25,Home Decor,90.96,2,294,4,0
CUST_0850,Bangalore,46-55,Groceries,62.22,11,1,4,5
CUST_0851,Chennai,18-25,Fashion,69.75,4,81,4,15
CUST_0852,Hyderabad,26-35,Home Decor,130.38,11,20,4,15
CUST_0853,Mumbai,36-45,Home Decor,618.04,2,82,3,10
CUST_0854,Pune,46-55,Home Decor,473.5,11,36,2,25
CUST_0855,Mumbai,46-55,Sports,50.0,1,104,3,0
CUST_0856,Chennai,36-45,Fashion,209.79,3,117,3,10
CUST_0857,Chennai,46-55,Books,86.14,3,1,4,15
CUST_0858,Delhi,18-25,Fashion,50.0,7,3,5,10
CUST_0859,Bangalore,26-35,Home Decor,311.94,1,12,5,5
CUST_0860,Chennai,26-35,Books,35088.25,9,49,5,0
CUST_0861,Hyderabad,26-35,Home Decor,66.01,11,98,4,20
CUST_0862,Delhi,26-35,Books,50.0,6,27,4,10
CUST_0863,Delhi,26-35,Electronics,711.16,4,42,4,20
CUST_0864,Delhi,18-25,Groceries,67.11,3,9,3,10
CUST_0865,Delhi,36-45,Sports,195.91,3,73,2,15
CUST_0866,Bangalore,18-25,Sports,165.5,2,153,4,20
CUST_0867,Chennai,26-35,Electronics,430.66,2,14,5,15
CUST_0868,Chennai,26-35,Electronics,109.03,10,30,3,5
CUST_0869,Pune,36-45,Electronics,728.23,5,4,2,10
CUST_0870,Kolkata,36-45,Books,114.72,9,36,5,20
CUST_0871,Mumbai,36-45,Home Decor,134.86,2,31,3,5
CUST_0872,Mumbai,18-25,Electronics,304.29,2,7,5,5
CUST_0873,Bangalore,26-35,Groceries,50.0,6,26,5,0
CUST_0874,Delhi,18-25,Home Decor,244.49,10,18,5,25
CUST_0875,Chennai,26-35,Books,71.13,2,33,4,0
CUST_0876,Chennai,26-35,Groceries,51.39,4,39,4,10
CUST_0877,Hyderabad,18-25,Groceries,132.78,6,1,4,5
CUST_0878,Bangalore,26-35,Groceries,50.0,5,64,4,5
CUST_0879,Chennai,55+,Fashion,169.7,1,56,4,15
CUST_0880,Mumbai,55+,Groceries,50.0,6,20,3,0
CUST_0881,Mumbai,26-35,Books,50.0,1,2,4,10
CUST_0882,Bangalore,18-25,Home Decor,140.94,3,63,4,15
CUST_0883,Chennai,18-25,Groceries,64.68,10,139,5,20
CUST_0884,Chennai,26-35,Books,50.0,5,12,5,0
CUST_0885,Hyderabad,55+,Electronics,283.61,10,17,4,20
CUST_0886,Chennai,18-25,Fashion,209.17,5,9,3,15
CUST_0887,Bangalore,36-45,Electronics,222.15,10,38,5,20
CUST_0888,Mumbai,18-25,Electronics,87.14,6,7,4,10
CUST_0889,Chennai,55+,Books,182.46,10,19,5,10
CUST_0890,Mumbai,26-35,Sports,380.56,8,53,5,25
CUST_0891,Hyderabad,36-45,Electronics,112.05,5,36,2,20
CUST_0892,Pune,26-35,Fashion,187.56,11,21,5,5
CUST_0893,Pune,36-45,Home Decor,108.35,1,24,1,0
CUST_0894,Delhi,18-25,Electronics,388.99,5,37,4,5
CUST_0895,Bangalore,18-25,Groceries,68.34,3,1,4,5
CUST_0896,Mumbai,46-55,Books,50.0,4,3,3,0
CUST_0897,Mumbai,46-55,Groceries,50.0,8,95,5,0
CUST_0898,Pune,46-55,Electronics,181.33,7,3,1,20
CUST_0899,Chennai,36-45,Fashion,51.9,11,55,3,0
CUST_0900,Chennai,36-45,Home Decor,83.29,5,113,4,15
CUST_0901,Mumbai,18-25,Groceries,51.18,2,14,5,0
CUST_0902,Chennai,26-35,Electronics,177.71,6,20,5,5
CUST_0903,Chennai,26-35,Books,77.67,11,37,5,0
CUST_0904,Bangalore,36-45,Electronics,1035.42,6,96,5,0
CUST_0905,Delhi,26-35,Books,50.0,10,128,4,15
CUST_0906,Pune,18-25,Electronics,381.57,10,60,1,20
CUST_0907,Hyderabad,36-45,Sports,187.96,11,4,3,0
CUST_0908,Mumbai,36-45,Fashion,157.58,6,49,4,10
CUST_0909,Mumbai,26-35,Fashion,114.79,9,23,5,10
CUST_0910,Mumbai,18-25,Electronics,570.73,11,28,4,20
CUST_0911,Bangalore,18-25,Fashion,158.88,8,2,5,15
CUST_0912,Mumbai,26-35,Home Decor,60.2,8,9,4,10
CUST_0913,Bangalore,26-35,Sports,252.6,1,70,2,15
CUST_0914,Delhi,36-45,Fashion,219.68,5,27,3,20
CUST_0915,Bangalore,36-45,Fashion,58.66,7,16,5,0
CUST_0916,Delhi,36-45,Books,50.0,6,21,5,5
CUST_0917,Mumbai,26-35,Home Decor,279.9,5,86,5,25
CUST_0918,Kolkata,46-55,Groceries,50.0,8,62,3,15
CUST_0919,Hyderabad,18-25,Fashion,254.86,3,14,5,10
CUST_0920,Chennai,26-35,Fashion,715.81,6,5,3,10
CUST_0921,Pune,36-45,Books,50.0,5,13,1,5
CUST_0922,Delhi,18-25,Electronics,104.37,8,114,5,10
CUST_0923,Pune,18-25,Groceries,68.87,4,39,4,15
CUST_0924,Hyderabad,46-55,Fashion,192.4,8,34,4,5
CUST_0925,Delhi,26-35,Home Decor,134.71,10,40,3,15
CUST_0926,Chennai,36-45,Electronics,1007.65,2,20,4,20
CUST_0927,Mumbai,18-25,Groceries,50.0,9,74,5,0
CUST_0928,Delhi,36-45,Groceries,94.02,9,33,4,10
CUST_0929,Bangalore,26-35,Groceries,50.0,10,5,5,5
CUST_0930,Mumbai,18-25,Electronics,1246.71,10,6,3,15
CUST_0931,Chennai,36-45,Groceries,265.92,6,34,4,0
CUST_0932,Pune,26-35,Groceries,50.0,4,124,4,10
CUST_0933,Kolkata,26-35,Groceries,50.0,4,16,3,20
CUST_0934,Delhi,18-25,Groceries,107.43,6,91,4,5
CUST_0935,Chennai,18-25,Books,50.0,5,64,3,25
CUST_0936,Mumbai,26-35,Home Decor,156.25,6,12,5,30
CUST_0937,Chennai,18-25,Fashion,110.24,7,1,4,0
CUST_0938,Pune,46-55,Home Decor,50.0,7,4,3,0
CUST_0939,Chennai,18-25,Groceries,53.42,9,58,4,25
CUST_0940,Bangalore,26-35,Electronics,18508.59,8,10,4,25
CUST_0941,Mumbai,18-25,Electronics,212.36,6,20,5,0
CUST_0942,Bangalore,26-35,Fashion,342.83,6,31,5,0
CUST_0943,Bangalore,46-55,Home Decor,59.3,5,58,4,0
CUST_0944,Hyderabad,18-25,Books,86.26,1,5,5,30
CUST_0945,Mumbai,55+,Home Decor,129.62,9,23,4,0
CUST_0946,Chennai,18-25,Groceries,50.0,9,29,3,10
CUST_0947,Chennai,36-45,Fashion,203.29,9,35,5,20
CUST_0948,Pune,26-35,Electronics,15580.74,11,76,4,0
CUST_0949,Pune,46-55,Fashion,170.51,8,8,4,10
CUST_0950,Bangalore,26-35,Fashion,234.36,10,74,5,0
CUST_0951,Bangalore,26-35,Electronics,241.7,3,53,4,20
CUST_0952,Bangalore,18-25,Electronics,193.05,1,36,5,0
CUST_0953,Chennai,18-25,Groceries,50.0,11,54,5,15
CUST_0954,Pune,46-55,Books,50.0,8,23,4,15
CUST_0955,Delhi,26-35,Sports,1333.75,7,6,4,0
CUST_0956,Delhi,26-35,Sports,341.11,5,49,4,0
CUST_0957,Delhi,36-45,Groceries,47426.23,10,33,5,5
CUST_0958,Chennai,26-35,Fashion,50.0,7,45,4,0
CUST_0959,Chennai,55+,Groceries,79.41,10,18,2,20
CUST_0960,Hyderabad,36-45,Home Decor,251.04,4,106,4,20
CUST_0961,Chennai,36-45,Electronics,488.76,9,39,4,10
CUST_0962,Bangalore,46-55,Fashion,88.09,11,4,2,10
CUST_0963,Mumbai,18-25,Home Decor,146.56,10,26,1,10
CUST_0964,Delhi,26-35,Fashion,140.42,2,63,4,20
CUST_0965,Mumbai,26-35,Groceries,29686.96,9,71,4,5
CUST_0966,Mumbai,26-35,Groceries,50.0,9,30,4,0
CUST_0967,Hyderabad,36-45,Electronics,262.15,5,101,3,0
CUST_0968,Mumbai,46-55,Fashion,54.66,11,14,3,10
CUST_0969,Bangalore,26-35,Fashion,124.27,1,23,5,5
CUST_0970,Delhi,26-35,Electronics,3432.25,7,102,4,5
CUST_0971,Bangalore,55+,Electronics,422.74,10,101,3,0
CUST_0972,Kolkata,26-35,Home Decor,126.09,10,52,4,15
CUST_0973,Hyderabad,26-35,Fashion,225.83,4,88,4,0
CUST_0974,Mumbai,26-35,Groceries,79.47,9,4,2,0
CUST_0975,Chennai,46-55,Fashion,151.17,6,90,3,5
CUST_0976,Mumbai,26-35,Sports,204.78,3,17,2,0
CUST_0977,Bangalore,36-45,Fashion,559.79,6,8,5,10
CUST_0978,Chennai,36-45,Fashion,50.0,10,12,5,5
CUST_0979,Delhi,26-35,Home Decor,236.68,6,24,5,5
CUST_0980,Bangalore,26-35,Home Decor,77.22,5,13,5,10
CUST_0981,Mumbai,46-55,Electronics,491.36,2,17,4,0
CUST_0982,Hyderabad,26-35,Home Decor,77.7,10,6,4,0
CUST_0983,Chennai,36-45,Fashion,77.36,10,15,4,20
CUST_0984,Chennai,55+,Groceries,50.0,2,38,1,5
CUST_0985,Hyderabad,36-45,Electronics,687.74,7,26,4,5
CUST_0986,Delhi,36-45,Electronics,656.9,2,19,5,0
CUST_0987,Bangalore,36-45,Books,50.0,6,61,4,10
CUST_0988,Delhi,46-55,Groceries,56.44,5,100,4,10
CUST_0989,Mumbai,26-35,Fashion,61.23,4,63,4,10
CUST_0990,Hyderabad,18-25,Books,50.0,7,18,4,15
CUST_0991,Hyderabad,26-35,Books,50.0,8,61,5,0
CUST_0992,Bangalore,36-45,Electronics,246.16,4,7,5,0
CUST_0993,Mumbai,26-35,Groceries,376.36,1,6,4,20
CUST_0994,Bangalore,36-45,Electronics,445.47,1,19,5,25
CUST_0995,Mumbai,26-35,Books,16378.71,1,74,4,0
CUST_0996,Chennai,36-45,Books,50.0,11,12,5,10
CUST_0997,Pune,18-25,Sports,285.31,1,2,4,0
CUST_0998,Chennai,36-45,Electronics,1674.91,5,6,4,0
CUST_0999,Kolkata,26-35,Electronics,88.59,4,88,4,5
CUST_1000,Delhi,18-25,Fashion,50.0,9,45,5,0
