property_id,city,area_sqft,bedrooms,bathrooms,total_rooms,year_built,age_years,overall_quality,location_score,floor,has_parking,has_gym,price_lakhs
P0001,Hyderabad,2098,3,2,5,2003,21,6,2.8,8,1,0,1.49
P0002,Hyderabad,1717,4,3,7,2001,23,7,3.9,4,1,0,1.44
P0003,Chennai,2189,3,3,6,2017,7,9,6.3,1,0,1,2.33
P0004,Mumbai,2714,2,2,4,1996,28,6,1.7,1,0,1,1.51
P0005,Chennai,1660,2,1,3,1987,37,6,2.3,6,1,0,0.82
P0006,Mumbai,1660,3,2,5,2010,14,2,1.7,16,1,0,0.88
P0007,Hyderabad,2748,4,2,6,2019,5,2,8.3,9,1,1,2.11
P0008,Mumbai,2260,4,4,8,1992,32,4,7.8,11,1,0,1.4
P0009,Delhi,1518,4,4,8,2020,4,2,7.8,1,1,1,1.28
P0010,Delhi,2126,3,2,5,1991,33,7,7.4,9,1,0,1.46
P0011,Chennai,1522,3,2,5,2020,4,7,7.0,19,1,0,1.57
P0012,Chennai,1521,2,2,4,2000,24,3,5.3,0,1,0,0.92
P0013,Delhi,1945,3,2,5,2008,16,8,6.8,3,1,1,2.14
P0014,Bangalore,652,3,2,5,1985,39,4,1.3,12,1,1,0.55
P0015,Chennai,765,2,1,3,2009,15,5,6.6,11,1,0,0.93
P0016,Mumbai,1463,2,2,4,1994,30,4,8.0,10,1,1,1.18
P0017,Chennai,1192,3,2,5,2000,24,5,5.5,9,0,0,0.95
P0018,Hyderabad,1989,4,3,7,2000,24,4,4.2,14,1,0,1.14
P0019,Mumbai,1255,5,4,9,1992,32,6,3.5,4,1,1,0.94
P0020,Mumbai,953,5,3,8,2013,11,5,6.8,24,1,1,1.12
P0021,Delhi,2679,3,2,5,2023,1,10,7.2,16,1,1,4.35
P0022,Mumbai,1665,3,2,5,2012,12,2,8.8,4,1,1,1.23
P0023,Bangalore,1841,3,2,5,1990,34,3,4.1,1,1,0,0.84
P0024,Chennai,945,4,3,7,2000,24,2,7.9,8,1,0,0.79
P0025,Bangalore,1473,2,1,3,2004,20,7,6.1,5,0,1,1.15
P0026,Mumbai,1867,3,2,5,2000,24,2,8.9,17,0,0,1.07
P0027,Bangalore,1109,4,3,7,1991,33,8,5.8,13,0,0,1.01
P0028,Chennai,2025,3,2,5,1998,26,6,5.7,18,0,0,1.25
P0029,Hyderabad,1440,3,2,5,2010,14,6,6.2,13,1,0,1.24
P0030,Mumbai,1625,3,2,5,2010,14,6,7.7,7,0,1,1.52
P0031,Chennai,1439,2,1,3,1998,26,4,9.7,16,0,0,1.13
P0032,Hyderabad,2911,3,2,5,1991,33,4,1.7,2,1,1,1.61
P0033,Bangalore,1792,3,3,6,2017,7,5,1.5,9,1,0,1.27
P0034,Delhi,1165,1,1,2,2010,14,6,9.4,16,0,0,1.12
P0035,Mumbai,2294,1,1,2,2004,20,4,5.8,10,1,0,1.63
P0036,Hyderabad,1067,4,3,7,1987,37,3,6.5,7,0,0,0.62
P0037,Delhi,1925,3,2,5,1988,36,10,5.3,0,1,0,1.56
P0038,Hyderabad,624,3,2,5,2010,14,2,1.8,12,1,0,0.53
P0039,Chennai,1003,3,3,6,1995,29,8,7.9,20,1,0,1.12
P0040,Delhi,1918,5,4,9,1986,38,8,7.7,3,1,0,1.42
P0041,Bangalore,2243,3,3,6,1998,26,5,3.8,6,1,0,1.33
P0042,Mumbai,1903,3,2,5,2014,10,3,3.8,13,1,0,1.46
P0043,Delhi,1731,4,3,7,1996,28,3,8.5,4,1,0,1.06
P0044,Chennai,1619,4,3,7,2010,14,7,1.7,23,1,0,1.43
P0045,Chennai,913,2,1,3,2017,7,7,8.9,10,1,1,1.57
P0046,Delhi,1368,4,3,7,1997,27,8,3.3,16,0,0,1.05
P0047,Chennai,1524,3,2,5,1998,26,9,6.3,4,0,1,1.42
P0048,Mumbai,2434,3,3,6,2008,16,7,9.4,19,1,1,2.62
P0049,Delhi,2006,2,1,3,2018,6,4,7.1,2,1,0,1.74
P0050,Bangalore,742,2,1,3,2010,14,4,4.7,4,1,1,0.91
P0051,Delhi,1994,4,3,7,2005,19,8,7.2,14,0,0,1.5
P0052,Hyderabad,1569,3,2,5,2012,12,4,4.1,18,0,1,1.31
P0053,Chennai,1394,3,2,5,2020,4,3,3.5,15,1,1,0.93
P0054,Bangalore,2167,4,3,7,1986,38,7,10.0,7,1,0,1.73
P0055,Bangalore,2419,4,2,6,1993,31,5,7.8,12,0,0,1.22
P0056,Mumbai,2359,2,1,3,2007,17,9,6.8,15,0,0,2.31
P0057,Delhi,1296,3,3,6,1999,25,7,4.2,2,0,0,0.98
P0058,Chennai,1614,2,2,4,1997,27,3,1.4,0,0,0,0.66
P0059,Hyderabad,1999,4,3,7,2007,17,9,1.3,8,1,0,1.65
P0060,Chennai,2385,3,2,5,2001,23,4,6.0,8,1,0,1.44
P0061,Delhi,1512,5,4,9,1986,38,5,7.9,21,1,0,1.12
P0062,Delhi,1689,2,2,4,2004,20,5,5.8,16,1,1,1.24
P0063,Mumbai,1136,2,1,3,2004,20,2,8.6,23,1,1,1.03
P0064,Mumbai,1082,3,2,5,1987,37,6,1.3,1,1,0,0.7
P0065,Bangalore,2288,3,2,5,1996,28,3,4.3,8,1,0,1.13
P0066,Bangalore,2614,2,2,4,1986,38,5,3.1,23,1,0,1.33
P0067,Delhi,1757,4,4,8,2020,4,5,5.0,18,1,0,1.48
P0068,Bangalore,2402,2,1,3,1998,26,7,1.7,12,1,1,1.59
P0069,Chennai,2017,3,3,6,2000,24,8,9.6,4,1,0,1.88
P0070,Delhi,1413,4,3,7,2003,21,4,3.0,8,0,0,0.9
P0071,Chennai,2017,3,3,6,2018,6,5,9.3,12,0,1,2.02
P0072,Mumbai,2723,4,3,7,1990,34,5,4.8,0,1,1,1.73
P0073,Bangalore,1779,2,2,4,1997,27,4,9.9,24,1,0,1.35
P0074,Chennai,2739,3,2,5,2020,4,8,6.0,14,1,0,2.9
P0075,Bangalore,500,1,1,2,2006,18,7,9.4,3,0,0,1.13
P0076,Hyderabad,2293,2,1,3,2002,22,4,1.0,3,1,0,1.19
P0077,Mumbai,1852,4,4,8,1996,28,5,7.7,19,1,1,1.64
P0078,Bangalore,1621,2,2,4,2014,10,3,9.1,9,0,0,1.24
P0079,Bangalore,1855,3,3,6,1991,33,7,2.3,24,1,0,1.2
P0080,Bangalore,607,3,3,6,2016,8,3,1.9,5,1,1,0.78
P0081,Chennai,1668,3,2,5,2003,21,10,4.8,23,1,1,1.7
P0082,Chennai,2014,4,3,7,1990,34,8,9.4,11,1,1,1.78
P0083,Chennai,2687,1,1,2,2004,20,5,5.9,19,1,0,1.89
P0084,Delhi,1489,3,2,5,2011,13,6,5.7,15,0,0,1.14
P0085,Delhi,1315,5,3,8,2021,3,9,2.3,2,1,0,1.36
P0086,Bangalore,1499,3,2,5,1991,33,6,1.0,13,0,0,0.86
P0087,Bangalore,2349,5,3,8,1989,35,4,8.3,0,1,0,1.62
P0088,Hyderabad,1997,2,1,3,1995,29,5,1.8,9,1,0,0.95
P0089,Mumbai,1482,3,2,5,1999,25,8,6.7,14,1,0,1.36
P0090,Delhi,2108,3,2,5,1987,37,7,9.2,6,1,1,1.74
P0091,Bangalore,1858,4,4,8,1989,35,7,2.9,3,1,0,1.28
P0092,Hyderabad,2381,5,4,9,2007,17,8,7.0,13,1,1,2.37
P0093,Hyderabad,1379,3,3,6,2021,3,8,1.7,23,0,0,1.28
P0094,Delhi,1603,3,2,5,1993,31,9,6.4,15,1,1,1.69
P0095,Mumbai,1565,2,1,3,1999,25,3,2.5,13,1,0,0.87
P0096,Delhi,922,3,2,5,1987,37,6,7.6,2,1,1,1.1
P0097,Delhi,1978,3,2,5,2013,11,7,3.7,16,1,0,1.61
P0098,Hyderabad,1957,5,3,8,1990,34,7,5.2,20,1,0,1.33
P0099,Delhi,1803,3,2,5,2001,23,7,6.4,13,1,1,1.7
P0100,Delhi,1659,3,2,5,2010,14,4,2.5,17,1,0,1.07
P0101,Delhi,951,2,1,3,2005,19,8,7.7,2,1,0,1.23
P0102,Delhi,1548,2,1,3,1992,32,7,3.7,21,0,1,0.95
P0103,Chennai,1594,2,2,4,2005,19,3,7.0,18,1,1,1.03
P0104,Mumbai,1319,3,2,5,1995,29,6,2.4,2,1,0,1.0
P0105,Delhi,1703,4,2,6,2022,2,4,7.2,11,0,0,1.35
P0106,Hyderabad,2042,3,2,5,1992,32,5,2.2,21,0,0,0.98
P0107,Mumbai,2932,3,2,5,2008,16,1,4.8,4,0,0,1.44
P0108,Chennai,1905,2,1,3,2019,5,5,3.2,9,1,1,1.39
P0109,Delhi,1955,4,3,7,1998,26,6,7.7,8,0,0,1.33
P0110,Bangalore,1755,4,2,6,1998,26,7,3.4,0,1,0,1.28
P0111,Mumbai,649,2,1,3,1994,30,7,8.9,12,1,1,1.14
P0112,Delhi,1784,4,3,7,1996,28,8,9.0,2,0,0,1.71
P0113,Bangalore,1836,3,2,5,2022,2,4,2.8,18,1,0,1.29
P0114,Mumbai,3278,2,1,3,2018,6,3,6.5,10,0,0,2.21
P0115,Bangalore,1685,3,2,5,1994,30,8,1.8,15,0,0,1.07
P0116,Mumbai,1981,3,2,5,2001,23,4,4.5,5,1,0,1.39
P0117,Bangalore,1779,2,1,3,2001,23,10,7.4,23,0,0,1.61
P0118,Hyderabad,1099,5,4,9,1987,37,8,6.9,2,1,0,1.02
P0119,Mumbai,2486,4,2,6,2015,9,6,6.6,18,1,0,2.46
P0120,Mumbai,2251,3,2,5,1985,39,10,3.5,5,0,0,1.62
P0121,Chennai,2275,3,2,5,1996,28,3,4.4,7,0,0,1.07
P0122,Bangalore,1254,3,2,5,2023,1,5,1.9,21,0,0,0.97
P0123,Mumbai,2642,3,2,5,1988,36,7,7.5,12,0,0,1.63
P0124,Bangalore,959,3,2,5,1997,27,5,5.5,11,0,0,0.89
P0125,Mumbai,2152,2,1,3,2018,6,9,7.4,9,0,0,2.78
P0126,Mumbai,3114,3,2,5,2005,19,2,3.2,2,1,0,1.64
P0127,Hyderabad,1206,4,2,6,2006,18,6,3.9,3,1,0,0.97
P0128,Chennai,1460,3,2,5,1988,36,6,4.0,0,0,1,0.85
P0129,Chennai,1860,2,1,3,2002,22,7,1.2,12,1,0,1.23
P0130,Mumbai,1498,4,3,7,1989,35,4,4.1,23,1,1,0.91
P0131,Mumbai,870,2,1,3,2003,21,5,8.2,3,1,1,1.13
P0132,Hyderabad,1841,3,2,5,1986,38,8,9.1,21,0,0,1.65
P0133,Mumbai,1163,2,2,4,1996,28,4,5.7,10,0,0,0.87
P0134,Delhi,2084,3,3,6,2001,23,8,5.1,18,1,1,1.73
P0135,Delhi,1248,4,3,7,1994,30,6,1.3,10,1,0,0.83
P0136,Bangalore,2730,3,2,5,2018,6,7,8.9,11,0,1,2.89
P0137,Delhi,1330,2,2,4,1990,34,7,1.1,10,1,0,0.9
P0138,Delhi,1607,4,4,8,1992,32,4,9.5,5,1,0,1.19
P0139,Hyderabad,2288,4,3,7,1995,29,6,5.4,11,1,0,1.92
P0140,Bangalore,1061,4,3,7,1996,28,8,4.1,8,1,0,1.09
P0141,Mumbai,1936,2,1,3,1993,31,6,9.3,24,1,0,1.64
P0142,Chennai,2584,3,2,5,1986,38,9,1.2,9,1,0,1.81
P0143,Mumbai,836,5,4,9,1992,32,6,6.2,2,1,1,0.97
P0144,Delhi,1911,4,3,7,1995,29,3,5.9,2,0,1,0.92
P0145,Bangalore,1956,1,1,2,2020,4,5,3.0,19,1,0,1.48
P0146,Delhi,2269,2,2,4,1994,30,9,4.9,22,1,1,2.12
P0147,Delhi,1058,3,2,5,2005,19,5,6.9,15,1,1,1.18
P0148,Chennai,1008,4,3,7,2004,20,8,7.5,2,1,1,1.5
P0149,Hyderabad,2113,3,2,5,1992,32,8,1.0,9,1,0,1.3
P0150,Bangalore,1978,3,2,5,2020,4,5,9.4,23,1,1,2.22
P0151,Mumbai,1950,2,1,3,2013,11,3,2.5,10,1,0,1.06
P0152,Delhi,2008,3,2,5,1996,28,7,3.1,7,1,0,1.54
P0153,Delhi,1392,4,2,6,1998,26,5,3.4,5,0,1,0.88
P0154,Delhi,1939,3,2,5,2005,19,8,1.3,19,1,0,1.35
P0155,Delhi,1976,4,4,8,2006,18,6,2.1,10,1,0,1.64
P0156,Bangalore,1371,5,3,8,2005,19,6,9.9,20,0,1,1.66
P0157,Mumbai,2919,2,1,3,2014,10,7,3.8,11,1,0,2.51
P0158,Delhi,2084,3,2,5,2023,1,5,2.0,15,0,1,1.3
P0159,Bangalore,1085,3,2,5,2004,20,6,2.0,17,0,1,0.81
P0160,Delhi,2194,4,3,7,2008,16,5,7.5,12,1,0,2.04
P0161,Hyderabad,1215,3,2,5,2007,17,5,8.7,21,0,0,1.14
P0162,Delhi,2272,3,2,5,1991,33,6,3.3,2,0,1,1.15
P0163,Hyderabad,2495,4,3,7,1993,31,8,1.2,14,0,0,1.47
P0164,Hyderabad,1308,3,2,5,1985,39,5,3.0,21,0,1,0.7
P0165,Chennai,2378,4,2,6,2010,14,6,1.5,20,1,1,1.54
P0166,Mumbai,2048,3,2,5,2022,2,7,1.9,13,0,0,1.59
P0167,Hyderabad,2293,2,1,3,2022,2,4,4.9,17,1,0,1.94
P0168,Mumbai,2938,3,2,5,2006,18,5,3.1,13,1,1,2.17
P0169,Mumbai,1653,4,2,6,1994,30,9,5.6,4,1,0,1.4
P0170,Delhi,1348,3,2,5,1990,34,7,3.3,20,1,0,1.01
P0171,Mumbai,1266,4,3,7,2001,23,6,9.5,13,1,1,1.51
P0172,Mumbai,1311,4,2,6,2022,2,7,9.2,24,0,1,1.83
P0173,Delhi,1754,3,3,6,2008,16,2,6.1,7,0,0,0.97
P0174,Mumbai,2005,5,4,9,1994,30,7,4.2,22,1,0,1.35
P0175,Chennai,1966,2,1,3,1992,32,6,4.4,14,0,0,1.04
P0176,Mumbai,2296,2,1,3,2005,19,6,4.7,14,0,1,1.73
P0177,Bangalore,1808,2,1,3,1990,34,5,7.5,18,1,1,1.28
P0178,Hyderabad,2672,4,3,7,2005,19,3,5.1,19,1,1,1.71
P0179,Delhi,1641,3,2,5,2023,1,4,8.7,5,0,0,1.44
P0180,Bangalore,3432,2,1,3,2008,16,9,9.5,18,1,1,5.01
P0181,Hyderabad,2175,3,2,5,2017,7,5,4.0,24,0,1,1.73
P0182,Mumbai,1286,3,3,6,2002,22,6,6.0,7,0,0,1.09
P0183,Delhi,1157,2,2,4,2012,12,2,1.9,5,1,0,0.77
P0184,Hyderabad,2089,4,2,6,2016,8,2,2.8,19,1,1,1.27
P0185,Hyderabad,1666,4,3,7,1996,28,7,4.7,22,1,0,1.2
P0186,Bangalore,2228,3,2,5,2011,13,6,2.9,14,1,0,1.69
P0187,Mumbai,2084,5,3,8,1994,30,6,8.9,2,1,0,1.45
P0188,Hyderabad,1756,3,3,6,2016,8,4,2.4,9,0,0,0.85
P0189,Mumbai,1292,5,3,8,2010,14,7,5.1,14,1,0,1.34
P0190,Delhi,891,3,2,5,2009,15,4,6.5,23,0,0,0.9
P0191,Delhi,1532,3,2,5,1995,29,4,7.2,15,1,1,1.13
P0192,Delhi,2314,2,2,4,2007,17,6,4.4,16,0,1,1.77
P0193,Chennai,1928,4,3,7,2018,6,5,8.8,18,0,1,1.63
P0194,Chennai,1053,3,2,5,2007,17,4,6.1,10,0,0,0.9
P0195,Chennai,1904,2,2,4,2013,11,7,5.0,15,0,1,1.85
P0196,Mumbai,2031,1,1,2,2015,9,7,1.6,4,1,1,1.66
P0197,Bangalore,1270,3,2,5,1991,33,8,5.2,4,0,0,1.1
P0198,Chennai,1892,3,2,5,2017,7,5,8.4,13,0,0,1.62
P0199,Delhi,1835,4,2,6,2005,19,3,6.5,17,1,0,1.26
P0200,Hyderabad,1114,4,3,7,1986,38,5,8.5,7,0,1,1.0
P0201,Chennai,2015,2,2,4,2002,22,10,5.4,4,0,0,1.87
P0202,Bangalore,2136,4,2,6,2017,7,6,2.1,6,1,1,1.81
P0203,Mumbai,2450,2,1,3,2021,3,7,1.1,15,1,0,1.85
P0204,Bangalore,2432,4,2,6,2018,6,1,3.7,22,0,0,1.28
P0205,Hyderabad,973,4,2,6,2004,20,6,7.3,13,0,1,1.2
P0206,Delhi,1237,3,3,6,2019,5,2,8.1,4,1,0,1.05
P0207,Chennai,2109,4,3,7,2002,22,6,3.7,23,1,0,1.36
P0208,Delhi,2108,3,2,5,2008,16,9,5.5,8,1,1,2.43
P0209,Bangalore,2109,3,2,5,1992,32,9,4.8,3,0,1,1.71
P0210,Bangalore,4112,4,2,6,2014,10,6,4.7,3,0,0,3.16
P0211,Chennai,2143,3,2,5,1994,30,6,3.1,15,1,0,1.26
P0212,Hyderabad,2481,3,2,5,2007,17,9,2.2,23,1,0,1.99
P0213,Mumbai,2372,3,2,5,1995,29,7,2.8,16,1,1,1.55
P0214,Delhi,2191,4,4,8,1986,38,2,1.5,14,0,0,0.81
P0215,Chennai,1611,3,2,5,2010,14,6,2.8,3,1,0,1.2
P0216,Mumbai,2255,2,1,3,2020,4,4,1.1,5,1,0,1.59
P0217,Delhi,1336,4,3,7,2017,7,6,6.6,15,1,1,1.42
P0218,Mumbai,1658,4,2,6,1997,27,6,3.8,3,1,1,1.32
P0219,Mumbai,1509,2,1,3,2009,15,6,9.8,5,1,1,2.01
P0220,Chennai,1849,2,1,3,1988,36,5,2.7,4,1,0,0.91
P0221,Chennai,3189,2,1,3,2003,21,4,4.1,15,0,1,1.74
P0222,Mumbai,680,3,2,5,2002,22,6,4.2,24,1,0,0.78
P0223,Mumbai,2212,3,2,5,2021,3,8,1.1,15,1,0,1.88
P0224,Mumbai,832,4,3,7,2014,10,7,8.6,9,0,1,1.33
P0225,Delhi,1517,3,2,5,2003,21,5,1.3,8,1,0,0.88
P0226,Mumbai,2453,3,2,5,2007,17,9,9.5,3,1,0,2.91
P0227,Delhi,1839,3,2,5,2000,24,9,9.0,13,1,1,2.27
P0228,Chennai,1153,4,2,6,1985,39,4,5.8,3,0,0,0.68
P0229,Chennai,1371,3,2,5,1996,28,2,5.9,11,1,0,0.85
P0230,Delhi,2208,5,3,8,2008,16,7,6.9,23,0,0,1.76
P0231,Chennai,1362,3,3,6,2018,6,8,4.5,9,1,0,1.53
P0232,Hyderabad,1930,2,1,3,1992,32,9,6.8,3,1,1,1.77
P0233,Delhi,1827,3,2,5,2002,22,8,1.4,17,0,0,1.18
P0234,Delhi,1409,3,2,5,1989,35,7,1.5,12,0,1,0.85
P0235,Bangalore,3086,3,2,5,2010,14,6,5.1,12,1,0,2.47
P0236,Mumbai,2180,2,1,3,2014,10,2,5.9,13,0,0,1.33
P0237,Bangalore,585,2,2,4,1997,27,4,9.0,17,1,0,0.8
P0238,Chennai,1912,4,2,6,2003,21,6,1.9,0,1,1,1.4
P0239,Delhi,1403,2,1,3,2013,11,7,8.4,20,1,0,1.49
P0240,Chennai,2311,4,2,6,1987,37,6,2.9,15,1,1,1.4
P0241,Bangalore,1324,3,2,5,2010,14,7,4.5,14,1,0,1.27
P0242,Mumbai,1731,3,2,5,1996,28,5,3.8,21,1,1,1.16
P0243,Mumbai,2103,3,2,5,1986,38,6,4.6,24,1,1,1.37
P0244,Hyderabad,2319,3,2,5,1995,29,3,2.4,4,1,1,1.17
P0245,Hyderabad,1080,3,2,5,2012,12,5,5.5,5,0,1,0.95
P0246,Chennai,1599,2,1,3,2002,22,7,8.2,5,0,0,1.32
P0247,Hyderabad,1515,1,1,2,1997,27,7,5.0,2,0,1,1.21
P0248,Delhi,1408,3,2,5,2021,3,10,5.4,15,1,0,1.8
P0249,Mumbai,2859,3,2,5,2006,18,5,8.6,11,1,0,2.49
P0250,Delhi,2043,5,4,9,1996,28,6,7.4,3,0,0,1.34
P0251,Mumbai,1043,4,3,7,1986,38,5,5.4,0,0,0,0.68
P0252,Chennai,2351,4,3,7,2021,3,6,3.3,3,1,0,1.66
P0253,Hyderabad,3073,4,2,6,1991,33,8,9.0,0,0,0,2.67
P0254,Chennai,2419,3,2,5,2010,14,7,6.2,20,0,0,1.95
P0255,Bangalore,888,3,2,5,2010,14,8,3.0,7,0,0,0.94
P0256,Delhi,1509,4,3,7,2008,16,4,3.4,23,1,0,1.02
P0257,Mumbai,2560,3,2,5,1996,28,8,8.2,4,1,1,2.38
P0258,Delhi,1375,3,2,5,2000,24,2,1.4,1,1,1,0.7
P0259,Bangalore,2066,2,1,3,2007,17,8,9.9,11,1,1,2.51
P0260,Delhi,2265,3,2,5,1993,31,5,2.2,21,1,0,1.19
P0261,Hyderabad,1244,3,3,6,2016,8,5,8.2,16,1,0,1.41
P0262,Hyderabad,1764,4,3,7,1999,25,6,4.6,6,0,1,1.03
P0263,Mumbai,500,3,3,6,2021,3,9,5.4,10,1,1,1.5
P0264,Mumbai,1185,3,2,5,1997,27,2,8.9,3,1,1,0.85
P0265,Chennai,1648,5,4,9,1989,35,5,4.7,4,1,0,1.0
P0266,Mumbai,1051,2,2,4,1995,29,8,5.8,5,0,0,1.04
P0267,Chennai,2779,3,2,5,1994,30,5,1.4,10,0,1,1.43
P0268,Bangalore,942,1,1,2,1997,27,4,1.0,0,1,0,0.6
P0269,Mumbai,1536,4,4,8,1999,25,6,3.2,24,0,0,1.08
P0270,Bangalore,1878,4,3,7,1991,33,5,7.1,9,1,1,1.22
P0271,Delhi,2665,3,2,5,2012,12,9,2.1,19,1,1,2.57
P0272,Hyderabad,938,4,2,6,2016,8,7,2.0,23,0,0,0.8
P0273,Mumbai,2498,3,2,5,2019,5,6,4.7,20,1,0,2.42
P0274,Hyderabad,1806,4,4,8,1999,25,10,6.8,10,1,1,2.36
P0275,Bangalore,1211,4,2,6,2020,4,6,7.4,23,1,0,1.42
P0276,Chennai,2077,4,3,7,2005,19,2,2.6,16,1,1,1.05
P0277,Mumbai,1919,1,1,2,1990,34,4,1.7,7,1,1,1.02
P0278,Bangalore,1440,5,4,9,1985,39,6,9.5,12,0,1,1.02
P0279,Bangalore,1842,4,4,8,1988,36,4,3.3,19,1,1,0.91
P0280,Bangalore,1569,3,2,5,1995,29,9,8.7,17,0,0,1.47
P0281,Chennai,1868,4,3,7,2010,14,7,8.8,21,1,0,2.36
P0282,Bangalore,2197,3,2,5,2021,3,4,8.0,15,1,0,2.15
P0283,Hyderabad,2752,4,3,7,2007,17,6,2.5,1,1,0,1.79
P0284,Mumbai,1057,2,1,3,2013,11,7,8.4,4,1,0,1.63
P0285,Chennai,3080,4,3,7,2005,19,9,7.9,17,1,0,3.4
P0286,Mumbai,629,3,3,6,2011,13,8,6.4,2,1,1,1.38
P0287,Chennai,1709,2,2,4,2023,1,6,4.0,21,1,0,1.43
P0288,Hyderabad,2153,2,1,3,1997,27,7,3.4,16,0,0,1.46
P0289,Delhi,1969,1,1,2,2007,17,6,2.1,15,1,0,1.26
P0290,Bangalore,1426,3,3,6,2000,24,6,5.6,5,0,0,1.0
P0291,Bangalore,1675,3,2,5,2014,10,3,6.3,18,0,0,1.19
P0292,Mumbai,1504,3,2,5,1988,36,3,4.2,6,1,0,0.82
P0293,Bangalore,1446,3,2,5,2000,24,6,5.3,17,1,0,1.17
P0294,Delhi,2310,3,2,5,2015,9,4,4.3,13,1,1,1.83
P0295,Hyderabad,2014,4,2,6,2009,15,2,6.8,5,0,1,1.1
P0296,Hyderabad,1384,1,1,2,1996,28,7,9.1,7,1,1,1.71
P0297,Chennai,2340,4,3,7,2010,14,2,2.5,14,1,0,1.11
P0298,Bangalore,1984,4,3,7,2021,3,6,4.4,14,1,0,1.77
P0299,Chennai,2288,3,2,5,2017,7,6,2.3,14,1,0,1.94
P0300,Delhi,2178,3,2,5,2012,12,9,6.6,15,1,0,2.33
P0301,Delhi,1303,4,3,7,1993,31,6,7.6,0,0,0,1.13
P0302,Bangalore,1464,2,2,4,1996,28,2,9.4,10,1,0,0.98
P0303,Hyderabad,2248,2,2,4,1989,35,6,3.5,24,0,1,1.13
P0304,Chennai,2166,2,1,3,2012,12,8,9.6,4,0,0,2.22
P0305,Bangalore,1787,4,3,7,2019,5,10,1.6,4,1,0,2.01
P0306,Chennai,1870,1,1,2,1989,35,6,6.4,20,1,0,1.34
P0307,Delhi,2567,3,2,5,2018,6,5,1.5,5,1,0,1.78
P0308,Chennai,1445,5,3,8,2018,6,9,9.0,1,1,1,2.0
P0309,Delhi,2128,4,2,6,1997,27,4,5.8,5,1,0,1.37
P0310,Delhi,1679,3,2,5,2023,1,7,7.0,13,0,0,1.8
P0311,Bangalore,1669,2,2,4,1998,26,5,8.5,10,1,0,1.23
P0312,Chennai,2459,4,3,7,1995,29,2,2.4,3,1,0,1.03
P0313,Delhi,2295,3,2,5,2022,2,5,1.3,23,1,0,1.78
P0314,Bangalore,2288,2,2,4,1988,36,4,8.9,24,1,1,1.53
P0315,Chennai,2583,2,2,4,2017,7,7,3.8,8,0,1,2.27
P0316,Chennai,1813,4,3,7,1991,33,9,2.2,23,1,1,1.41
P0317,Hyderabad,2209,3,2,5,1992,32,4,5.2,2,1,0,1.24
P0318,Delhi,1614,4,3,7,2021,3,8,6.4,15,1,0,1.96
P0319,Hyderabad,1994,4,2,6,1994,30,2,1.3,10,0,0,0.76
P0320,Bangalore,1722,3,2,5,1999,25,6,3.5,3,1,1,1.34
P0321,Chennai,1858,3,2,5,2022,2,3,1.3,0,0,1,1.14
P0322,Chennai,2157,3,2,5,1999,25,9,4.8,24,1,1,1.91
P0323,Mumbai,1309,3,2,5,1989,35,7,9.1,20,1,0,1.43
P0324,Mumbai,3055,3,2,5,2013,11,7,9.8,21,1,0,3.78
P0325,Chennai,1196,4,2,6,2003,21,8,6.7,15,1,0,1.23
P0326,Bangalore,1071,3,2,5,1994,30,7,2.5,18,1,0,0.85
P0327,Chennai,2495,4,3,7,1996,28,9,9.2,15,1,0,2.43
P0328,Bangalore,2275,3,2,5,1988,36,7,5.6,10,1,0,1.32
P0329,Delhi,2174,3,2,5,2015,9,9,2.4,7,1,1,2.39
P0330,Delhi,2177,3,2,5,2002,22,6,9.3,22,1,0,2.53
P0331,Chennai,1793,3,2,5,2000,24,3,7.8,0,1,0,1.27
P0332,Delhi,1262,4,3,7,2020,4,6,7.6,20,0,0,1.43
P0333,Chennai,1845,2,1,3,2009,15,3,7.4,8,1,0,1.24
P0334,Delhi,1394,3,2,5,2007,17,6,2.8,11,1,1,1.09
P0335,Chennai,2385,2,1,3,1996,28,6,2.9,21,1,0,1.41
P0336,Mumbai,1712,3,3,6,2018,6,7,7.2,7,0,0,1.95
P0337,Mumbai,1305,3,2,5,2020,4,1,3.0,16,0,1,0.79
P0338,Chennai,1607,3,2,5,2021,3,4,4.9,9,1,0,1.59
P0339,Bangalore,2048,5,4,9,1987,37,6,8.0,6,1,0,1.3
P0340,Mumbai,1462,3,3,6,1993,31,9,8.1,18,0,1,1.61
P0341,Hyderabad,1307,4,3,7,2002,22,5,5.1,24,0,1,0.98
P0342,Delhi,1946,3,2,5,2019,5,6,8.1,5,0,0,1.88
P0343,Delhi,1947,3,2,5,2018,6,7,8.5,20,0,0,1.96
P0344,Mumbai,1496,2,2,4,1998,26,7,6.9,23,0,0,1.29
P0345,Delhi,1517,3,2,5,1988,36,5,3.1,23,0,1,0.8
P0346,Bangalore,1939,3,2,5,2013,11,5,3.5,18,1,0,1.55
P0347,Delhi,931,3,2,5,1999,25,4,3.8,17,1,1,0.9
P0348,Chennai,956,1,1,2,2012,12,9,2.1,14,1,1,1.2
P0349,Delhi,1369,2,2,4,2000,24,3,3.5,1,0,1,0.69
P0350,Chennai,1672,3,2,5,1996,28,5,2.9,13,0,0,0.9
P0351,Mumbai,1987,5,4,9,1989,35,2,5.1,20,1,0,0.97
P0352,Delhi,2685,3,2,5,2018,6,4,9.2,9,1,0,2.5
P0353,Mumbai,2315,3,2,5,1985,39,8,1.9,15,1,1,1.57
P0354,Chennai,1704,2,2,4,2023,1,4,7.5,6,1,0,1.75
P0355,Bangalore,1789,3,2,5,2016,8,3,7.2,7,1,0,1.5
P0356,Chennai,1198,3,2,5,2010,14,6,1.9,9,1,0,1.02
P0357,Delhi,1789,2,1,3,2001,23,1,9.3,14,0,0,1.08
P0358,Chennai,1627,3,2,5,2011,13,3,6.1,7,1,0,1.16
P0359,Bangalore,1994,1,1,2,2008,16,8,4.3,12,1,0,1.65
P0360,Mumbai,1304,1,1,2,2019,5,7,7.8,11,1,0,1.98
P0361,Delhi,2112,2,1,3,2023,1,9,3.3,7,1,0,2.35
P0362,Bangalore,2720,1,1,2,2010,14,8,7.2,14,0,0,2.37
P0363,Bangalore,1735,2,1,3,2022,2,7,1.4,11,1,1,1.47
P0364,Mumbai,2041,3,2,5,2007,17,2,8.6,10,1,1,1.41
P0365,Chennai,2214,4,2,6,2006,18,8,5.0,18,1,0,1.73
P0366,Bangalore,1559,3,3,6,1988,36,8,6.7,13,1,0,1.4
P0367,Bangalore,1934,3,2,5,1993,31,8,3.0,17,1,1,1.43
P0368,Delhi,1808,3,3,6,1988,36,6,7.1,12,1,0,1.37
P0369,Bangalore,1859,5,3,8,1991,33,4,8.0,3,1,0,1.32
P0370,Mumbai,1336,3,3,6,2007,17,8,5.3,16,1,0,1.59
P0371,Mumbai,1815,2,1,3,1986,38,7,6.6,18,1,0,1.45
P0372,Chennai,2099,3,2,5,2008,16,10,5.1,8,1,0,2.25
P0373,Delhi,2671,2,1,3,2015,9,4,9.0,22,1,1,2.47
P0374,Delhi,2376,3,2,5,2015,9,4,5.5,6,0,1,1.67
P0375,Mumbai,3092,3,2,5,2018,6,4,8.6,0,0,0,2.77
P0376,Delhi,1340,4,3,7,2008,16,8,8.2,6,1,0,1.56
P0377,Mumbai,2323,3,2,5,2010,14,4,4.7,6,1,0,1.6
P0378,Delhi,1910,4,3,7,2000,24,2,3.1,19,1,0,0.87
P0379,Bangalore,3114,5,3,8,1997,27,10,4.7,6,1,0,3.22
P0380,Delhi,1315,2,1,3,1999,25,2,8.4,7,1,0,0.99
P0381,Hyderabad,1296,3,2,5,2011,13,8,3.0,15,0,1,1.47
P0382,Delhi,1440,3,2,5,1988,36,5,5.7,2,0,0,0.82
P0383,Delhi,526,3,2,5,2000,24,8,8.3,12,1,1,1.12
P0384,Bangalore,1485,3,2,5,2014,10,6,4.2,9,1,0,1.33
P0385,Mumbai,1345,4,3,7,2014,10,9,6.8,17,0,0,1.61
P0386,Hyderabad,1890,4,3,7,2020,4,9,3.2,6,1,0,2.07
P0387,Bangalore,2005,3,2,5,1987,37,1,2.0,20,1,0,0.71
P0388,Mumbai,2926,3,2,5,2006,18,3,8.1,20,0,1,1.97
P0389,Chennai,2370,4,2,6,2006,18,4,1.9,4,0,0,1.25
P0390,Mumbai,1454,5,3,8,1996,28,7,3.4,22,0,0,0.89
P0391,Hyderabad,1261,4,3,7,2005,19,8,8.7,24,1,0,1.64
P0392,Hyderabad,2095,1,1,2,1988,36,6,4.1,23,1,0,1.16
P0393,Bangalore,1008,3,3,6,2015,9,7,9.8,21,1,0,1.7
P0394,Mumbai,2899,2,1,3,2015,9,4,9.8,6,1,0,3.02
P0395,Mumbai,2508,3,2,5,2007,17,8,3.4,24,1,1,1.91
P0396,Delhi,1518,2,2,4,2004,20,9,1.4,21,0,1,1.26
P0397,Mumbai,772,3,2,5,1999,25,4,7.3,16,0,0,0.78
P0398,Bangalore,2612,3,2,5,2007,17,6,5.1,3,1,0,1.66
P0399,Hyderabad,1731,2,1,3,2012,12,3,1.9,23,1,0,1.0
P0400,Delhi,2543,3,2,5,2000,24,6,7.4,22,1,0,1.94
P0401,Bangalore,843,3,3,6,2021,3,6,1.3,15,0,1,0.84
P0402,Chennai,1440,3,2,5,2005,19,3,8.8,18,1,1,1.13
P0403,Hyderabad,1803,2,2,4,1999,25,6,2.2,9,0,0,0.95
P0404,Mumbai,1828,3,2,5,2001,23,5,2.1,2,1,0,1.07
P0405,Delhi,1530,4,3,7,2021,3,6,2.6,2,1,1,1.47
P0406,Chennai,2174,2,1,3,1997,27,6,9.6,16,0,1,1.88
P0407,Chennai,1159,2,1,3,2003,21,1,7.2,9,1,0,0.77
P0408,Hyderabad,1715,3,2,5,2014,10,7,8.2,16,1,0,2.06
P0409,Chennai,1872,5,3,8,2002,22,7,4.6,21,0,0,1.2
P0410,Mumbai,2109,3,2,5,1998,26,5,4.0,16,1,1,1.44
P0411,Bangalore,2227,3,3,6,2020,4,2,3.1,20,1,0,1.56
P0412,Mumbai,1125,3,2,5,2020,4,7,5.3,3,1,1,1.37
P0413,Bangalore,880,3,2,5,2004,20,9,6.0,20,1,0,1.13
P0414,Bangalore,2567,1,1,2,2003,21,4,6.7,22,0,0,1.73
P0415,Bangalore,1999,3,2,5,1991,33,5,3.3,5,0,0,1.0
P0416,Hyderabad,1351,4,2,6,1988,36,4,9.5,11,0,1,0.92
P0417,Chennai,2731,3,2,5,2018,6,6,2.5,24,1,0,1.86
P0418,Delhi,1869,4,4,8,1986,38,4,9.7,21,1,1,1.32
P0419,Mumbai,2508,4,3,7,1989,35,5,1.1,24,1,0,1.23
P0420,Hyderabad,1841,2,1,3,1994,30,7,5.3,19,0,1,1.31
P0421,Mumbai,3036,4,3,7,2016,8,6,4.0,16,1,1,2.52
P0422,Mumbai,2853,2,1,3,1997,27,5,5.0,16,0,0,1.65
P0423,Mumbai,1651,3,2,5,2023,1,6,6.1,9,0,1,1.66
P0424,Bangalore,2383,2,2,4,1989,35,6,4.9,6,1,0,1.53
P0425,Mumbai,2187,1,1,2,1994,30,1,4.7,15,1,0,0.91
P0426,Hyderabad,2621,3,2,5,1994,30,3,7.6,12,1,0,1.51
P0427,Hyderabad,1221,3,2,5,2022,2,8,7.2,2,0,1,2.08
P0428,Hyderabad,2212,3,2,5,2011,13,3,8.5,1,1,1,1.58
P0429,Mumbai,2435,3,2,5,2005,19,7,3.2,15,0,0,1.59
P0430,Hyderabad,745,1,1,2,1992,32,9,6.5,5,1,1,1.12
P0431,Hyderabad,1090,2,1,3,1985,39,5,6.3,5,0,0,0.57
P0432,Hyderabad,576,3,2,5,2012,12,5,4.3,12,1,1,0.78
P0433,Chennai,1638,3,2,5,2023,1,6,5.4,6,1,0,1.66
P0434,Chennai,2231,4,2,6,1998,26,8,3.8,4,0,0,1.47
P0435,Mumbai,2701,3,2,5,2005,19,9,2.3,23,0,0,2.29
P0436,Hyderabad,1844,4,2,6,2014,10,7,2.9,6,1,0,1.49
P0437,Mumbai,2777,3,2,5,2005,19,3,1.9,1,0,0,1.28
P0438,Delhi,972,3,2,5,1993,31,7,7.1,16,0,0,0.91
P0439,Hyderabad,778,3,2,5,2001,23,5,6.9,12,1,0,0.86
P0440,Delhi,1767,3,2,5,1989,35,6,9.6,24,1,1,1.4
P0441,Mumbai,2030,3,2,5,2015,9,2,7.6,20,0,0,1.34
P0442,Hyderabad,1780,4,3,7,2022,2,4,1.5,20,1,1,1.18
P0443,Hyderabad,560,3,2,5,2003,21,8,9.0,15,1,0,1.07
P0444,Mumbai,1747,4,2,6,2020,4,6,8.8,19,0,0,1.78
P0445,Hyderabad,1017,4,3,7,2017,7,5,5.0,1,1,0,1.11
P0446,Delhi,2202,4,3,7,1997,27,5,6.3,4,1,1,1.6
P0447,Delhi,2020,4,4,8,1998,26,8,9.8,17,0,1,2.15
P0448,Delhi,1236,3,2,5,2017,7,7,5.8,6,1,0,1.37
P0449,Mumbai,1492,3,3,6,2013,11,5,9.1,10,0,0,1.46
P0450,Delhi,1164,3,3,6,2020,4,3,1.7,24,0,0,0.91
P0451,Mumbai,1762,3,3,6,1994,30,4,2.7,24,1,0,1.07
P0452,Hyderabad,2373,3,2,5,2015,9,9,5.0,10,1,1,2.38
P0453,Bangalore,1209,4,3,7,1990,34,6,6.3,21,1,0,0.91
P0454,Hyderabad,2102,3,2,5,1985,39,6,8.3,16,1,0,1.65
P0455,Chennai,1482,3,2,5,1991,33,6,9.9,15,0,1,1.29
P0456,Mumbai,1324,2,1,3,2011,13,5,4.5,12,1,1,1.22
P0457,Hyderabad,1736,3,2,5,2005,19,8,1.4,21,1,0,1.28
P0458,Hyderabad,1179,2,1,3,2012,12,6,8.2,4,1,0,1.4
P0459,Delhi,1468,4,3,7,2000,24,3,6.4,19,1,0,1.01
P0460,Mumbai,1081,3,2,5,2007,17,3,2.8,15,1,0,0.76
P0461,Chennai,2979,2,1,3,2004,20,6,5.5,21,1,0,2.18
P0462,Chennai,1821,1,1,2,2022,2,9,7.7,21,1,1,2.49
P0463,Hyderabad,1380,3,2,5,2009,15,5,7.9,15,1,1,1.4
P0464,Mumbai,1928,3,3,6,2012,12,8,5.5,15,1,0,1.9
P0465,Mumbai,1733,3,2,5,1989,35,7,3.7,13,1,0,1.08
P0466,Bangalore,1667,2,1,3,2005,19,4,9.8,5,0,0,1.47
P0467,Bangalore,2169,3,3,6,2002,22,2,7.0,1,1,0,1.25
P0468,Mumbai,2255,3,2,5,1990,34,3,4.7,13,1,0,1.3
P0469,Delhi,1482,3,3,6,2013,11,7,3.5,15,1,0,1.18
P0470,Bangalore,1455,3,2,5,2003,21,4,7.6,22,1,0,1.03
P0471,Chennai,1635,3,2,5,2017,7,5,3.2,19,1,0,1.29
P0472,Delhi,500,2,1,3,1985,39,6,2.5,12,0,0,0.53
P0473,Bangalore,891,5,4,9,1987,37,7,5.8,14,1,0,0.81
P0474,Chennai,2620,3,2,5,2005,19,3,3.6,11,0,0,1.37
P0475,Hyderabad,2787,3,2,5,2019,5,5,6.7,8,1,0,2.27
P0476,Mumbai,1651,2,1,3,1987,37,6,2.1,17,1,0,1.06
P0477,Delhi,2146,3,2,5,2009,15,6,6.9,20,1,0,1.87
P0478,Hyderabad,1987,1,1,2,2022,2,8,3.5,13,1,0,1.82
P0479,Delhi,3647,3,3,6,2004,20,4,1.0,19,1,1,2.06
P0480,Chennai,2472,5,3,8,2018,6,8,2.1,24,1,0,2.36
P0481,Bangalore,1723,3,2,5,2005,19,7,9.4,3,1,0,1.8
P0482,Delhi,1227,1,1,2,2007,17,6,8.8,7,1,0,1.51
P0483,Bangalore,836,1,1,2,1990,34,7,3.1,7,1,0,0.88
P0484,Bangalore,1922,3,2,5,1997,27,5,8.0,21,1,1,1.52
P0485,Bangalore,1346,2,2,4,2007,17,3,6.5,21,1,1,1.06
P0486,Mumbai,947,1,1,2,1993,31,7,9.7,15,0,0,1.08
P0487,Hyderabad,1412,4,3,7,2001,23,6,4.4,23,0,0,1.02
P0488,Delhi,1151,3,2,5,1986,38,7,7.1,9,1,0,1.18
P0489,Bangalore,2812,3,3,6,2003,21,5,1.6,24,1,0,1.45
P0490,Hyderabad,2329,4,2,6,2003,21,9,4.6,20,1,0,2.11
P0491,Delhi,1795,2,1,3,1991,33,6,9.7,16,0,0,1.39
P0492,Chennai,2688,5,4,9,2004,20,3,5.9,0,1,0,1.37
P0493,Hyderabad,1846,3,2,5,1993,31,6,3.6,17,0,0,0.95
P0494,Delhi,1283,4,2,6,2001,23,7,2.1,9,1,1,1.04
P0495,Delhi,2714,3,3,6,2011,13,8,7.3,20,1,0,3.07
P0496,Hyderabad,2123,4,2,6,1986,38,6,6.8,3,1,0,1.47
P0497,Mumbai,1178,5,4,9,2020,4,8,4.4,0,1,0,1.34
P0498,Mumbai,1686,3,2,5,2003,21,4,9.6,3,0,0,1.39
P0499,Hyderabad,1275,5,3,8,2001,23,5,1.2,3,1,1,0.9
P0500,Chennai,970,3,2,5,1989,35,8,3.7,3,1,0,0.93
P0501,Hyderabad,2356,3,2,5,2023,1,8,9.3,16,1,1,3.34
P0502,Mumbai,2946,3,2,5,2002,22,7,3.9,8,1,0,2.47
P0503,Mumbai,961,3,2,5,1991,33,8,3.3,18,1,1,1.11
P0504,Mumbai,2138,2,1,3,2001,23,3,5.8,12,1,1,1.22
P0505,Chennai,1410,3,2,5,2023,1,8,8.4,3,1,0,2.0
P0506,Bangalore,1508,3,3,6,2020,4,5,1.9,4,1,0,1.16
P0507,Delhi,1445,4,2,6,1988,36,4,9.5,12,0,1,0.98
P0508,Mumbai,1282,4,3,7,2022,2,4,8.2,22,1,0,1.41
P0509,Bangalore,1829,3,2,5,2009,15,5,2.6,15,1,0,1.24
P0510,Bangalore,1301,3,2,5,1989,35,4,7.4,21,1,0,0.82
P0511,Mumbai,1962,3,2,5,2014,10,5,4.5,4,0,0,1.49
P0512,Hyderabad,1770,2,1,3,1996,28,3,4.6,7,1,0,0.91
P0513,Mumbai,1657,2,1,3,1988,36,5,8.0,15,1,0,1.29
P0514,Chennai,1255,3,2,5,2008,16,6,9.7,0,0,0,1.24
P0515,Hyderabad,1454,3,2,5,2013,11,6,2.1,22,1,0,1.08
P0516,Bangalore,2253,5,4,9,1993,31,5,4.8,5,0,1,1.19
P0517,Mumbai,2101,3,3,6,1988,36,7,5.3,10,1,0,1.41
P0518,Delhi,1213,3,2,5,2008,16,8,4.4,15,1,1,1.32
P0519,Hyderabad,1860,3,2,5,1998,26,7,4.3,4,0,1,1.35
P0520,Delhi,2251,2,2,4,1989,35,5,1.5,15,0,1,1.13
P0521,Chennai,798,3,3,6,2002,22,7,7.2,6,1,1,1.17
P0522,Hyderabad,2126,3,2,5,2003,21,4,4.9,18,0,1,1.24
P0523,Hyderabad,1402,3,2,5,1996,28,3,2.8,0,1,1,0.82
P0524,Bangalore,2142,3,2,5,2002,22,5,8.3,8,0,0,1.53
P0525,Chennai,1342,5,4,9,2001,23,8,8.2,17,1,0,1.49
P0526,Hyderabad,717,4,3,7,2014,10,4,5.4,12,1,1,0.9
P0527,Delhi,823,3,2,5,2008,16,2,3.7,14,0,0,0.65
P0528,Delhi,1829,3,2,5,1995,29,3,6.7,2,0,1,0.85
P0529,Mumbai,1956,3,2,5,2019,5,8,3.6,23,1,1,1.8
P0530,Mumbai,1257,2,2,4,2007,17,7,3.1,9,1,0,1.29
P0531,Hyderabad,2183,3,2,5,2001,23,4,7.6,8,1,1,1.55
P0532,Bangalore,803,1,1,2,1985,39,6,1.4,12,1,0,0.67
P0533,Hyderabad,1760,3,2,5,1999,25,6,1.9,15,1,0,1.03
P0534,Chennai,1073,3,2,5,2016,8,7,1.1,2,1,0,1.18
P0535,Chennai,1409,2,2,4,1993,31,4,2.4,21,1,0,0.75
P0536,Bangalore,1828,5,4,9,1999,25,8,1.6,22,0,0,1.23
P0537,Mumbai,1284,4,2,6,2012,12,5,10.0,14,1,0,1.48
P0538,Hyderabad,1569,4,3,7,2008,16,7,3.6,16,1,0,1.22
P0539,Delhi,2404,3,2,5,2019,5,1,2.3,13,1,1,1.16
P0540,Bangalore,1454,4,3,7,2006,18,5,3.2,6,1,0,1.11
P0541,Mumbai,2301,2,1,3,2011,13,5,9.4,19,1,0,2.28
P0542,Hyderabad,1122,4,3,7,2003,21,6,5.7,15,1,0,1.07
P0543,Hyderabad,2118,2,1,3,1996,28,3,4.3,20,0,1,0.94
P0544,Bangalore,2665,4,3,7,2004,20,8,8.9,7,0,1,3.01
P0545,Bangalore,500,3,2,5,1985,39,4,4.6,3,0,0,0.5
P0546,Chennai,1322,4,3,7,2005,19,7,4.0,19,0,0,1.11
P0547,Delhi,2146,5,3,8,1985,39,8,2.9,23,0,1,1.3
P0548,Mumbai,1678,2,1,3,1994,30,6,4.4,14,0,0,0.98
P0549,Chennai,2023,3,2,5,2016,8,7,3.9,4,1,0,1.89
P0550,Mumbai,1438,5,4,9,2023,1,7,7.1,12,1,0,1.96
P0551,Delhi,1852,3,2,5,2006,18,5,3.6,5,1,0,1.24
P0552,Bangalore,1707,4,3,7,2002,22,8,6.2,4,1,1,1.79
P0553,Delhi,2501,3,2,5,2016,8,5,1.6,16,1,0,1.78
P0554,Mumbai,1953,3,3,6,2011,13,6,2.7,6,1,0,1.57
P0555,Delhi,2003,3,2,5,2012,12,7,4.7,5,0,0,1.41
P0556,Delhi,1553,2,1,3,2002,22,5,9.4,1,1,1,1.34
P0557,Bangalore,1507,4,3,7,2023,1,5,4.4,10,1,1,1.57
P0558,Chennai,1540,3,2,5,2013,11,6,7.0,6,0,1,1.36
P0559,Hyderabad,2037,3,2,5,2002,22,8,3.3,21,1,0,1.45
P0560,Mumbai,1547,3,2,5,1992,32,9,2.1,20,1,0,1.28
P0561,Hyderabad,1974,3,2,5,2015,9,6,1.5,7,1,1,1.36
P0562,Delhi,3045,4,3,7,2018,6,7,3.7,4,0,0,2.41
P0563,Bangalore,2323,5,4,9,1991,33,9,2.4,17,1,1,1.86
P0564,Bangalore,1604,3,2,5,2020,4,3,2.6,21,1,0,0.96
P0565,Bangalore,2521,4,3,7,2002,22,4,7.8,15,1,0,1.59
P0566,Chennai,1555,4,3,7,2022,2,7,1.1,13,1,0,1.19
P0567,Delhi,577,3,2,5,1993,31,8,6.0,11,1,1,0.92
P0568,Delhi,1195,5,3,8,1993,31,8,4.4,16,0,1,1.06
P0569,Hyderabad,678,2,1,3,1992,32,5,5.6,4,0,0,0.62
P0570,Mumbai,1589,2,1,3,2019,5,3,6.1,13,0,0,1.35
P0571,Mumbai,1811,4,3,7,2002,22,6,3.8,5,0,1,1.33
P0572,Mumbai,2806,3,2,5,1989,35,4,3.7,14,1,0,1.44
P0573,Mumbai,1996,4,3,7,1998,26,5,7.6,6,0,1,1.62
P0574,Bangalore,1669,4,2,6,2012,12,7,8.8,13,1,0,1.71
P0575,Bangalore,2298,2,1,3,2014,10,3,2.7,17,0,0,1.3
P0576,Delhi,500,4,3,7,1988,36,8,1.9,0,1,0,0.68
P0577,Mumbai,1941,3,2,5,2023,1,6,9.1,5,1,0,2.27
P0578,Chennai,2263,3,2,5,2004,20,6,4.1,2,1,0,1.63
P0579,Chennai,913,3,2,5,2009,15,3,6.0,4,1,0,0.8
P0580,Hyderabad,2486,5,3,8,2012,12,5,4.2,11,1,0,1.77
P0581,Hyderabad,2003,1,1,2,1996,28,3,2.1,10,0,0,0.82
P0582,Hyderabad,1551,3,3,6,1986,38,9,6.3,12,1,0,1.38
P0583,Chennai,2180,3,2,5,1998,26,8,5.7,15,1,1,1.81
P0584,Bangalore,3162,4,2,6,2006,18,6,2.8,17,0,0,2.14
P0585,Mumbai,1909,3,2,5,2015,9,4,5.1,16,1,0,1.25
P0586,Bangalore,1949,2,1,3,2007,17,9,8.2,16,0,0,2.17
P0587,Mumbai,1524,3,2,5,2004,20,5,6.3,10,1,0,1.1
P0588,Hyderabad,1290,3,2,5,2022,2,4,1.9,19,0,1,0.91
P0589,Bangalore,2298,4,3,7,1988,36,6,5.9,9,1,0,1.53
P0590,Chennai,1286,3,2,5,1999,25,9,7.3,15,1,1,1.33
P0591,Mumbai,1843,2,1,3,2008,16,1,8.1,1,1,0,1.22
P0592,Bangalore,1513,5,3,8,2009,15,4,6.7,16,1,0,1.09
P0593,Delhi,2087,1,1,2,1985,39,9,2.4,21,0,0,1.17
P0594,Delhi,2000,5,3,8,1991,33,4,7.4,19,1,1,1.22
P0595,Delhi,2423,3,2,5,2015,9,3,7.1,9,1,1,1.71
P0596,Mumbai,1494,4,2,6,1996,28,6,1.2,12,1,0,0.84
P0597,Delhi,1638,3,2,5,1989,35,8,4.7,11,0,1,1.44
P0598,Bangalore,1213,1,1,2,2022,2,6,4.0,14,1,0,1.28
P0599,Hyderabad,1533,4,2,6,1996,28,10,7.0,6,0,1,1.47
P0600,Delhi,2026,4,4,8,2023,1,7,2.9,21,1,0,1.8
P0601,Delhi,2254,4,4,8,2002,22,3,6.3,20,1,0,1.38
P0602,Hyderabad,1247,2,2,4,1986,38,10,9.2,12,1,0,1.45
P0603,Bangalore,2322,4,3,7,1994,30,5,8.2,11,0,1,1.43
P0604,Bangalore,2613,4,3,7,1999,25,5,9.3,11,0,1,1.85
P0605,Bangalore,2048,3,3,6,2014,10,6,9.8,1,1,1,2.57
P0606,Chennai,2926,4,2,6,2001,23,5,1.1,4,1,1,1.47
P0607,Delhi,1336,4,3,7,1988,36,3,6.6,24,0,0,0.63
P0608,Delhi,1053,3,2,5,1991,33,1,4.7,24,1,1,0.6
P0609,Chennai,733,2,1,3,2015,9,6,8.7,1,1,1,1.1
P0610,Mumbai,2698,3,2,5,2023,1,8,3.3,22,1,0,2.6
P0611,Hyderabad,2193,2,1,3,2018,6,6,9.8,19,1,0,2.17
P0612,Delhi,1767,3,2,5,1990,34,10,6.5,12,1,0,1.57
P0613,Bangalore,1968,3,3,6,2022,2,5,8.1,2,1,1,2.12
P0614,Chennai,1125,2,1,3,2018,6,5,1.8,10,1,1,1.04
P0615,Delhi,3267,3,3,6,1999,25,4,2.7,15,0,1,1.62
P0616,Hyderabad,1878,2,2,4,1998,26,4,7.8,0,1,1,1.35
P0617,Hyderabad,1866,4,3,7,1990,34,5,1.2,18,0,1,0.81
P0618,Bangalore,2235,5,4,9,2021,3,8,8.4,10,1,1,3.09
P0619,Hyderabad,2089,2,2,4,2016,8,9,1.1,8,0,1,1.58
P0620,Mumbai,1934,5,3,8,1987,37,10,6.9,13,1,0,1.91
P0621,Hyderabad,1326,3,2,5,1987,37,4,4.3,8,0,0,0.7
P0622,Delhi,2083,3,2,5,2006,18,8,6.5,6,1,0,2.45
P0623,Delhi,2929,2,2,4,2006,18,5,7.3,15,0,1,1.95
P0624,Mumbai,2607,3,3,6,1994,30,3,4.1,2,1,0,1.65
P0625,Delhi,2756,4,2,6,1987,37,8,2.0,18,1,0,1.8
P0626,Mumbai,1493,4,2,6,1996,28,7,1.6,3,0,0,1.11
P0627,Hyderabad,1206,2,2,4,2013,11,4,6.3,6,1,0,1.17
P0628,Hyderabad,1725,2,1,3,2001,23,6,5.7,22,1,0,1.22
P0629,Mumbai,1833,3,3,6,1991,33,5,7.7,11,0,0,1.26
P0630,Mumbai,2457,3,2,5,1997,27,7,5.6,17,1,0,1.83
P0631,Hyderabad,785,2,1,3,1986,38,6,4.8,4,1,0,0.72
P0632,Delhi,2718,3,3,6,1988,36,10,4.6,22,0,0,1.86
P0633,Mumbai,1705,4,3,7,1994,30,2,1.2,22,1,0,0.7
P0634,Bangalore,1544,5,4,9,2023,1,5,4.0,21,0,0,1.34
P0635,Delhi,1193,3,2,5,2008,16,6,9.8,9,1,0,1.52
P0636,Mumbai,807,4,3,7,2001,23,6,8.9,11,0,0,1.12
P0637,Chennai,2294,3,2,5,1990,34,5,4.0,7,1,0,1.09
P0638,Bangalore,1844,3,2,5,2003,21,7,6.3,18,0,1,1.34
P0639,Mumbai,1026,2,2,4,1989,35,8,8.6,14,1,0,1.36
P0640,Hyderabad,1023,3,2,5,2016,8,9,5.0,0,1,0,1.59
P0641,Bangalore,1599,5,3,8,1994,30,8,1.2,2,1,0,1.12
P0642,Delhi,2801,3,2,5,1993,31,8,1.7,17,1,0,1.89
P0643,Mumbai,1644,3,2,5,2011,13,6,5.6,17,0,0,1.47
P0644,Mumbai,898,3,2,5,1997,27,8,9.7,1,0,0,1.26
P0645,Delhi,1653,2,2,4,2003,21,5,7.2,4,1,0,1.4
P0646,Mumbai,1636,4,2,6,2005,19,5,1.6,0,0,0,1.03
P0647,Delhi,500,3,2,5,2008,16,5,2.7,9,1,0,0.71
P0648,Mumbai,1767,3,2,5,2022,2,6,7.9,19,1,1,2.11
P0649,Bangalore,1661,3,2,5,1988,36,5,8.6,9,1,0,1.24
P0650,Chennai,2218,3,2,5,2008,16,9,6.6,4,1,1,2.93
P0651,Bangalore,2909,2,1,3,2019,5,5,6.8,17,1,0,2.45
P0652,Chennai,2476,3,2,5,1987,37,3,1.3,20,0,0,0.82
P0653,Hyderabad,1639,2,2,4,1988,36,6,8.5,14,1,0,1.09
P0654,Bangalore,1136,4,2,6,2021,3,2,8.1,19,0,1,1.1
P0655,Delhi,3344,4,3,7,2019,5,3,3.3,7,1,0,2.15
P0656,Delhi,1836,4,3,7,2015,9,4,7.4,16,0,0,1.26
P0657,Hyderabad,1808,3,2,5,2009,15,6,2.9,11,1,0,1.3
P0658,Mumbai,1786,3,3,6,1997,27,6,1.4,20,1,0,1.24
P0659,Delhi,1919,2,1,3,1988,36,8,2.8,11,1,1,1.32
P0660,Bangalore,1713,4,3,7,1998,26,7,2.6,0,0,0,1.06
P0661,Chennai,1456,3,2,5,1997,27,6,4.0,3,1,0,1.15
P0662,Chennai,1472,3,2,5,2011,13,5,4.8,7,0,0,1.06
P0663,Delhi,1780,3,2,5,1990,34,5,5.6,0,1,0,1.01
P0664,Mumbai,1474,2,1,3,2001,23,7,5.3,14,0,0,1.29
P0665,Hyderabad,1372,3,2,5,2020,4,2,3.4,17,1,0,1.02
P0666,Mumbai,1864,2,1,3,2019,5,1,1.3,0,1,0,0.97
P0667,Mumbai,1647,4,3,7,2001,23,8,6.4,10,1,1,1.77
P0668,Bangalore,2702,3,2,5,1986,38,6,4.6,22,1,0,1.42
P0669,Chennai,500,1,1,2,1997,27,3,3.7,1,1,1,0.54
P0670,Chennai,2455,3,2,5,1986,38,4,8.8,0,0,0,1.28
P0671,Hyderabad,2548,1,1,2,2012,12,9,7.7,11,0,0,2.68
P0672,Mumbai,556,3,2,5,2010,14,8,8.7,15,0,0,1.15
P0673,Delhi,1594,4,3,7,2006,18,7,5.5,21,1,1,1.51
P0674,Delhi,1577,2,1,3,1987,37,6,2.2,21,1,0,0.9
P0675,Hyderabad,955,4,3,7,2019,5,6,7.3,9,1,0,1.2
P0676,Bangalore,1333,1,1,2,1996,28,10,2.9,17,1,0,1.27
P0677,Mumbai,1134,2,1,3,2008,16,9,5.0,14,0,1,1.56
P0678,Chennai,2851,4,2,6,1989,35,4,1.6,16,1,0,1.17
P0679,Delhi,2361,3,2,5,2004,20,8,8.4,9,0,0,2.05
P0680,Bangalore,2563,2,1,3,2023,1,4,2.1,2,1,0,2.06
P0681,Hyderabad,2233,3,3,6,2023,1,4,9.1,20,0,1,2.08
P0682,Delhi,1123,3,2,5,1997,27,7,8.8,15,1,1,1.29
P0683,Mumbai,1485,4,2,6,1996,28,5,5.2,5,0,0,1.03
P0684,Delhi,2094,3,2,5,1997,27,9,7.7,2,1,0,2.15
P0685,Delhi,1067,4,2,6,1994,30,3,6.6,8,0,1,0.73
P0686,Mumbai,2228,4,3,7,2017,7,6,8.2,10,0,1,2.25
P0687,Chennai,1656,3,2,5,2000,24,9,4.9,20,1,0,1.5
P0688,Mumbai,1575,4,3,7,2019,5,9,8.1,12,1,1,2.7
P0689,Hyderabad,2227,3,2,5,1987,37,4,5.2,17,1,0,1.2
P0690,Mumbai,2067,5,4,9,1989,35,5,9.5,21,1,0,1.31
P0691,Delhi,1583,2,2,4,2010,14,7,5.4,23,1,1,1.89
P0692,Delhi,2496,3,3,6,1995,29,4,5.2,21,1,0,1.4
P0693,Chennai,1151,3,2,5,1991,33,9,8.1,3,1,1,1.61
P0694,Delhi,2170,3,2,5,1994,30,9,8.4,21,0,0,2.08
P0695,Chennai,2156,3,2,5,2018,6,4,6.0,23,1,0,1.68
P0696,Chennai,1614,4,2,6,1987,37,3,2.6,7,1,1,0.75
P0697,Hyderabad,1996,1,1,2,1992,32,3,5.2,12,0,0,1.14
P0698,Chennai,1049,2,2,4,2015,9,9,9.7,9,0,0,1.62
P0699,Mumbai,2354,4,3,7,1995,29,4,7.8,1,1,1,1.6
P0700,Chennai,1689,3,2,5,1991,33,5,8.3,7,1,0,1.14
P0701,Hyderabad,1486,5,4,9,1986,38,6,1.3,5,1,0,0.8
P0702,Hyderabad,2429,4,3,7,1990,34,6,5.2,15,0,1,1.44
P0703,Mumbai,1377,5,4,9,2016,8,3,6.8,17,0,0,1.19
P0704,Bangalore,955,4,3,7,2004,20,4,8.5,16,1,1,1.13
P0705,Mumbai,866,3,2,5,2018,6,9,1.4,5,0,1,1.27
P0706,Delhi,2164,2,1,3,2000,24,9,8.7,12,1,0,2.32
P0707,Chennai,1032,4,2,6,2009,15,8,5.9,22,1,0,1.36
P0708,Hyderabad,2853,3,2,5,1996,28,1,2.8,13,0,1,1.16
P0709,Bangalore,551,1,1,2,1991,33,5,3.9,20,1,0,0.63
P0710,Hyderabad,2818,3,2,5,2023,1,7,3.5,9,1,0,2.64
P0711,Mumbai,1927,5,3,8,2001,23,5,5.8,23,1,0,1.5
P0712,Mumbai,1742,3,2,5,1995,29,9,1.5,10,0,0,1.24
P0713,Bangalore,1473,3,2,5,1990,34,7,2.4,12,1,0,1.0
P0714,Delhi,2039,3,2,5,2007,17,3,8.3,11,0,1,1.59
P0715,Hyderabad,1777,2,1,3,2011,13,9,2.2,8,1,1,1.75
P0716,Delhi,2462,3,2,5,1990,34,9,3.1,3,1,0,1.7
P0717,Delhi,1869,3,2,5,2022,2,3,5.1,6,1,0,1.27
P0718,Bangalore,1890,2,1,3,1986,38,6,5.7,23,1,0,1.21
P0719,Delhi,1582,4,2,6,2006,18,5,7.9,21,0,0,1.24
P0720,Hyderabad,1766,3,2,5,2004,20,5,5.0,1,1,1,1.4
P0721,Delhi,1985,4,3,7,2009,15,4,8.1,6,1,1,1.92
P0722,Delhi,774,4,3,7,1999,25,6,6.6,8,1,1,0.93
P0723,Chennai,991,2,2,4,2013,11,9,2.0,4,1,0,1.11
P0724,Delhi,2246,3,2,5,1992,32,6,2.4,14,0,0,1.15
P0725,Chennai,1903,3,2,5,2021,3,3,4.9,17,1,0,1.26
P0726,Mumbai,1690,4,2,6,2017,7,7,4.6,3,1,0,1.69
P0727,Mumbai,1811,2,1,3,2006,18,5,7.7,18,0,0,1.36
P0728,Hyderabad,2009,3,2,5,1989,35,8,6.2,19,0,1,1.37
P0729,Chennai,1476,3,2,5,2023,1,6,4.5,6,0,1,1.49
P0730,Delhi,1333,3,2,5,2002,22,4,2.5,7,1,1,0.91
P0731,Bangalore,1918,2,1,3,2022,2,4,3.0,16,1,1,1.71
P0732,Hyderabad,1213,3,2,5,2021,3,7,6.2,12,1,0,1.56
P0733,Mumbai,2045,4,3,7,2014,10,4,4.8,23,0,0,1.52
P0734,Mumbai,778,3,2,5,2015,9,7,5.6,20,0,0,1.04
P0735,Bangalore,2417,3,2,5,1994,30,4,2.5,22,1,0,1.12
P0736,Mumbai,2084,3,3,6,1999,25,5,7.0,10,1,0,1.86
P0737,Mumbai,1954,4,3,7,2002,22,6,8.7,0,1,1,1.82
P0738,Hyderabad,2390,2,1,3,2007,17,9,3.3,1,1,0,1.93
P0739,Mumbai,2799,4,3,7,2017,7,9,5.4,16,0,0,2.69
P0740,Chennai,2409,3,3,6,2000,24,4,9.8,4,1,0,2.07
P0741,Bangalore,695,3,2,5,2022,2,5,4.0,5,1,0,0.95
P0742,Bangalore,1032,2,2,4,2019,5,3,6.4,24,0,0,0.96
P0743,Chennai,1425,2,1,3,2018,6,6,1.8,23,1,0,1.18
P0744,Delhi,1816,3,2,5,2012,12,6,6.5,6,0,0,1.43
P0745,Mumbai,2111,3,2,5,1986,38,9,1.8,20,1,1,1.48
P0746,Mumbai,1365,4,3,7,2014,10,9,9.6,14,1,0,2.34
P0747,Chennai,1912,1,1,2,1997,27,5,7.4,18,1,0,1.22
P0748,Mumbai,1347,3,2,5,2000,24,6,8.1,15,0,0,1.28
P0749,Mumbai,1433,3,2,5,1989,35,8,7.3,24,1,1,1.63
P0750,Hyderabad,956,1,1,2,2012,12,8,6.3,12,1,0,1.37
P0751,Hyderabad,1246,2,1,3,2023,1,1,5.0,4,0,1,0.98
P0752,Delhi,989,3,2,5,2004,20,5,8.7,2,1,1,1.07
P0753,Mumbai,1214,3,2,5,2008,16,6,9.6,2,1,1,1.38
P0754,Chennai,2432,3,2,5,2011,13,4,5.5,18,1,0,1.68
P0755,Chennai,1230,3,2,5,2014,10,4,9.4,13,1,0,1.22
P0756,Mumbai,3379,3,3,6,2011,13,2,6.2,15,0,0,2.21
P0757,Mumbai,2096,1,1,2,2010,14,7,5.8,21,0,0,1.74
P0758,Chennai,1911,3,2,5,1991,33,4,5.1,16,0,0,0.94
P0759,Hyderabad,1285,5,4,9,2022,2,2,2.9,3,0,1,0.87
P0760,Chennai,2220,3,2,5,1989,35,4,1.0,12,1,1,0.99
P0761,Mumbai,1455,3,2,5,2007,17,8,3.2,7,0,0,1.21
P0762,Delhi,1873,3,2,5,2012,12,8,5.6,18,1,0,1.72
P0763,Bangalore,3336,4,3,7,2018,6,6,4.4,4,1,1,3.08
P0764,Mumbai,1742,4,3,7,1999,25,5,5.0,1,1,0,1.38
P0765,Mumbai,2490,3,3,6,2016,8,10,9.8,14,1,0,3.67
P0766,Delhi,1378,5,3,8,2010,14,4,4.2,1,0,0,0.9
P0767,Bangalore,1779,2,1,3,2015,9,4,5.1,10,1,1,1.45
P0768,Bangalore,2862,1,1,2,2003,21,5,2.2,12,1,0,1.53
P0769,Chennai,1424,4,2,6,1993,31,4,1.4,22,1,1,0.83
P0770,Chennai,2887,4,3,7,2013,11,5,8.0,9,1,0,2.28
P0771,Hyderabad,2225,2,1,3,2023,1,9,6.1,2,1,0,2.66
P0772,Chennai,1463,3,2,5,1988,36,7,7.8,4,0,0,1.34
P0773,Delhi,2179,1,1,2,1987,37,5,2.3,2,1,0,0.98
P0774,Delhi,2384,3,2,5,2013,11,9,6.1,5,0,0,2.7
P0775,Bangalore,2173,4,2,6,1995,29,2,3.3,12,1,0,0.97
P0776,Mumbai,858,3,2,5,2017,7,4,3.1,9,1,1,0.97
P0777,Hyderabad,1364,3,2,5,2022,2,6,1.1,18,1,0,1.09
P0778,Mumbai,1651,3,2,5,1995,29,7,2.2,7,0,1,1.18
P0779,Delhi,1755,1,1,2,2011,13,2,3.8,17,1,1,1.06
P0780,Bangalore,2172,3,2,5,2017,7,5,2.1,2,0,1,1.32
P0781,Bangalore,1907,3,2,5,2005,19,7,9.9,23,0,1,2.19
P0782,Bangalore,999,5,3,8,2023,1,7,3.8,23,0,0,1.13
P0783,Bangalore,2028,4,3,7,2015,9,7,2.2,16,0,0,1.28
P0784,Mumbai,2166,1,1,2,2022,2,5,2.8,7,0,1,1.61
P0785,Mumbai,2136,4,2,6,1986,38,3,6.3,9,1,1,1.27
P0786,Hyderabad,2448,4,3,7,2011,13,6,1.6,1,0,1,1.64
P0787,Delhi,2300,4,3,7,2020,4,3,8.8,11,1,0,1.87
P0788,Delhi,2076,3,2,5,1995,29,9,9.7,22,0,0,1.89
P0789,Delhi,1758,3,2,5,2002,22,6,3.2,5,1,0,1.1
P0790,Mumbai,803,3,2,5,1985,39,5,5.1,1,1,1,0.76
P0791,Bangalore,2058,2,1,3,2019,5,7,1.2,20,1,0,1.67
P0792,Bangalore,1925,2,2,4,2019,5,6,6.8,22,1,0,2.02
P0793,Chennai,1963,2,1,3,2015,9,5,4.7,23,1,0,1.47
P0794,Chennai,1034,3,2,5,2012,12,8,3.4,2,1,0,1.16
P0795,Mumbai,1151,4,3,7,2023,1,8,2.9,16,0,0,1.31
P0796,Delhi,2432,3,2,5,1985,39,7,6.9,6,1,1,1.84
P0797,Mumbai,1776,2,1,3,2009,15,2,4.7,20,1,1,1.14
P0798,Mumbai,2209,5,4,9,2022,2,6,2.6,4,0,0,1.83
P0799,Delhi,1817,5,3,8,2004,20,7,7.2,22,1,0,1.75
P0800,Delhi,1818,4,3,7,1987,37,3,6.1,0,1,1,1.02
P0801,Chennai,2363,5,3,8,1986,38,4,8.7,7,0,0,1.26
P0802,Chennai,1490,3,2,5,2002,22,8,2.1,11,0,1,1.05
P0803,Hyderabad,1858,5,4,9,1994,30,2,8.1,13,1,0,1.05
P0804,Chennai,1523,2,1,3,1989,35,7,7.1,15,1,0,1.15
P0805,Mumbai,1539,3,2,5,1993,31,6,2.0,9,1,0,1.01
P0806,Delhi,1614,2,1,3,1986,38,6,7.3,14,1,1,1.23
P0807,Delhi,1933,2,2,4,2018,6,1,5.0,20,1,0,1.34
P0808,Delhi,1513,2,1,3,2022,2,8,9.5,23,0,0,1.86
P0809,Mumbai,2553,3,2,5,2015,9,5,2.3,14,0,0,1.27
P0810,Mumbai,1263,4,3,7,1994,30,6,6.8,9,0,0,1.05
P0811,Bangalore,1688,3,2,5,1996,28,7,4.4,20,1,0,1.2
P0812,Chennai,1536,2,1,3,2020,4,7,9.6,6,0,0,1.83
P0813,Chennai,2668,4,3,7,2005,19,9,4.0,2,1,0,2.11
P0814,Delhi,1918,3,3,6,1990,34,6,9.7,1,1,0,1.83
P0815,Bangalore,2419,3,2,5,1987,37,5,9.1,5,1,0,1.59
P0816,Bangalore,909,3,2,5,1994,30,9,3.4,20,1,0,0.96
P0817,Chennai,1960,3,2,5,1989,35,7,8.2,8,0,0,1.6
P0818,Mumbai,2334,3,2,5,2010,14,5,10.0,9,1,0,2.44
P0819,Chennai,1849,4,2,6,2005,19,3,3.3,3,1,0,1.12
P0820,Bangalore,2439,3,2,5,2010,14,8,4.9,2,1,0,2.22
P0821,Mumbai,1490,3,3,6,2022,2,5,5.7,8,0,0,1.37
P0822,Mumbai,2646,4,3,7,2010,14,7,3.7,23,1,0,2.11
P0823,Mumbai,3179,4,3,7,1992,32,6,1.1,21,1,0,1.69
P0824,Bangalore,1582,2,1,3,1989,35,4,3.0,16,1,0,0.85
P0825,Chennai,1533,2,1,3,1999,25,7,3.5,13,1,0,1.11
P0826,Delhi,2672,1,1,2,2000,24,2,5.0,9,1,1,1.74
P0827,Delhi,2748,3,2,5,1985,39,5,2.5,12,1,1,1.51
P0828,Hyderabad,1486,3,2,5,2000,24,6,8.9,11,1,0,1.62
P0829,Mumbai,1548,2,2,4,2021,3,6,7.3,0,1,0,1.5
P0830,Mumbai,1631,5,3,8,1987,37,7,1.8,21,0,1,1.14
P0831,Delhi,993,3,2,5,2015,9,8,6.9,18,0,1,1.19
P0832,Chennai,1249,2,1,3,1997,27,7,6.9,18,1,0,1.07
P0833,Bangalore,1198,3,2,5,2000,24,2,9.6,5,1,0,0.83
P0834,Delhi,1339,3,3,6,2005,19,4,1.0,12,1,0,0.84
P0835,Hyderabad,1779,2,2,4,1986,38,6,3.2,18,1,0,0.99
P0836,Chennai,1941,3,3,6,2011,13,9,9.4,12,0,0,2.37
P0837,Mumbai,2730,4,2,6,2022,2,8,9.4,21,0,0,3.42
P0838,Chennai,1201,3,2,5,2010,14,8,7.5,20,1,1,1.77
P0839,Mumbai,2391,3,2,5,2022,2,5,7.9,3,1,0,2.25
P0840,Bangalore,1672,3,2,5,2009,15,6,1.8,23,1,0,1.32
P0841,Mumbai,1770,1,1,2,1995,29,6,5.6,1,1,0,1.32
P0842,Chennai,2205,2,1,3,1992,32,4,3.1,14,1,0,1.28
P0843,Delhi,1126,3,2,5,1992,32,2,2.6,11,1,0,0.64
P0844,Hyderabad,2029,2,1,3,2017,7,9,8.3,6,0,0,2.31
P0845,Delhi,1900,1,1,2,1991,33,4,2.2,19,1,0,0.92
P0846,Bangalore,2095,4,3,7,2022,2,4,5.2,17,1,0,1.54
P0847,Delhi,1974,5,3,8,2005,19,3,9.4,22,0,1,1.47
P0848,Hyderabad,3273,4,2,6,1992,32,9,2.7,12,1,0,2.35
P0849,Chennai,1417,4,3,7,2005,19,6,9.8,16,1,0,1.57
P0850,Mumbai,1481,2,1,3,2004,20,7,9.9,3,1,0,1.58
P0851,Hyderabad,1426,5,4,9,1992,32,9,6.0,24,1,0,1.32
P0852,Delhi,1467,2,1,3,2015,9,5,2.5,13,0,0,0.94
P0853,Bangalore,1418,5,3,8,2013,11,7,3.8,19,0,0,1.12
P0854,Chennai,2513,5,4,9,1993,31,2,4.8,12,0,0,1.07
P0855,Mumbai,2652,4,3,7,1999,25,4,3.8,2,0,0,1.52
P0856,Hyderabad,1458,5,3,8,2014,10,8,3.5,17,1,1,1.28
P0857,Delhi,1301,3,2,5,2010,14,7,9.8,13,0,0,1.78
P0858,Mumbai,2083,3,3,6,1994,30,5,2.4,14,0,0,1.18
P0859,Hyderabad,1469,3,2,5,2013,11,5,7.6,2,1,0,1.25
P0860,Chennai,2180,3,2,5,2000,24,6,1.0,0,1,1,1.39
P0861,Mumbai,1922,2,1,3,2020,4,1,6.4,23,1,0,1.27
P0862,Mumbai,891,3,2,5,2004,20,4,9.2,16,1,0,1.05
P0863,Chennai,2729,5,3,8,2021,3,4,3.6,2,1,1,2.12
P0864,Mumbai,2878,2,1,3,2006,18,4,2.7,13,0,0,1.63
P0865,Hyderabad,1432,4,2,6,1991,33,8,6.9,2,0,0,1.12
P0866,Chennai,1567,4,4,8,2007,17,5,7.4,12,1,0,1.26
P0867,Delhi,1972,5,4,9,2013,11,4,7.2,14,1,1,1.62
P0868,Delhi,2001,5,4,9,2000,24,6,3.9,17,0,1,1.44
P0869,Bangalore,2195,3,2,5,2022,2,8,3.3,13,0,1,1.8
P0870,Delhi,3006,5,3,8,2012,12,4,9.6,20,1,1,2.81
P0871,Chennai,1694,4,3,7,2022,2,3,9.3,2,0,1,1.7
P0872,Hyderabad,1321,2,2,4,2015,9,5,5.1,18,0,0,1.14
P0873,Bangalore,972,3,2,5,1998,26,7,8.6,7,0,1,1.26
P0874,Delhi,1361,4,3,7,2017,7,6,5.1,3,1,0,1.36
P0875,Mumbai,1780,2,1,3,1993,31,8,4.8,3,1,0,1.33
P0876,Bangalore,2877,3,3,6,2011,13,9,2.4,18,0,0,2.36
P0877,Chennai,1489,3,2,5,2008,16,8,4.8,10,1,0,1.37
P0878,Chennai,1934,2,2,4,1997,27,7,5.8,0,0,1,1.69
P0879,Mumbai,1790,3,3,6,2010,14,6,1.2,7,1,0,1.26
P0880,Hyderabad,2513,4,2,6,2013,11,2,5.0,14,1,0,1.54
P0881,Delhi,3316,3,2,5,2012,12,10,8.0,0,1,0,5.19
P0882,Chennai,1481,1,1,2,2012,12,5,7.1,6,1,1,1.3
P0883,Chennai,1506,1,1,2,1992,32,4,6.7,20,0,0,0.72
P0884,Bangalore,2426,3,2,5,2007,17,7,9.2,19,1,0,2.57
P0885,Delhi,2209,5,4,9,2013,11,5,1.2,19,0,0,1.34
P0886,Bangalore,2908,2,2,4,1989,35,6,6.0,23,0,0,1.66
P0887,Mumbai,2150,3,2,5,1991,33,6,8.1,10,1,0,1.51
P0888,Chennai,1584,2,1,3,2020,4,6,5.9,13,0,0,1.45
P0889,Mumbai,2154,3,2,5,2011,13,8,3.9,21,1,1,2.13
P0890,Delhi,2465,4,4,8,1986,38,4,2.2,15,0,0,1.01
P0891,Mumbai,2292,4,2,6,2009,15,6,9.0,13,1,0,2.08
P0892,Chennai,2104,2,2,4,1993,31,6,5.2,11,1,0,1.38
P0893,Bangalore,2440,3,2,5,2011,13,7,8.9,16,1,0,2.74
P0894,Chennai,2502,1,1,2,1985,39,8,6.3,13,0,0,1.43
P0895,Chennai,2629,3,2,5,2007,17,5,7.1,9,0,0,2.03
P0896,Chennai,2189,3,2,5,1994,30,7,8.2,23,1,0,1.81
P0897,Mumbai,1700,2,1,3,2009,15,4,6.9,13,1,1,1.57
P0898,Bangalore,1888,3,2,5,1987,37,9,4.6,17,1,0,1.32
P0899,Bangalore,2524,3,2,5,1990,34,5,5.6,21,0,0,1.43
P0900,Mumbai,1310,4,2,6,1990,34,7,8.2,8,1,0,1.12
P0901,Mumbai,2021,5,4,9,1986,38,2,4.4,16,0,0,0.75
P0902,Delhi,1564,1,1,2,2002,22,4,4.5,5,1,0,1.06
P0903,Mumbai,1817,4,3,7,2007,17,6,1.9,7,1,0,1.26
P0904,Delhi,2567,3,2,5,1986,38,8,9.2,12,0,1,2.14
P0905,Mumbai,1915,3,2,5,1996,28,6,1.8,17,0,0,1.24
P0906,Bangalore,1828,4,2,6,2006,18,9,6.8,4,0,0,1.81
P0907,Mumbai,984,4,3,7,2021,3,6,4.7,5,1,1,1.41
P0908,Delhi,2248,5,4,9,2004,20,6,4.7,20,0,0,1.49
P0909,Hyderabad,2187,3,2,5,2023,1,3,7.1,18,1,1,1.84
P0910,Bangalore,3098,3,2,5,2008,16,8,1.6,3,0,0,2.03
P0911,Delhi,1615,4,3,7,2004,20,4,6.3,6,1,0,1.22
P0912,Bangalore,1931,3,2,5,1985,39,8,7.9,3,1,0,1.94
P0913,Mumbai,1950,3,2,5,1985,39,9,8.5,24,1,1,1.98
P0914,Mumbai,2746,3,2,5,2001,23,9,2.5,10,1,1,2.37
P0915,Mumbai,1743,3,2,5,1985,39,6,9.1,11,1,0,1.51
P0916,Hyderabad,1967,2,1,3,2014,10,7,6.9,13,0,0,1.92
P0917,Chennai,2165,2,1,3,1987,37,7,8.9,12,0,0,1.57
P0918,Chennai,1912,4,4,8,1995,29,3,5.4,9,0,0,0.9
P0919,Hyderabad,1532,2,1,3,2008,16,7,5.9,17,1,0,1.59
P0920,Hyderabad,1916,3,2,5,2006,18,2,9.3,15,1,0,1.33
P0921,Chennai,2444,2,1,3,2010,14,6,9.1,4,0,0,2.24
P0922,Chennai,1184,1,1,2,1997,27,4,5.0,7,1,0,0.77
P0923,Delhi,1880,1,1,2,1985,39,4,3.5,13,1,0,0.87
P0924,Mumbai,1380,2,1,3,2008,16,5,4.5,4,0,1,1.12
P0925,Bangalore,2517,4,2,6,1994,30,6,4.5,23,1,1,1.54
P0926,Bangalore,886,3,2,5,2019,5,7,3.6,7,1,0,1.13
P0927,Hyderabad,1465,5,4,9,2008,16,3,3.4,24,0,1,0.79
P0928,Delhi,2026,3,2,5,2012,12,6,8.7,5,1,0,1.8
P0929,Chennai,2739,3,2,5,2020,4,4,1.6,15,0,1,1.99
P0930,Bangalore,1761,3,2,5,2000,24,6,7.1,3,1,0,1.38
P0931,Mumbai,1467,3,2,5,2000,24,7,2.6,11,0,0,1.0
P0932,Bangalore,2929,4,3,7,2001,23,6,4.1,10,1,1,2.15
P0933,Bangalore,931,3,2,5,1999,25,7,1.6,2,0,0,0.7
P0934,Bangalore,500,3,2,5,2000,24,5,3.4,11,1,1,0.68
P0935,Bangalore,2064,4,2,6,1999,25,7,7.9,4,0,1,2.03
P0936,Mumbai,1499,5,3,8,2018,6,6,9.0,5,1,1,2.02
P0937,Delhi,1187,4,2,6,1995,29,6,3.0,18,1,0,0.96
P0938,Bangalore,2225,3,2,5,1985,39,7,5.2,17,0,0,1.47
P0939,Bangalore,1946,4,3,7,1999,25,1,5.2,15,1,0,0.95
P0940,Bangalore,1462,3,2,5,2010,14,7,8.9,22,1,1,1.79
P0941,Mumbai,1032,3,2,5,1988,36,7,7.9,10,1,0,0.98
P0942,Mumbai,2323,2,2,4,1989,35,5,5.6,4,1,0,1.37
P0943,Delhi,2190,3,2,5,2019,5,3,7.0,8,1,0,1.68
P0944,Delhi,1740,2,1,3,1997,27,3,8.6,2,1,0,1.11
P0945,Bangalore,2908,3,2,5,1994,30,9,1.1,7,1,0,2.27
P0946,Hyderabad,1158,4,2,6,1995,29,7,4.6,5,1,0,1.1
P0947,Mumbai,885,2,1,3,2002,22,3,9.2,3,1,1,1.09
P0948,Mumbai,1385,2,1,3,2018,6,5,7.7,11,1,0,1.51
P0949,Delhi,1773,2,2,4,2023,1,6,5.9,11,0,1,1.61
P0950,Delhi,1946,5,4,9,2007,17,8,5.8,24,0,0,1.89
P0951,Bangalore,1655,3,3,6,1991,33,2,4.1,20,1,0,0.8
P0952,Chennai,2011,3,2,5,2023,1,4,5.7,15,1,0,1.73
P0953,Chennai,1049,4,2,6,1987,37,8,6.9,9,0,0,1.0
P0954,Mumbai,2666,4,2,6,1996,28,1,4.8,21,1,0,1.26
P0955,Hyderabad,1751,3,2,5,1991,33,4,7.4,13,1,1,1.37
P0956,Mumbai,2470,3,2,5,2010,14,9,8.8,12,1,0,2.96
P0957,Bangalore,2006,4,3,7,2017,7,7,2.4,8,0,0,1.48
P0958,Chennai,2074,3,2,5,2021,3,4,5.1,6,1,0,1.8
P0959,Chennai,2142,2,2,4,1999,25,2,4.7,11,0,1,1.01
P0960,Delhi,2069,4,3,7,1986,38,2,7.2,4,0,0,0.91
P0961,Delhi,2186,3,2,5,1991,33,4,3.2,17,1,0,1.07
P0962,Bangalore,2597,3,2,5,2016,8,8,6.8,3,0,0,2.71
P0963,Mumbai,1918,3,2,5,1988,36,5,8.9,1,1,1,1.46
P0964,Mumbai,2225,1,1,2,2004,20,7,4.8,2,1,0,1.79
P0965,Bangalore,1746,2,1,3,2020,4,9,9.2,11,1,0,2.72
P0966,Delhi,2664,4,3,7,2016,8,5,9.9,2,1,0,2.72
P0967,Bangalore,1394,1,1,2,2012,12,4,2.0,3,1,1,0.93
P0968,Mumbai,2881,3,2,5,1997,27,6,3.1,5,1,0,1.87
P0969,Chennai,1776,3,3,6,1985,39,9,9.6,11,1,1,2.02
P0970,Mumbai,942,2,2,4,2019,5,8,9.6,18,1,0,1.93
P0971,Hyderabad,1877,5,4,9,2014,10,2,1.9,9,1,0,1.11
P0972,Delhi,1391,2,1,3,2020,4,7,1.1,0,0,0,1.1
P0973,Bangalore,2304,3,2,5,2009,15,6,2.4,16,1,1,1.83
P0974,Hyderabad,1408,3,2,5,2000,24,9,10.0,15,0,0,1.56
P0975,Delhi,1532,2,1,3,2003,21,3,2.6,8,1,1,0.83
P0976,Mumbai,666,1,1,2,1985,39,6,5.5,24,1,0,0.7
P0977,Delhi,1529,4,3,7,1989,35,8,8.6,20,1,1,1.58
P0978,Mumbai,500,5,4,9,2006,18,5,1.2,8,1,0,0.73
P0979,Bangalore,850,2,1,3,2008,16,6,6.4,22,1,0,1.1
P0980,Delhi,2256,3,2,5,2021,3,3,3.5,8,1,0,1.49
P0981,Hyderabad,2271,4,3,7,2020,4,5,8.8,11,0,0,1.85
P0982,Bangalore,2055,4,2,6,2020,4,5,3.6,22,0,0,1.54
P0983,Mumbai,1220,3,2,5,1988,36,9,7.2,8,1,0,1.45
P0984,Chennai,1771,3,2,5,2020,4,5,7.1,14,0,0,1.53
P0985,Delhi,1798,3,2,5,2002,22,6,3.0,1,1,0,1.14
P0986,Delhi,1105,4,4,8,2000,24,7,1.3,10,1,0,0.97
P0987,Delhi,2702,4,3,7,2002,22,4,4.7,10,0,0,1.64
P0988,Bangalore,2326,2,2,4,2006,18,6,3.6,7,1,0,1.85
P0989,Delhi,1667,3,2,5,1986,38,7,8.3,22,1,0,1.32
P0990,Bangalore,1816,4,3,7,2005,19,8,8.2,5,1,0,2.02
P0991,Mumbai,1925,4,2,6,2020,4,7,5.1,20,1,0,1.92
P0992,Hyderabad,575,5,3,8,2023,1,7,6.5,19,1,1,1.21
P0993,Chennai,1652,4,2,6,2023,1,3,6.4,6,1,1,1.62
P0994,Delhi,1391,3,2,5,2013,11,9,8.4,2,1,0,2.09
P0995,Chennai,1199,3,2,5,2010,14,3,4.8,7,1,0,0.98
P0996,Bangalore,1631,3,2,5,2005,19,7,3.5,17,0,0,1.08
P0997,Mumbai,2879,2,1,3,2001,23,4,3.4,16,1,0,1.73
P0998,Mumbai,2185,3,3,6,2000,24,9,5.8,10,0,0,2.0
P0999,Mumbai,1457,4,2,6,2015,9,7,5.0,1,0,0,1.32
P1000,Chennai,2144,2,1,3,1993,31,7,5.0,24,0,0,1.49
P1001,Bangalore,2640,4,3,7,2015,9,4,1.8,20,0,0,1.43
P1002,Delhi,2355,3,2,5,1998,26,6,7.5,23,1,0,1.91
P1003,Mumbai,1836,5,4,9,2021,3,7,2.9,18,1,0,1.68
P1004,Bangalore,1412,1,1,2,1986,38,7,2.8,6,1,0,0.85
P1005,Bangalore,2219,3,3,6,1998,26,3,4.7,17,0,0,1.15
P1006,Chennai,2036,3,2,5,2017,7,9,3.1,7,1,0,2.06
P1007,Hyderabad,2337,3,2,5,2019,5,8,6.3,13,1,1,2.74
P1008,Delhi,2181,4,3,7,2023,1,5,4.3,6,1,1,1.9
P1009,Delhi,2430,4,3,7,2004,20,8,5.0,20,0,0,1.97
P1010,Delhi,1479,2,2,4,1986,38,6,5.8,3,1,0,1.14
P1011,Chennai,2590,3,2,5,2003,21,6,2.8,16,1,0,1.55
P1012,Mumbai,1919,3,2,5,2021,3,5,2.4,4,1,0,1.57
P1013,Delhi,3045,3,2,5,2002,22,6,8.9,11,0,0,2.52
P1014,Chennai,1386,5,4,9,2000,24,7,4.9,8,1,0,1.15
P1015,Mumbai,2842,4,3,7,1988,36,5,4.7,19,1,0,1.44
P1016,Delhi,1919,3,2,5,1996,28,7,1.3,12,1,0,1.2
P1017,Bangalore,1409,4,3,7,2013,11,7,5.5,24,1,1,1.65
P1018,Mumbai,1510,3,2,5,1991,33,7,6.0,17,0,1,1.24
P1019,Delhi,1608,5,4,9,1998,26,2,6.0,19,1,0,0.82
P1020,Bangalore,2054,3,2,5,1996,28,8,7.4,8,1,0,2.04
P1021,Delhi,2114,4,3,7,2019,5,6,2.6,3,0,0,1.74
P1022,Mumbai,1456,4,2,6,1989,35,4,3.3,20,0,1,0.78
P1023,Hyderabad,1785,3,2,5,2001,23,4,8.3,7,1,1,1.68
P1024,Mumbai,3085,4,3,7,2016,8,6,9.5,0,1,1,3.47
P1025,Chennai,2837,2,1,3,1994,30,8,2.2,16,0,0,1.51
P1026,Mumbai,2062,3,2,5,2001,23,5,5.5,24,1,1,1.43
P1027,Delhi,1823,3,3,6,1989,35,7,2.9,8,0,0,1.06
P1028,Mumbai,1872,5,3,8,1993,31,3,1.5,19,0,1,0.72
P1029,Mumbai,2168,4,3,7,2017,7,6,3.9,12,1,1,1.92
P1030,Mumbai,1186,4,3,7,2020,4,10,2.3,1,0,0,1.88
P1031,Delhi,1646,4,2,6,2020,4,7,7.4,12,1,0,1.73
P1032,Bangalore,799,3,2,5,2002,22,4,5.8,8,1,1,0.82
P1033,Mumbai,2040,5,4,9,1993,31,6,2.3,19,1,0,1.12
P1034,Hyderabad,2188,3,3,6,2013,11,4,1.1,5,0,0,1.1
P1035,Delhi,1510,3,3,6,1998,26,5,8.3,0,1,0,1.23
P1036,Delhi,2744,2,2,4,2009,15,8,2.6,24,1,0,2.14
P1037,Mumbai,1065,4,2,6,1999,25,7,6.5,4,0,0,1.06
P1038,Bangalore,921,4,3,7,1990,34,4,4.0,2,1,0,0.7
P1039,Chennai,1935,3,2,5,2013,11,9,6.3,3,1,0,2.4
P1040,Bangalore,2428,1,1,2,1999,25,6,3.8,0,0,0,1.4
P1041,Delhi,2810,4,3,7,2013,11,5,1.8,13,0,0,1.67
P1042,Mumbai,1525,1,1,2,1988,36,6,3.0,8,0,0,0.91
P1043,Chennai,2447,4,3,7,2002,22,7,2.7,23,0,0,1.35
P1044,Mumbai,1777,5,4,9,2023,1,6,4.9,3,1,0,1.77
P1045,Delhi,1696,3,2,5,2000,24,6,6.9,17,1,0,1.35
P1046,Mumbai,2330,2,1,3,1995,29,6,3.4,13,1,1,1.7
P1047,Delhi,2191,4,3,7,1998,26,4,1.1,24,0,0,1.11
P1048,Mumbai,854,4,3,7,1987,37,8,5.7,3,1,1,0.98
P1049,Hyderabad,2686,3,2,5,2022,2,6,6.5,24,0,0,2.6
P1050,Chennai,2628,5,4,9,2002,22,3,9.7,9,1,1,1.72
P1051,Bangalore,1425,2,1,3,2004,20,7,6.3,2,1,0,1.4
P1052,Mumbai,2037,3,2,5,2009,15,9,5.2,22,1,0,2.21
P1053,Bangalore,2096,4,3,7,2022,2,9,6.2,6,1,0,2.33
P1054,Bangalore,1956,4,3,7,1997,27,5,9.4,9,1,0,1.46
P1055,Bangalore,1470,2,1,3,1988,36,3,8.5,12,1,0,0.87
P1056,Mumbai,1397,4,3,7,1998,26,6,3.9,3,1,0,0.97
P1057,Hyderabad,1785,3,2,5,2017,7,3,3.1,17,1,0,0.91
P1058,Delhi,2504,3,2,5,2012,12,9,3.4,10,0,1,2.27
P1059,Hyderabad,2126,2,2,4,2021,3,4,5.5,24,0,0,1.49
P1060,Mumbai,1578,4,3,7,1992,32,4,7.7,3,1,0,1.11
P1061,Mumbai,2263,2,1,3,2018,6,5,5.5,23,0,0,1.87
P1062,Mumbai,500,3,2,5,1989,35,5,1.6,13,1,0,0.48
P1063,Chennai,2489,3,2,5,1989,35,8,7.5,17,1,1,2.03
P1064,Delhi,756,4,3,7,2015,9,6,8.3,7,1,1,1.62
P1065,Chennai,1583,3,2,5,1993,31,4,3.6,9,1,1,0.98
P1066,Chennai,1128,4,3,7,2016,8,4,7.0,4,0,1,1.15
P1067,Bangalore,1023,3,2,5,2017,7,6,4.8,22,1,0,1.09
P1068,Bangalore,2496,3,2,5,1987,37,3,9.0,6,0,0,1.28
P1069,Chennai,1519,3,2,5,2014,10,7,8.6,11,1,0,1.46
P1070,Chennai,2008,4,2,6,1996,28,6,5.7,24,1,1,1.53
P1071,Delhi,1772,4,3,7,2013,11,7,7.2,2,0,1,2.01
P1072,Chennai,2086,1,1,2,1987,37,9,9.0,3,1,0,1.7
P1073,Hyderabad,1846,3,2,5,2010,14,9,5.5,9,1,0,1.77
P1074,Delhi,1030,2,2,4,2014,10,9,3.8,3,1,1,1.47
P1075,Hyderabad,2398,3,2,5,1993,31,4,7.8,14,1,0,1.5
P1076,Mumbai,1504,3,2,5,2010,14,3,3.0,9,1,1,1.0
P1077,Delhi,866,3,2,5,1986,38,5,4.5,20,1,0,0.66
P1078,Mumbai,1543,3,2,5,1987,37,8,8.8,21,1,0,1.41
P1079,Mumbai,2700,3,2,5,1988,36,10,7.5,15,1,0,2.66
P1080,Chennai,2310,3,2,5,2009,15,8,4.6,14,1,0,2.11
P1081,Hyderabad,1591,4,3,7,1997,27,3,2.9,18,1,0,0.81
P1082,Chennai,1590,3,3,6,2023,1,9,4.2,19,1,0,1.88
P1083,Hyderabad,1607,2,1,3,2019,5,6,3.6,18,1,1,1.3
P1084,Mumbai,3046,4,2,6,2007,17,1,2.6,17,1,0,1.57
P1085,Mumbai,2029,3,3,6,1993,31,6,7.7,11,1,1,1.68
P1086,Bangalore,2058,3,2,5,1986,38,2,3.3,24,1,0,0.8
P1087,Chennai,2418,3,3,6,2015,9,6,5.1,15,1,1,2.14
P1088,Mumbai,1943,3,2,5,1986,38,5,4.5,0,1,0,1.04
P1089,Hyderabad,1645,2,2,4,2016,8,6,9.8,15,1,0,1.82
P1090,Bangalore,1682,3,2,5,2002,22,7,4.5,1,1,0,1.38
P1091,Hyderabad,1757,5,4,9,1997,27,8,1.7,23,1,0,1.16
P1092,Delhi,1778,3,3,6,1989,35,7,1.8,14,1,1,1.0
P1093,Delhi,2237,3,2,5,1994,30,6,6.3,6,1,0,1.37
P1094,Chennai,1831,3,2,5,2009,15,8,6.4,0,1,0,1.89
P1095,Chennai,2240,2,1,3,2018,6,9,4.8,4,1,1,2.53
P1096,Mumbai,1752,3,2,5,2021,3,3,4.9,9,1,0,1.35
P1097,Hyderabad,1847,4,2,6,2014,10,6,1.5,21,0,1,1.15
P1098,Hyderabad,601,2,1,3,1991,33,5,5.6,20,0,0,0.62
P1099,Mumbai,2350,3,2,5,1990,34,2,5.5,3,0,1,1.05
P1100,Mumbai,2008,3,2,5,1987,37,7,2.3,13,0,0,1.04
P1101,Bangalore,2399,3,2,5,1997,27,8,1.9,12,1,1,1.72
P1102,Delhi,500,5,4,9,1987,37,4,2.1,0,1,0,0.51
P1103,Chennai,3053,2,1,3,2010,14,8,1.9,15,1,0,2.76
P1104,Mumbai,1716,3,2,5,2008,16,8,6.5,22,1,0,1.94
P1105,Bangalore,2465,2,1,3,1990,34,9,2.8,8,1,0,1.87
P1106,Bangalore,1176,5,4,9,1996,28,4,3.3,21,0,0,0.76
P1107,Mumbai,2168,2,1,3,2020,4,9,2.6,15,0,0,1.95
P1108,Bangalore,1168,3,2,5,1986,38,5,9.6,18,1,0,0.98
P1109,Mumbai,1426,4,3,7,1995,29,6,8.7,14,1,1,1.33
P1110,Mumbai,2948,4,3,7,2023,1,2,3.1,13,1,0,1.8
P1111,Bangalore,1686,3,2,5,2018,6,2,3.9,19,0,1,1.0
P1112,Hyderabad,1930,3,2,5,2010,14,7,2.9,9,0,0,1.29
P1113,Mumbai,2322,3,2,5,2002,22,6,5.4,20,0,0,1.63
P1114,Delhi,2097,3,2,5,2005,19,4,1.2,11,1,1,1.24
P1115,Delhi,1890,2,2,4,2020,4,4,7.0,0,1,1,1.59
P1116,Delhi,2019,3,2,5,2006,18,7,5.7,20,1,0,1.71
P1117,Delhi,3242,3,2,5,2014,10,1,9.1,16,1,0,2.26
P1118,Chennai,1765,3,3,6,2014,10,8,2.5,8,0,0,1.25
P1119,Mumbai,1921,3,2,5,1992,32,3,8.2,22,0,0,1.03
P1120,Hyderabad,2430,5,4,9,2018,6,4,8.1,18,1,0,2.21
P1121,Mumbai,2463,3,2,5,1993,31,5,2.1,24,1,0,1.41
P1122,Hyderabad,2512,2,2,4,2004,20,6,4.6,17,1,0,1.56
P1123,Hyderabad,2183,2,2,4,2009,15,5,2.5,6,0,0,1.29
P1124,Bangalore,1114,5,4,9,2003,21,5,3.3,8,1,1,0.83
P1125,Mumbai,2780,3,2,5,1989,35,9,3.4,21,1,1,2.15
P1126,Bangalore,1112,2,1,3,1995,29,7,6.0,20,1,0,1.07
P1127,Bangalore,1982,3,3,6,1999,25,2,4.7,11,1,0,1.07
P1128,Hyderabad,1347,3,2,5,1992,32,6,9.5,6,0,0,1.1
P1129,Bangalore,1762,3,2,5,2003,21,8,2.1,13,1,1,1.34
P1130,Delhi,1997,3,3,6,2007,17,5,9.8,14,1,0,1.68
P1131,Chennai,1993,1,1,2,2011,13,3,3.1,14,1,0,1.15
P1132,Hyderabad,2053,5,3,8,2016,8,7,8.0,5,1,0,2.08
P1133,Bangalore,2768,3,2,5,2010,14,7,4.1,20,0,0,1.99
P1134,Hyderabad,2072,3,3,6,2011,13,6,2.3,13,1,0,1.56
P1135,Bangalore,1654,4,3,7,2003,21,2,8.7,1,1,1,1.24
P1136,Chennai,2378,3,2,5,2013,11,3,3.8,7,0,0,1.44
P1137,Chennai,2514,3,2,5,2023,1,7,6.9,12,1,0,2.47
P1138,Chennai,1063,3,2,5,2017,7,4,6.1,22,1,0,1.0
P1139,Delhi,2158,3,2,5,2003,21,6,5.2,5,1,0,1.64
P1140,Bangalore,2221,4,3,7,2021,3,6,5.5,4,1,0,2.39
P1141,Bangalore,1621,5,3,8,2003,21,5,7.6,4,0,0,1.14
P1142,Delhi,2625,2,1,3,2017,7,9,1.8,24,0,0,2.24
P1143,Delhi,1710,2,2,4,2000,24,8,7.0,0,1,1,1.97
P1144,Chennai,1875,5,4,9,2007,17,7,9.1,8,1,1,2.04
P1145,Bangalore,1696,4,3,7,1991,33,3,1.5,5,1,0,0.82
P1146,Mumbai,1809,4,2,6,2010,14,3,2.3,19,1,1,1.33
P1147,Chennai,1142,2,2,4,2016,8,6,7.4,6,1,1,1.46
P1148,Hyderabad,936,3,2,5,1996,28,4,4.9,8,0,0,0.7
P1149,Delhi,2757,4,3,7,1992,32,10,4.6,4,1,0,2.55
P1150,Mumbai,1292,3,3,6,1989,35,4,2.2,13,1,0,0.68
P1151,Hyderabad,1205,3,2,5,2012,12,6,5.6,4,1,0,1.08
P1152,Hyderabad,508,1,1,2,1989,35,5,2.1,7,1,1,0.58
P1153,Mumbai,1417,3,2,5,2010,14,7,5.3,6,0,0,1.26
P1154,Mumbai,1006,3,2,5,1989,35,3,7.9,12,1,0,0.87
P1155,Delhi,2785,3,2,5,2006,18,6,3.3,12,1,0,2.0
P1156,Chennai,2406,5,3,8,1999,25,5,5.3,7,0,0,1.49
P1157,Mumbai,1387,3,2,5,1997,27,8,9.9,10,1,0,1.53
P1158,Bangalore,3151,4,2,6,2012,12,2,7.2,17,1,0,2.31
P1159,Delhi,2389,2,1,3,2017,7,9,8.6,24,1,0,2.63
P1160,Hyderabad,1605,3,2,5,2007,17,8,4.7,18,0,1,1.33
P1161,Delhi,500,5,4,9,2017,7,5,7.9,5,0,1,1.05
P1162,Bangalore,3175,2,1,3,2002,22,8,1.4,21,1,1,2.35
P1163,Hyderabad,966,1,1,2,2014,10,2,2.1,1,1,1,0.71
P1164,Delhi,813,3,2,5,2010,14,9,2.8,12,0,1,1.12
P1165,Delhi,2414,2,1,3,2000,24,6,4.6,22,1,0,1.88
P1166,Chennai,3264,4,3,7,1997,27,5,8.6,24,1,0,2.11
P1167,Delhi,2631,4,3,7,2023,1,5,4.1,10,0,0,2.17
P1168,Chennai,2138,3,2,5,2017,7,2,6.9,0,1,0,1.6
P1169,Mumbai,2157,3,2,5,2010,14,10,7.4,23,1,0,2.67
P1170,Mumbai,2312,3,3,6,1985,39,2,6.3,1,0,1,0.99
P1171,Hyderabad,2255,4,3,7,2022,2,7,4.2,16,1,0,2.09
P1172,Bangalore,1969,1,1,2,1986,38,6,6.2,7,1,0,1.2
P1173,Chennai,1863,3,3,6,1990,34,9,4.1,1,1,0,1.46
P1174,Mumbai,1762,3,2,5,2022,2,4,1.8,5,1,0,1.33
P1175,Mumbai,1348,3,2,5,2008,16,6,9.9,21,1,1,1.52
P1176,Chennai,1632,2,1,3,2002,22,6,2.1,4,1,0,0.99
P1177,Delhi,784,4,3,7,2011,13,7,1.7,15,1,0,0.85
P1178,Delhi,1741,2,1,3,1992,32,2,8.9,7,0,0,0.96
P1179,Mumbai,1207,2,1,3,2012,12,4,3.7,18,1,1,1.14
P1180,Delhi,1138,4,3,7,1994,30,4,6.9,15,0,0,0.74
P1181,Chennai,1908,4,3,7,2001,23,7,4.0,12,0,0,1.35
P1182,Chennai,2635,1,1,2,2013,11,4,4.5,19,0,1,1.55
P1183,Chennai,2351,2,1,3,1990,34,6,3.4,6,1,0,1.39
P1184,Chennai,858,2,2,4,1998,26,4,4.1,15,0,0,0.62
P1185,Bangalore,1206,3,3,6,2006,18,8,4.7,22,1,0,1.25
P1186,Bangalore,2364,2,2,4,1990,34,9,7.5,15,1,1,2.47
P1187,Chennai,1211,2,1,3,2010,14,6,5.6,11,1,0,1.36
P1188,Mumbai,1665,3,2,5,2023,1,5,9.5,13,0,0,1.54
P1189,Mumbai,2130,4,4,8,1996,28,4,1.4,23,1,0,1.12
P1190,Hyderabad,1219,3,2,5,2019,5,2,5.5,17,1,0,0.98
P1191,Mumbai,1863,3,2,5,1998,26,4,6.3,17,0,0,1.2
P1192,Mumbai,1000,2,1,3,2006,18,7,9.3,15,0,0,1.16
P1193,Bangalore,1439,5,4,9,2007,17,6,1.4,19,1,0,0.95
P1194,Chennai,1992,4,3,7,1991,33,9,6.2,15,1,0,1.59
P1195,Bangalore,844,4,2,6,2009,15,5,8.7,12,1,0,1.14
P1196,Delhi,2064,4,2,6,1997,27,7,3.2,8,1,0,1.34
P1197,Hyderabad,1788,5,4,9,2005,19,6,8.9,8,1,0,1.62
P1198,Chennai,2131,3,3,6,1994,30,6,1.2,12,1,0,1.2
P1199,Chennai,1934,2,1,3,1993,31,4,7.6,3,1,0,1.42
P1200,Mumbai,2618,3,3,6,1999,25,6,9.4,8,0,1,2.4
P1201,Mumbai,1875,4,3,7,1986,38,6,6.9,14,1,0,1.41
P1202,Delhi,1542,4,3,7,2009,15,7,5.0,13,1,0,1.43
P1203,Mumbai,1873,3,2,5,1997,27,9,1.4,18,0,0,1.22
P1204,Mumbai,2126,2,2,4,2018,6,5,9.3,11,1,0,2.17
P1205,Mumbai,1829,3,3,6,2018,6,2,5.2,20,1,1,1.34
P1206,Bangalore,1824,5,3,8,2019,5,6,1.3,24,0,0,1.15
P1207,Chennai,1379,3,3,6,2022,2,6,7.2,5,1,0,1.68
P1208,Chennai,1402,3,2,5,1987,37,4,5.3,2,1,0,0.91
P1209,Mumbai,958,3,2,5,1990,34,7,2.1,24,1,0,0.82
P1210,Delhi,2850,3,2,5,2003,21,10,2.9,21,1,0,2.85
P1211,Mumbai,1054,4,3,7,1987,37,9,1.6,19,1,0,1.03
P1212,Delhi,1384,3,2,5,2002,22,4,6.2,15,0,1,0.93
P1213,Delhi,1369,4,3,7,2023,1,8,6.6,19,1,1,1.74
P1214,Bangalore,2337,3,2,5,1993,31,7,5.6,23,1,0,1.62
P1215,Hyderabad,1623,3,2,5,1996,28,6,8.4,22,1,0,1.38
P1216,Chennai,2549,2,2,4,1989,35,6,8.7,16,0,1,1.59
P1217,Bangalore,1396,4,3,7,1987,37,8,6.5,15,0,0,1.24
P1218,Hyderabad,1967,3,3,6,1995,29,6,1.1,5,1,0,1.26
P1219,Chennai,1299,3,2,5,2014,10,5,7.3,7,0,1,1.25
P1220,Chennai,3087,3,2,5,1988,36,6,4.8,18,0,0,1.54
P1221,Bangalore,1087,5,4,9,1989,35,6,6.1,24,1,0,0.96
P1222,Bangalore,1986,2,1,3,1985,39,4,6.8,1,1,0,1.03
P1223,Chennai,2180,4,2,6,2011,13,9,4.2,13,1,0,2.28
P1224,Mumbai,2048,3,2,5,2012,12,7,9.3,21,0,1,2.22
P1225,Chennai,1689,3,2,5,2013,11,7,2.2,11,0,0,1.3
P1226,Hyderabad,1722,1,1,2,2002,22,3,7.0,16,0,1,1.16
P1227,Chennai,1826,3,2,5,1996,28,7,1.0,14,1,0,1.14
P1228,Mumbai,1712,3,2,5,1997,27,3,9.3,17,1,0,1.44
P1229,Delhi,2378,2,2,4,1986,38,3,2.0,15,0,0,0.88
P1230,Chennai,3126,3,2,5,2021,3,6,1.9,12,0,0,2.09
P1231,Hyderabad,1466,5,3,8,2000,24,5,4.0,20,1,0,0.84
P1232,Delhi,978,2,2,4,2008,16,6,4.4,16,0,0,0.77
P1233,Chennai,1747,4,3,7,2019,5,3,2.9,7,1,1,1.25
P1234,Hyderabad,3348,3,2,5,2006,18,6,6.3,0,0,1,2.62
P1235,Mumbai,1318,3,2,5,2020,4,4,5.0,24,1,0,1.15
P1236,Chennai,2783,3,3,6,1995,29,10,1.3,2,1,0,1.87
P1237,Delhi,2807,2,2,4,2013,11,6,3.9,15,0,1,2.25
P1238,Bangalore,1468,2,1,3,2019,5,7,8.3,1,1,0,1.72
P1239,Bangalore,2141,2,1,3,1999,25,5,7.2,14,0,0,1.59
P1240,Bangalore,2777,2,2,4,2015,9,3,7.5,0,1,1,2.68
P1241,Chennai,1573,3,2,5,2000,24,10,7.3,8,0,0,1.52
P1242,Delhi,1678,4,4,8,1994,30,5,3.8,15,0,0,0.98
P1243,Hyderabad,1451,4,3,7,2016,8,6,1.9,3,1,0,1.21
P1244,Chennai,1191,3,2,5,1986,38,7,3.5,11,1,0,0.79
P1245,Chennai,1410,2,1,3,2008,16,2,8.5,0,1,0,0.97
P1246,Delhi,1066,3,2,5,2007,17,8,9.8,0,1,0,1.6
P1247,Mumbai,1820,3,3,6,1986,38,6,5.4,6,1,1,1.16
P1248,Bangalore,1338,2,1,3,2022,2,5,1.1,17,0,0,1.07
P1249,Hyderabad,1940,3,2,5,2015,9,2,2.3,22,0,0,0.92
P1250,Mumbai,866,3,2,5,2010,14,4,3.9,22,0,0,0.71
P1251,Hyderabad,1999,3,2,5,2013,11,8,6.2,14,1,1,2.16
P1252,Chennai,2300,3,2,5,1987,37,7,1.7,24,0,1,1.23
P1253,Chennai,604,4,3,7,1998,26,4,9.5,12,0,1,0.75
P1254,Chennai,2024,4,4,8,2009,15,2,4.3,15,1,0,0.93
P1255,Bangalore,2537,3,2,5,1985,39,7,9.2,6,1,1,2.13
P1256,Chennai,1074,4,3,7,1987,37,6,8.0,15,1,0,0.87
P1257,Delhi,2804,5,3,8,2010,14,5,7.8,12,0,0,2.03
P1258,Chennai,2051,3,2,5,2002,22,5,6.5,13,1,0,1.5
P1259,Chennai,1377,3,2,5,1993,31,4,6.6,16,0,0,0.79
P1260,Chennai,1767,3,3,6,2022,2,7,6.7,11,1,1,2.04
P1261,Chennai,2135,5,4,9,2007,17,10,6.7,23,0,0,2.43
P1262,Mumbai,1846,4,3,7,2005,19,4,6.0,23,1,0,1.3
P1263,Mumbai,2123,2,1,3,1985,39,6,9.9,19,0,0,1.78
P1264,Chennai,1248,3,3,6,2005,19,6,7.6,12,1,0,1.32
P1265,Delhi,1902,3,2,5,2011,13,6,8.0,23,1,0,1.71
P1266,Bangalore,952,3,2,5,1990,34,4,8.9,19,0,0,0.75
P1267,Delhi,1733,2,2,4,2020,4,8,2.9,14,0,0,1.43
P1268,Mumbai,1258,4,3,7,2012,12,6,1.8,23,1,0,1.15
P1269,Mumbai,1359,3,2,5,2001,23,6,5.3,20,1,1,1.4
P1270,Chennai,2542,4,3,7,1987,37,5,5.6,3,1,1,1.45
P1271,Bangalore,2455,4,3,7,1996,28,4,8.5,21,1,1,1.52
P1272,Bangalore,2165,4,2,6,2023,1,3,5.0,1,1,1,1.74
P1273,Hyderabad,1145,3,2,5,1996,28,7,6.1,17,0,0,0.92
P1274,Mumbai,1610,3,2,5,1986,38,4,5.7,1,0,1,0.86
P1275,Delhi,2528,2,1,3,2006,18,7,1.3,24,1,0,1.77
P1276,Chennai,1885,3,2,5,2007,17,5,6.5,14,1,1,1.68
P1277,Chennai,3192,2,1,3,2014,10,5,8.5,18,1,0,3.09
P1278,Delhi,2036,3,2,5,1989,35,6,2.4,14,1,1,1.24
P1279,Hyderabad,1915,2,1,3,1993,31,5,6.3,19,1,0,1.22
P1280,Hyderabad,1615,2,1,3,2005,19,3,6.3,9,1,0,0.97
P1281,Mumbai,1880,2,1,3,1995,29,5,2.5,23,1,0,1.12
P1282,Mumbai,1709,1,1,2,1989,35,7,2.1,19,1,0,1.15
P1283,Chennai,2225,4,3,7,2019,5,7,9.8,10,1,1,2.66
P1284,Delhi,2374,4,3,7,2011,13,5,4.5,9,1,0,1.68
P1285,Mumbai,1328,3,2,5,1986,38,6,3.0,22,1,0,0.95
P1286,Chennai,1001,2,1,3,2008,16,4,2.5,4,0,1,0.72
P1287,Delhi,698,2,1,3,2015,9,4,7.0,8,0,0,0.86
P1288,Bangalore,2105,1,1,2,2017,7,2,6.5,19,0,0,1.29
P1289,Mumbai,1138,2,1,3,2023,1,8,6.8,18,1,0,1.89
P1290,Bangalore,508,4,2,6,2014,10,4,1.8,12,1,0,0.69
P1291,Bangalore,2033,2,2,4,2021,3,4,9.0,17,1,1,2.1
P1292,Mumbai,3296,3,3,6,2012,12,5,4.5,16,1,1,3.12
P1293,Delhi,1796,2,2,4,2015,9,3,3.8,5,0,1,1.1
P1294,Bangalore,2303,2,1,3,1995,29,7,5.2,9,1,0,1.55
P1295,Hyderabad,1849,3,2,5,2007,17,3,4.5,1,1,0,1.2
P1296,Hyderabad,1741,3,2,5,1986,38,3,8.8,23,1,0,1.04
P1297,Delhi,2351,2,2,4,2011,13,7,9.4,5,1,1,2.6
P1298,Chennai,1626,2,2,4,2019,5,5,3.7,20,0,0,1.14
P1299,Chennai,1960,3,2,5,1986,38,7,8.8,12,1,0,1.37
P1300,Chennai,1993,2,1,3,2023,1,6,8.0,17,1,0,2.16
P1301,Bangalore,1399,2,1,3,2021,3,4,9.4,6,1,0,1.37
P1302,Mumbai,2395,5,3,8,2005,19,7,3.2,1,0,1,1.86
P1303,Chennai,1695,3,2,5,1989,35,3,6.2,13,1,0,0.86
P1304,Mumbai,1347,3,2,5,2005,19,6,3.5,4,1,0,1.01
P1305,Mumbai,2122,3,2,5,2013,11,6,8.4,17,1,0,2.37
P1306,Bangalore,1261,3,2,5,2004,20,4,1.0,10,0,1,0.9
P1307,Hyderabad,1817,3,2,5,2022,2,7,6.1,9,1,0,2.02
P1308,Mumbai,1795,3,3,6,2004,20,8,4.1,10,1,0,1.58
P1309,Bangalore,2452,4,2,6,2009,15,10,3.9,1,0,0,2.09
P1310,Delhi,2085,2,1,3,1986,38,7,6.8,14,0,0,1.39
P1311,Hyderabad,1785,3,2,5,2016,8,5,8.7,6,1,1,1.94
P1312,Bangalore,2291,3,2,5,2010,14,4,6.5,8,0,0,1.51
P1313,Mumbai,2634,4,3,7,1990,34,4,8.7,4,1,1,1.99
P1314,Delhi,2135,3,2,5,1987,37,6,3.4,6,0,0,1.23
P1315,Delhi,1806,3,2,5,2017,7,5,5.7,19,1,1,1.51
P1316,Mumbai,1013,2,1,3,1985,39,9,5.1,1,1,1,1.17
P1317,Mumbai,1161,3,2,5,1989,35,5,1.1,2,0,0,0.55
P1318,Chennai,1617,2,1,3,1997,27,5,6.0,1,0,0,0.95
P1319,Delhi,1434,3,3,6,2003,21,5,7.0,20,1,0,1.29
P1320,Chennai,1688,2,2,4,1996,28,8,6.3,21,0,0,1.32
P1321,Mumbai,1834,3,2,5,2009,15,7,7.6,22,1,0,1.69
P1322,Bangalore,2118,2,2,4,2019,5,7,6.1,18,0,0,2.13
P1323,Delhi,1758,3,2,5,1996,28,5,1.6,3,0,1,0.9
P1324,Mumbai,2092,4,4,8,2014,10,8,2.0,23,1,0,1.98
P1325,Bangalore,1839,2,1,3,1989,35,2,6.4,19,0,1,0.92
P1326,Mumbai,615,3,3,6,2018,6,8,3.5,6,1,0,1.08
P1327,Chennai,1236,3,2,5,2006,18,6,1.7,21,1,0,1.0
P1328,Bangalore,1714,1,1,2,2023,1,5,4.9,6,1,1,1.69
P1329,Bangalore,1074,4,3,7,1997,27,6,6.0,16,1,0,1.02
P1330,Mumbai,2160,2,2,4,1987,37,7,4.0,18,0,0,1.22
P1331,Delhi,2718,3,3,6,2004,20,1,7.5,21,1,1,1.49
P1332,Bangalore,2531,3,2,5,2015,9,8,6.8,15,1,1,2.8
P1333,Bangalore,1672,3,2,5,1989,35,6,4.0,2,0,0,0.92
P1334,Mumbai,2694,3,2,5,2008,16,5,7.8,14,1,0,2.46
P1335,Mumbai,1889,3,2,5,2017,7,3,6.8,13,1,0,1.32
P1336,Delhi,1598,1,1,2,1992,32,6,6.7,14,1,0,1.37
P1337,Bangalore,1432,4,2,6,2008,16,6,6.0,13,0,0,1.35
P1338,Mumbai,1619,3,2,5,2004,20,5,1.1,6,1,0,0.97
P1339,Bangalore,1567,4,3,7,2000,24,7,7.3,24,1,0,1.64
P1340,Delhi,1902,4,3,7,1996,28,6,4.4,2,1,1,1.26
P1341,Delhi,1896,4,2,6,1997,27,9,9.5,16,0,1,2.24
P1342,Delhi,1802,3,2,5,2023,1,6,8.4,9,1,0,1.96
P1343,Bangalore,2062,3,2,5,2009,15,8,6.3,14,0,0,2.02
P1344,Mumbai,2514,4,2,6,2016,8,3,3.3,5,1,0,1.43
P1345,Mumbai,2370,3,2,5,2008,16,5,2.8,16,0,0,1.55
P1346,Delhi,909,2,1,3,1993,31,5,4.1,16,1,0,0.84
P1347,Delhi,500,4,3,7,2007,17,6,5.3,13,1,0,0.78
P1348,Delhi,2361,4,2,6,1997,27,8,3.7,23,0,0,1.85
P1349,Chennai,980,3,2,5,2016,8,3,5.6,24,1,1,1.05
P1350,Hyderabad,1665,2,1,3,1999,25,3,2.5,17,1,1,0.76
P1351,Mumbai,1098,3,3,6,2020,4,8,9.8,24,1,1,2.01
P1352,Chennai,719,4,3,7,1989,35,4,2.0,4,0,0,0.53
P1353,Delhi,2125,4,3,7,2006,18,7,9.4,7,1,0,2.34
P1354,Delhi,2255,2,1,3,2000,24,6,9.2,6,1,0,1.99
P1355,Hyderabad,1454,2,1,3,1994,30,8,5.7,22,0,1,1.32
P1356,Chennai,500,4,4,8,2008,16,3,7.5,3,1,0,0.7
P1357,Hyderabad,1472,3,2,5,2002,22,3,4.9,17,0,0,0.83
P1358,Mumbai,2035,3,2,5,2002,22,6,6.7,4,1,0,1.58
P1359,Mumbai,913,5,3,8,1991,33,9,4.1,15,0,0,0.96
P1360,Bangalore,1910,2,1,3,1988,36,5,3.7,13,1,0,1.12
P1361,Bangalore,1791,3,2,5,2010,14,5,6.2,18,1,0,1.55
P1362,Mumbai,2148,2,2,4,1989,35,7,5.5,13,1,0,1.57
P1363,Hyderabad,1872,3,2,5,2000,24,9,6.2,8,1,0,1.95
P1364,Bangalore,1216,4,3,7,2019,5,8,3.6,5,1,0,1.57
P1365,Delhi,2518,3,2,5,2010,14,10,4.3,16,1,0,3.08
P1366,Bangalore,1705,5,3,8,2002,22,2,1.8,18,1,1,0.94
P1367,Bangalore,1784,3,3,6,2013,11,3,1.5,11,1,0,1.07
P1368,Mumbai,1240,3,2,5,2007,17,7,3.3,3,1,0,1.28
P1369,Hyderabad,1534,2,2,4,1998,26,8,1.7,15,1,0,1.16
P1370,Delhi,1269,3,2,5,1999,25,5,1.9,24,1,1,0.88
P1371,Mumbai,1696,3,2,5,2017,7,4,8.3,10,1,0,1.74
P1372,Hyderabad,2827,2,2,4,2009,15,8,1.3,21,1,0,2.26
P1373,Hyderabad,977,3,2,5,2005,19,2,6.9,3,1,0,0.81
P1374,Chennai,832,3,3,6,2001,23,5,3.5,16,0,0,0.67
P1375,Hyderabad,2683,4,2,6,2007,17,6,8.8,7,0,0,2.15
P1376,Bangalore,1674,3,3,6,2001,23,6,5.4,13,1,0,1.26
P1377,Hyderabad,1399,4,2,6,1998,26,7,3.8,1,1,1,1.29
P1378,Mumbai,2424,1,1,2,2013,11,5,5.7,10,0,1,2.08
P1379,Chennai,1437,2,2,4,2004,20,7,4.4,10,1,1,1.42
P1380,Chennai,2896,3,3,6,2014,10,6,6.1,23,0,0,2.07
P1381,Mumbai,2207,3,3,6,2003,21,6,2.0,21,1,1,1.49
P1382,Bangalore,1507,1,1,2,2023,1,7,10.0,23,0,0,1.91
P1383,Bangalore,3094,4,3,7,1997,27,4,4.8,5,1,0,1.72
P1384,Chennai,1437,4,2,6,2002,22,3,4.1,20,1,1,1.05
P1385,Mumbai,2245,3,2,5,2007,17,3,7.4,20,1,0,1.64
P1386,Chennai,1980,2,1,3,2017,7,4,4.3,13,0,0,1.29
P1387,Mumbai,2581,4,3,7,2023,1,6,8.5,9,0,0,2.57
P1388,Delhi,2737,3,2,5,2002,22,8,5.1,7,1,0,2.51
P1389,Hyderabad,1819,4,3,7,1993,31,7,7.5,6,1,1,1.87
P1390,Bangalore,1348,4,2,6,2017,7,8,2.0,7,1,0,1.38
P1391,Delhi,2076,4,3,7,2016,8,5,8.6,7,1,0,1.96
P1392,Mumbai,1393,3,2,5,2001,23,5,7.6,22,1,0,1.24
P1393,Chennai,3008,2,1,3,2003,21,5,2.9,1,1,1,1.85
P1394,Hyderabad,1882,3,2,5,2011,13,4,2.3,15,0,0,1.03
P1395,Hyderabad,1581,3,2,5,1990,34,2,3.8,8,0,0,0.62
P1396,Chennai,1911,4,3,7,2019,5,6,9.8,12,1,1,2.12
P1397,Mumbai,992,2,2,4,2021,3,10,3.3,22,1,0,1.62
P1398,Mumbai,1217,2,1,3,2018,6,4,5.1,11,0,0,1.06
P1399,Mumbai,2520,4,3,7,2004,20,2,1.3,21,0,1,1.09
P1400,Delhi,1406,4,2,6,2009,15,7,4.6,24,0,0,1.37
P1401,Mumbai,1172,4,3,7,1988,36,4,6.1,16,0,1,0.83
P1402,Mumbai,2122,4,3,7,1994,30,8,9.6,1,0,0,2.07
P1403,Bangalore,2511,3,2,5,1994,30,7,5.7,12,1,1,2.07
P1404,Delhi,2231,3,2,5,2008,16,9,8.4,0,1,1,2.82
P1405,Chennai,2398,4,4,8,2005,19,5,5.9,18,0,0,1.54
P1406,Hyderabad,1346,3,3,6,1995,29,7,1.4,10,1,0,0.86
P1407,Bangalore,947,3,2,5,2011,13,6,3.8,4,1,1,1.13
P1408,Chennai,2701,2,1,3,2000,24,7,6.2,0,1,0,2.06
P1409,Chennai,1606,3,2,5,2010,14,6,9.6,19,0,0,1.45
P1410,Delhi,1650,4,3,7,2014,10,4,8.7,12,0,0,1.53
P1411,Mumbai,2597,3,3,6,2000,24,6,3.1,7,1,1,1.64
P1412,Mumbai,2134,2,1,3,1991,33,6,3.0,5,1,1,1.56
P1413,Delhi,2074,3,2,5,2000,24,8,2.8,16,0,0,1.62
P1414,Chennai,3099,2,1,3,2019,5,7,9.3,11,1,0,3.57
P1415,Hyderabad,1414,2,2,4,2000,24,7,8.7,0,1,1,1.78
P1416,Hyderabad,2357,3,2,5,1996,28,3,8.0,2,0,1,1.26
P1417,Mumbai,1834,4,3,7,2019,5,7,4.5,13,1,0,2.01
P1418,Hyderabad,1961,3,2,5,2005,19,6,5.5,7,1,1,1.6
P1419,Delhi,2717,2,2,4,2020,4,8,5.2,10,1,1,2.67
P1420,Chennai,2105,2,1,3,2001,23,9,3.3,13,1,0,1.63
P1421,Mumbai,2123,3,2,5,2016,8,2,5.5,7,0,1,1.34
P1422,Mumbai,2444,3,3,6,1990,34,8,1.3,2,1,0,1.64
P1423,Delhi,1581,4,3,7,2008,16,2,2.2,6,1,0,0.82
P1424,Hyderabad,1296,3,3,6,2011,13,5,9.0,18,1,0,1.34
P1425,Mumbai,1173,4,3,7,2004,20,6,7.8,3,1,1,1.43
P1426,Mumbai,620,3,2,5,2009,15,3,4.8,24,0,1,0.74
P1427,Hyderabad,3034,3,2,5,1986,38,7,5.7,15,0,0,1.81
P1428,Hyderabad,1138,3,2,5,1993,31,1,4.3,12,0,0,0.52
P1429,Mumbai,1667,5,3,8,2012,12,4,7.7,19,1,0,1.58
P1430,Chennai,1634,3,2,5,2022,2,6,8.1,18,0,1,1.71
P1431,Delhi,1984,3,2,5,1987,37,7,7.9,4,1,1,1.49
P1432,Delhi,2289,3,2,5,2004,20,9,7.5,22,0,0,2.15
P1433,Delhi,2316,2,1,3,1990,34,7,2.8,4,0,0,1.34
P1434,Delhi,1450,3,2,5,2023,1,7,4.0,19,1,0,1.56
P1435,Bangalore,1700,2,1,3,2017,7,5,5.2,23,1,0,1.4
P1436,Bangalore,1970,3,2,5,1985,39,1,4.0,3,1,0,0.68
P1437,Delhi,1651,3,2,5,2021,3,3,7.8,1,1,1,1.54
P1438,Chennai,2764,3,2,5,1990,34,6,4.0,12,0,0,1.47
P1439,Chennai,2095,4,2,6,2018,6,7,2.2,15,1,0,1.56
P1440,Delhi,2241,4,3,7,1999,25,5,4.6,21,1,0,1.4
P1441,Mumbai,2198,4,3,7,2010,14,7,9.8,1,1,0,2.3
P1442,Bangalore,2504,2,2,4,1998,26,6,3.0,18,0,0,1.39
P1443,Chennai,1909,2,1,3,1991,33,3,6.5,16,1,0,1.17
P1444,Bangalore,1022,3,2,5,2015,9,4,4.9,4,1,0,1.0
P1445,Bangalore,2040,3,2,5,2008,16,8,1.6,24,1,1,1.49
P1446,Mumbai,1409,3,2,5,2015,9,7,5.4,17,1,0,1.6
P1447,Bangalore,1483,1,1,2,2013,11,8,7.3,22,1,1,2.12
P1448,Delhi,2152,3,2,5,2016,8,3,5.6,20,0,0,1.22
P1449,Hyderabad,2543,1,1,2,2001,23,10,8.8,17,1,0,2.71
P1450,Bangalore,1813,4,3,7,1998,26,4,3.6,7,1,0,1.05
P1451,Delhi,1985,2,1,3,2020,4,1,1.8,14,1,1,1.1
P1452,Bangalore,2821,3,2,5,2008,16,10,9.4,12,1,0,4.14
P1453,Chennai,1944,1,1,2,2011,13,5,4.4,12,1,0,1.37
P1454,Delhi,3361,3,2,5,2009,15,7,6.2,15,1,1,3.63
P1455,Bangalore,2139,3,2,5,2016,8,4,8.1,21,1,0,2.07
P1456,Chennai,744,4,2,6,2002,22,6,3.9,19,1,1,0.81
P1457,Chennai,2252,4,3,7,2002,22,9,7.4,12,1,0,2.4
P1458,Mumbai,2029,3,2,5,2021,3,5,2.2,19,0,0,1.36
P1459,Bangalore,2574,4,3,7,2010,14,7,3.6,1,1,0,1.72
P1460,Hyderabad,2204,5,3,8,1993,31,4,2.3,2,0,1,1.04
P1461,Hyderabad,1717,4,2,6,2019,5,7,8.3,14,0,0,1.91
P1462,Bangalore,1065,4,2,6,1992,32,5,3.0,22,1,0,0.66
P1463,Hyderabad,1675,2,1,3,2004,20,4,7.5,18,0,0,1.09
P1464,Bangalore,1290,3,3,6,2006,18,5,9.5,12,1,0,1.28
P1465,Delhi,1452,2,1,3,2003,21,4,5.7,4,1,1,1.2
P1466,Bangalore,2153,2,1,3,2014,10,9,5.9,21,1,0,2.12
P1467,Mumbai,2802,5,3,8,2012,12,5,5.1,5,1,0,2.22
P1468,Delhi,2037,3,2,5,2019,5,4,3.9,13,1,0,1.23
P1469,Delhi,1082,4,3,7,1995,29,6,5.3,3,1,0,0.99
P1470,Chennai,2067,4,2,6,2015,9,5,6.4,21,1,0,1.71
P1471,Chennai,2518,4,4,8,2023,1,7,9.9,18,1,0,2.99
P1472,Bangalore,1434,5,3,8,2020,4,10,9.4,22,1,1,2.97
P1473,Delhi,1720,2,2,4,2014,10,6,8.8,6,1,1,1.59
P1474,Mumbai,1809,1,1,2,2007,17,8,9.0,3,1,0,2.15
P1475,Delhi,1329,3,3,6,2003,21,6,5.2,1,1,1,1.35
P1476,Chennai,2189,2,1,3,1996,28,4,6.9,6,1,0,1.35
P1477,Delhi,1727,1,1,2,1999,25,7,9.1,2,1,0,1.9
P1478,Delhi,2052,3,2,5,2015,9,6,4.5,14,0,0,1.51
P1479,Delhi,1268,4,2,6,2021,3,7,9.7,0,0,0,1.7
P1480,Chennai,1538,3,3,6,2021,3,8,4.7,1,1,0,1.9
P1481,Hyderabad,2233,3,2,5,1999,25,6,6.4,9,0,1,1.69
P1482,Chennai,1576,3,2,5,2013,11,9,7.4,15,1,1,2.53
P1483,Delhi,2836,2,2,4,2010,14,7,9.6,24,1,0,3.13
P1484,Delhi,1560,1,1,2,1986,38,6,3.2,14,0,0,0.86
P1485,Mumbai,1935,4,4,8,2004,20,7,7.7,23,1,1,1.93
P1486,Mumbai,2360,3,2,5,1999,25,5,5.7,14,0,0,1.45
P1487,Mumbai,949,4,3,7,1988,36,10,3.4,13,1,0,1.18
P1488,Mumbai,744,1,1,2,2006,18,7,8.0,21,1,0,1.22
P1489,Mumbai,885,4,2,6,2022,2,2,6.0,13,1,0,0.89
P1490,Mumbai,2558,3,2,5,2007,17,5,6.9,5,1,0,2.0
P1491,Mumbai,1469,3,2,5,2010,14,7,3.9,13,1,1,1.47
P1492,Bangalore,3335,3,2,5,1995,29,2,5.3,16,1,1,1.7
P1493,Hyderabad,1461,4,3,7,2012,12,2,6.6,17,0,0,0.9
P1494,Hyderabad,1911,3,3,6,1986,38,6,4.6,19,1,1,1.1
P1495,Mumbai,2725,3,2,5,1992,32,5,2.8,18,1,0,1.45
P1496,Delhi,3004,5,3,8,2013,11,6,9.7,16,1,0,3.51
P1497,Hyderabad,3037,4,4,8,1995,29,4,5.6,15,0,1,1.7
P1498,Mumbai,2525,3,2,5,2021,3,4,7.6,7,1,0,2.8
P1499,Chennai,2414,4,3,7,2002,22,7,4.7,6,1,0,1.69
P1500,Bangalore,2156,3,2,5,1998,26,6,4.2,19,0,0,1.35
