loan_id,credit_score,income_lpa,loan_amount_l,debt_ratio,employment_yr,num_accounts,late_payments,loan_purpose,defaulted
L00001,639,42.18,47.39,0.16,21.3,4,1,Personal,0
L00002,815,52.6,51.48,0.201,3.0,5,2,Education,0
L00003,673,28.41,72.36,0.168,8.7,3,1,Car,0
L00004,756,16.9,12.35,0.154,1.6,11,0,Education,0
L00005,638,8.6,40.84,0.491,0.9,1,0,Home,0
L00006,644,30.73,47.72,0.101,0.5,4,3,Education,0
L00007,710,22.19,44.87,0.186,0.4,13,2,Home,0
L00008,716,11.51,60.64,0.318,3.2,1,0,Education,0
L00009,641,14.82,27.43,0.489,0.8,4,2,Home,0
L00010,461,6.24,22.11,0.12,0.2,4,1,Home,1
L00011,637,13.96,65.91,0.244,0.1,5,0,Home,0
L00012,705,40.25,15.65,0.263,2.2,14,0,Home,0
L00013,652,37.66,44.94,0.21,0.3,11,0,Car,0
L00014,686,23.28,37.26,0.045,0.8,3,0,Education,0
L00015,672,16.58,79.95,0.098,5.4,6,1,Personal,0
L00016,535,22.01,68.6,0.376,2.8,10,1,Home,0
L00017,721,24.12,53.82,0.038,0.3,6,0,Car,0
L00018,604,10.8,70.33,0.163,4.3,2,0,Car,0
L00019,610,15.42,31.75,0.108,10.2,9,0,Home,0
L00020,697,49.32,79.87,0.146,5.1,5,1,Home,0
L00021,591,11.99,74.47,0.081,7.9,14,0,Home,0
L00022,671,12.29,48.36,0.165,0.4,3,1,Personal,0
L00023,582,22.42,39.5,0.154,4.2,6,0,Home,0
L00024,635,21.09,54.85,0.206,5.0,1,1,Home,0
L00025,620,23.2,65.74,0.48,5.5,11,0,Car,1
L00026,613,55.38,18.43,0.436,3.2,9,0,Home,0
L00027,585,10.61,78.37,0.091,9.8,11,0,Home,0
L00028,646,11.45,37.28,0.366,6.5,10,0,Education,0
L00029,660,9.63,42.27,0.099,5.3,10,2,Car,0
L00030,724,25.43,57.78,0.137,5.0,7,0,Home,0
L00031,604,58.6,28.41,0.191,2.9,7,2,Home,1
L00032,654,18.16,28.71,0.372,4.6,11,2,Home,0
L00033,827,20.14,20.86,0.339,0.1,3,1,Personal,0
L00034,681,12.13,65.72,0.547,12.0,5,0,Personal,1
L00035,689,25.13,56.47,0.288,2.8,5,2,Home,0
L00036,685,22.25,53.33,0.178,3.1,7,0,Home,0
L00037,514,25.24,15.16,0.183,0.7,9,0,Home,0
L00038,630,68.94,46.0,0.331,14.4,3,0,Home,0
L00039,479,9.95,55.25,0.301,0.4,9,0,Education,0
L00040,719,28.77,40.83,0.407,0.1,8,3,Personal,0
L00041,786,27.34,6.48,0.093,10.4,11,0,Personal,0
L00042,608,10.68,50.81,0.059,2.1,11,0,Home,0
L00043,791,25.42,31.08,0.494,22.8,6,0,Home,0
L00044,560,16.39,59.53,0.37,1.6,5,2,Personal,1
L00045,555,19.21,65.92,0.065,4.2,1,2,Home,1
L00046,694,22.05,73.58,0.648,5.2,14,0,Home,0
L00047,585,16.59,10.67,0.183,1.7,7,0,Personal,0
L00048,610,8.3,44.81,0.411,1.2,13,0,Home,1
L00049,737,21.17,75.85,0.348,17.2,3,1,Personal,0
L00050,572,37.92,22.29,0.674,0.9,6,1,Car,0
L00051,627,30.25,49.97,0.196,4.6,7,0,Personal,0
L00052,641,20.74,76.16,0.372,11.4,2,0,Home,0
L00053,680,18.67,29.32,0.397,14.8,14,0,Personal,0
L00054,709,21.76,8.52,0.247,9.1,8,2,Home,0
L00055,642,35.24,57.06,0.143,1.8,1,0,Home,0
L00056,554,7.31,33.37,0.199,4.7,13,0,Car,1
L00057,731,43.03,36.37,0.311,0.2,2,0,Home,0
L00058,850,14.05,69.37,0.214,12.4,12,1,Personal,0
L00059,716,10.1,25.16,0.127,1.3,11,1,Home,0
L00060,695,36.31,40.08,0.098,1.0,14,2,Education,0
L00061,620,42.35,58.5,0.275,1.9,1,1,Car,0
L00062,630,10.03,58.6,0.205,0.9,3,1,Home,0
L00063,539,15.29,8.25,0.103,0.5,6,0,Education,0
L00064,699,20.26,32.76,0.44,2.2,7,0,Personal,1
L00065,639,21.04,44.35,0.148,0.1,12,2,Home,0
L00066,753,15.58,18.53,0.193,3.1,14,0,Personal,0
L00067,567,21.93,59.56,0.37,0.5,4,1,Home,0
L00068,759,21.25,60.81,0.181,2.0,13,0,Home,0
L00069,625,29.22,33.72,0.055,20.8,1,0,Personal,0
L00070,601,35.2,36.6,0.502,1.2,7,0,Car,0
L00071,611,11.08,6.4,0.039,4.0,4,1,Personal,0
L00072,601,39.1,20.14,0.179,1.6,4,0,Home,1
L00073,483,25.2,5.21,0.247,4.4,5,1,Education,0
L00074,701,7.9,19.88,0.206,4.4,5,0,Personal,0
L00075,712,25.43,34.98,0.501,4.3,14,0,Personal,0
L00076,752,29.32,62.39,0.086,1.4,3,1,Education,0
L00077,706,4.94,61.41,0.119,10.2,13,0,Personal,0
L00078,702,11.76,55.67,0.419,2.2,1,1,Education,0
L00079,516,28.39,5.37,0.376,0.9,5,2,Car,0
L00080,665,19.47,6.56,0.296,1.5,14,0,Home,1
L00081,559,28.64,78.16,0.268,3.7,5,1,Education,0
L00082,628,19.03,10.82,0.464,2.6,7,1,Personal,0
L00083,762,24.06,31.55,0.427,2.0,2,0,Personal,0
L00084,653,33.99,76.73,0.28,2.3,2,1,Car,0
L00085,441,22.35,24.76,0.281,1.1,11,1,Personal,1
L00086,570,21.35,70.32,0.452,1.3,4,1,Education,0
L00087,605,41.66,67.07,0.197,0.1,9,0,Car,0
L00088,632,38.97,33.12,0.244,0.1,3,3,Home,0
L00089,725,21.45,73.78,0.208,2.6,7,1,Home,0
L00090,717,46.15,54.51,0.531,2.6,8,0,Education,0
L00091,715,33.05,53.75,0.538,14.2,13,2,Home,0
L00092,669,9.93,26.52,0.74,11.0,9,0,Personal,0
L00093,626,20.77,34.38,0.283,2.8,14,1,Home,0
L00094,621,17.35,69.26,0.111,1.4,12,2,Education,0
L00095,685,46.17,50.9,0.445,4.2,9,0,Car,0
L00096,725,37.56,66.83,0.48,1.1,11,0,Home,0
L00097,774,12.61,39.17,0.317,5.8,4,0,Education,0
L00098,657,24.88,23.43,0.14,7.6,10,2,Education,0
L00099,674,25.63,62.75,0.151,3.6,4,2,Car,0
L00100,769,9.84,49.9,0.316,14.3,11,0,Car,0
L00101,563,17.99,72.98,0.423,13.1,11,0,Home,1
L00102,716,14.17,17.9,0.268,8.7,9,1,Personal,0
L00103,587,6.76,53.67,0.079,2.9,11,2,Home,1
L00104,778,10.87,36.58,0.266,0.9,4,0,Home,0
L00105,762,42.36,60.31,0.38,2.3,8,0,Home,0
L00106,782,30.03,31.51,0.515,5.2,4,1,Home,0
L00107,773,40.82,18.74,0.213,1.3,12,2,Home,0
L00108,717,15.91,61.46,0.229,8.9,11,0,Car,0
L00109,568,45.76,55.81,0.255,2.2,10,0,Personal,1
L00110,690,11.29,10.53,0.245,1.7,6,0,Education,0
L00111,722,39.79,56.36,0.27,1.0,8,1,Home,0
L00112,688,30.7,23.7,0.234,5.7,6,0,Home,0
L00113,641,20.21,76.28,0.314,1.1,9,0,Home,0
L00114,663,11.45,66.98,0.558,3.1,6,2,Education,1
L00115,681,25.64,62.11,0.209,2.9,3,0,Education,0
L00116,568,18.05,5.92,0.429,15.4,4,0,Home,0
L00117,704,15.69,47.05,0.35,4.5,3,0,Education,0
L00118,694,11.79,38.11,0.358,8.2,9,1,Personal,0
L00119,639,28.93,49.61,0.435,0.1,11,0,Home,1
L00120,703,14.6,39.63,0.466,12.7,10,1,Home,0
L00121,743,59.91,17.32,0.214,1.0,3,1,Education,0
L00122,569,20.26,21.55,0.027,3.7,12,0,Car,0
L00123,768,19.45,47.11,0.359,0.4,11,1,Personal,0
L00124,731,18.76,67.2,0.317,9.0,8,1,Home,0
L00125,730,52.18,11.51,0.364,1.3,8,1,Car,0
L00126,730,33.26,45.23,0.562,0.3,11,0,Car,1
L00127,707,12.2,63.42,0.158,1.2,13,0,Personal,0
L00128,650,57.59,41.09,0.314,15.8,3,1,Personal,0
L00129,591,33.04,64.51,0.116,2.8,11,0,Car,0
L00130,691,12.03,40.98,0.478,7.1,2,1,Education,0
L00131,661,14.19,46.86,0.305,3.4,14,0,Home,0
L00132,595,25.21,75.41,0.384,15.0,14,0,Car,0
L00133,791,16.32,37.29,0.28,1.9,10,0,Car,0
L00134,717,55.69,19.05,0.302,0.6,1,1,Car,0
L00135,625,17.03,8.72,0.192,2.1,13,1,Car,0
L00136,524,33.82,43.57,0.534,5.9,1,4,Personal,1
L00137,583,10.83,79.31,0.494,3.6,7,1,Home,1
L00138,689,18.28,45.11,0.146,2.2,1,0,Home,0
L00139,629,36.25,22.99,0.298,5.9,1,1,Education,0
L00140,545,13.12,74.49,0.265,1.6,14,0,Car,1
L00141,671,21.18,11.69,0.093,4.8,4,0,Education,0
L00142,637,26.15,79.58,0.205,2.3,12,2,Home,1
L00143,618,17.49,50.06,0.237,4.8,5,0,Home,1
L00144,550,19.83,38.18,0.321,2.9,8,1,Car,0
L00145,677,15.84,77.24,0.256,2.0,5,1,Personal,1
L00146,564,12.42,53.33,0.377,5.5,12,0,Personal,0
L00147,633,15.58,53.66,0.151,2.1,2,2,Home,0
L00148,743,19.42,68.55,0.262,9.8,3,3,Home,0
L00149,750,22.09,78.18,0.503,1.7,8,1,Home,0
L00150,640,16.4,46.67,0.303,17.2,6,1,Home,0
L00151,404,28.75,16.2,0.236,0.2,11,1,Car,0
L00152,710,64.76,12.64,0.037,0.5,13,2,Home,0
L00153,576,19.2,73.17,0.15,9.5,3,2,Education,0
L00154,539,9.1,10.0,0.173,6.1,10,1,Home,0
L00155,709,10.93,55.07,0.794,2.9,11,2,Education,1
L00156,502,36.89,33.98,0.4,6.5,9,1,Car,0
L00157,707,39.79,10.49,0.221,0.5,13,1,Car,0
L00158,722,31.25,42.06,0.635,3.0,10,1,Car,0
L00159,690,21.75,79.09,0.316,18.4,11,2,Personal,0
L00160,667,18.72,45.42,0.642,5.8,9,0,Home,0
L00161,641,18.92,65.1,0.308,2.0,10,2,Home,1
L00162,611,74.74,53.75,0.413,0.4,6,1,Car,0
L00163,563,13.01,15.35,0.202,3.6,3,0,Car,0
L00164,839,15.16,28.32,0.073,5.1,3,1,Personal,0
L00165,614,28.6,14.89,0.555,9.1,6,2,Education,1
L00166,576,35.73,40.68,0.125,12.2,6,0,Personal,0
L00167,643,19.24,65.38,0.352,0.6,6,0,Home,0
L00168,696,15.46,43.67,0.176,3.3,3,0,Car,0
L00169,732,19.18,22.9,0.084,2.8,2,1,Education,0
L00170,632,11.75,5.62,0.573,1.8,1,1,Home,0
L00171,635,32.12,26.89,0.519,2.4,1,1,Personal,0
L00172,586,18.3,63.92,0.432,1.4,3,1,Car,1
L00173,630,23.2,15.45,0.579,0.7,14,3,Car,0
L00174,719,16.87,76.58,0.381,1.2,7,0,Home,0
L00175,645,26.35,20.66,0.085,1.2,2,3,Personal,0
L00176,621,15.9,67.97,0.249,0.1,13,0,Home,0
L00177,664,17.81,66.21,0.068,4.9,7,1,Car,0
L00178,587,14.21,75.39,0.278,2.7,2,1,Education,1
L00179,477,25.48,18.37,0.522,0.6,2,1,Home,0
L00180,611,36.65,64.56,0.476,4.3,1,4,Personal,1
L00181,411,22.61,15.17,0.122,5.4,10,1,Personal,0
L00182,629,19.9,6.76,0.491,3.3,12,2,Education,1
L00183,683,14.94,74.04,0.272,0.6,6,0,Education,0
L00184,729,10.4,61.14,0.158,1.8,2,1,Personal,0
L00185,692,8.8,13.42,0.193,12.7,2,1,Personal,0
L00186,653,18.4,31.76,0.127,0.7,1,2,Home,0
L00187,568,15.52,13.04,0.574,0.1,7,1,Car,0
L00188,562,10.14,72.76,0.378,1.1,8,2,Education,0
L00189,633,20.3,35.77,0.386,4.6,8,0,Education,0
L00190,581,11.7,65.54,0.292,6.5,11,0,Car,0
L00191,573,38.13,21.64,0.096,1.1,7,2,Personal,0
L00192,654,27.37,23.62,0.21,8.7,8,0,Education,0
L00193,582,23.74,34.33,0.428,3.7,6,0,Home,0
L00194,505,10.54,11.2,0.107,2.6,6,0,Education,0
L00195,633,16.97,15.64,0.109,2.8,4,2,Personal,0
L00196,574,14.1,17.44,0.498,3.7,7,0,Car,1
L00197,691,19.31,59.24,0.097,1.1,9,0,Personal,0
L00198,754,14.01,6.3,0.407,0.9,3,1,Education,0
L00199,711,10.58,47.61,0.654,2.7,4,0,Personal,0
L00200,685,10.31,63.83,0.062,0.9,13,1,Personal,0
L00201,759,18.76,56.82,0.239,2.7,1,1,Home,0
L00202,572,9.23,24.38,0.539,1.5,2,1,Personal,1
L00203,604,33.23,5.61,0.372,0.8,9,0,Home,0
L00204,665,11.53,66.64,0.09,0.6,2,2,Home,1
L00205,618,20.33,19.01,0.077,2.0,8,0,Car,0
L00206,662,19.93,40.9,0.219,2.7,4,1,Education,0
L00207,620,24.32,55.29,0.544,21.2,5,3,Personal,0
L00208,629,28.31,54.04,0.173,2.1,11,0,Car,1
L00209,616,9.97,11.34,0.501,7.1,3,2,Home,0
L00210,710,28.93,13.98,0.113,5.7,4,1,Education,0
L00211,635,9.54,9.44,0.093,10.3,12,0,Home,1
L00212,545,26.38,26.51,0.398,5.3,13,2,Car,1
L00213,640,30.12,55.24,0.261,3.4,6,0,Car,0
L00214,601,10.01,79.89,0.435,3.0,7,0,Car,1
L00215,766,18.42,10.63,0.276,0.9,12,0,Education,0
L00216,679,31.48,75.83,0.194,14.8,1,1,Car,1
L00217,752,17.95,51.44,0.09,9.2,2,1,Education,0
L00218,659,23.33,47.92,0.135,3.8,10,2,Education,0
L00219,724,64.76,30.41,0.589,13.7,3,1,Education,1
L00220,711,7.71,38.19,0.289,1.0,7,1,Personal,0
L00221,695,14.52,45.47,0.337,5.7,7,0,Car,1
L00222,511,45.29,53.38,0.553,1.0,14,1,Home,1
L00223,666,8.6,36.4,0.392,1.8,7,0,Personal,1
L00224,759,26.17,55.59,0.404,2.8,10,1,Car,0
L00225,651,26.27,5.72,0.25,2.3,6,1,Personal,0
L00226,744,60.99,42.93,0.308,8.3,4,1,Education,0
L00227,612,19.19,34.2,0.469,3.0,7,0,Home,1
L00228,625,29.04,36.61,0.593,5.3,12,1,Home,0
L00229,705,40.41,35.36,0.199,2.3,5,1,Car,0
L00230,537,7.45,27.89,0.524,0.5,4,0,Personal,1
L00231,784,27.25,76.26,0.455,7.6,10,1,Education,0
L00232,628,35.76,49.94,0.1,2.2,3,1,Home,0
L00233,755,22.75,30.93,0.702,6.0,12,0,Personal,0
L00234,602,13.22,13.87,0.57,4.2,6,1,Home,1
L00235,710,36.55,36.89,0.037,10.4,6,1,Education,0
L00236,617,19.94,62.22,0.481,4.2,14,0,Home,1
L00237,527,24.04,34.25,0.099,11.4,8,3,Home,0
L00238,616,13.13,59.2,0.05,7.8,6,0,Car,0
L00239,641,8.51,34.59,0.05,5.0,14,2,Car,0
L00240,688,24.29,17.38,0.263,7.2,7,0,Personal,0
L00241,587,38.14,22.63,0.481,2.0,2,1,Home,0
L00242,692,9.78,32.93,0.349,0.1,11,2,Home,0
L00243,629,13.99,63.91,0.654,0.4,2,1,Car,1
L00244,492,15.45,46.22,0.307,2.9,11,1,Car,1
L00245,729,7.82,28.43,0.165,8.6,9,2,Home,0
L00246,736,18.64,13.04,0.185,0.3,2,1,Home,0
L00247,621,44.31,38.59,0.212,8.0,10,2,Personal,0
L00248,635,20.42,31.21,0.142,3.7,5,0,Education,0
L00249,608,10.86,74.57,0.263,2.4,2,2,Personal,0
L00250,680,25.58,75.25,0.249,2.6,9,1,Home,0
L00251,603,22.8,34.32,0.481,0.9,12,2,Home,0
L00252,717,22.29,68.46,0.12,0.4,10,0,Education,0
L00253,638,19.42,54.7,0.044,1.2,2,1,Home,1
L00254,546,13.51,57.94,0.361,2.6,1,0,Personal,1
L00255,705,12.47,12.59,0.081,1.8,13,1,Education,0
L00256,688,36.95,35.33,0.383,7.4,14,1,Personal,0
L00257,502,28.9,64.46,0.044,3.5,9,0,Education,0
L00258,665,12.89,16.49,0.365,2.1,1,1,Education,0
L00259,695,17.27,45.32,0.445,8.1,10,0,Personal,1
L00260,643,4.96,77.21,0.213,1.3,10,2,Education,1
L00261,612,19.32,40.23,0.226,2.9,7,1,Education,0
L00262,748,26.67,44.96,0.087,0.6,5,2,Home,0
L00263,597,17.33,56.08,0.191,1.8,9,2,Home,0
L00264,789,40.98,39.81,0.168,6.8,7,0,Personal,0
L00265,592,8.11,11.98,0.372,0.3,11,0,Home,0
L00266,725,20.58,67.12,0.178,7.5,6,0,Car,0
L00267,794,8.41,37.99,0.155,1.3,13,1,Home,0
L00268,547,28.91,41.71,0.235,9.0,5,1,Home,0
L00269,688,11.77,49.64,0.087,1.8,7,0,Home,0
L00270,592,25.48,17.03,0.233,12.5,14,4,Home,0
L00271,714,12.54,73.78,0.063,1.4,6,1,Education,0
L00272,765,8.98,13.42,0.375,3.4,6,1,Education,0
L00273,792,26.49,51.05,0.154,1.3,1,0,Education,0
L00274,732,18.55,31.1,0.171,0.9,2,0,Home,0
L00275,623,17.52,27.17,0.192,0.8,8,0,Education,0
L00276,708,34.21,21.95,0.247,1.2,13,2,Home,0
L00277,850,19.14,39.45,0.256,9.8,2,1,Home,0
L00278,751,27.12,31.96,0.56,7.3,1,0,Personal,1
L00279,829,6.08,28.19,0.209,2.0,9,1,Personal,0
L00280,743,24.89,79.22,0.357,1.4,11,1,Personal,0
L00281,556,19.09,38.08,0.594,18.0,12,0,Home,0
L00282,630,15.21,14.19,0.518,2.7,8,1,Education,0
L00283,709,13.0,14.09,0.255,1.1,6,0,Personal,0
L00284,577,8.31,79.41,0.202,3.5,5,1,Education,0
L00285,707,44.94,12.5,0.306,5.4,2,1,Home,0
L00286,498,25.79,31.86,0.369,5.0,1,1,Personal,0
L00287,646,11.86,6.4,0.331,8.4,5,1,Car,0
L00288,699,26.15,51.57,0.643,1.8,4,0,Car,0
L00289,504,9.54,66.28,0.187,0.6,4,0,Education,0
L00290,697,22.14,61.16,0.467,0.9,9,1,Home,1
L00291,725,25.23,71.78,0.433,1.2,9,1,Education,1
L00292,728,18.23,76.57,0.285,0.5,8,1,Home,0
L00293,522,17.59,7.07,0.182,0.3,11,0,Car,1
L00294,539,16.05,6.52,0.524,3.2,13,1,Personal,1
L00295,745,33.72,9.93,0.256,9.3,2,0,Car,0
L00296,745,11.62,77.91,0.202,2.3,7,0,Car,0
L00297,570,26.05,32.59,0.502,2.6,4,0,Home,1
L00298,548,16.96,45.69,0.342,2.6,2,0,Car,0
L00299,732,45.17,28.78,0.339,4.4,9,0,Home,0
L00300,498,12.41,15.77,0.193,7.8,9,1,Education,1
L00301,707,19.75,39.6,0.075,3.0,4,1,Personal,0
L00302,522,26.52,75.13,0.235,0.2,14,0,Education,1
L00303,539,22.16,5.4,0.403,7.6,6,1,Home,1
L00304,661,15.68,28.94,0.177,0.5,4,0,Home,0
L00305,707,30.5,18.65,0.352,1.6,5,0,Education,0
L00306,709,12.04,35.63,0.323,1.0,14,0,Car,0
L00307,665,34.41,46.49,0.265,27.1,2,0,Home,0
L00308,584,37.53,43.36,0.299,4.4,8,1,Education,0
L00309,588,31.07,11.29,0.572,4.3,5,1,Car,1
L00310,671,10.54,72.05,0.147,1.6,11,1,Education,1
L00311,707,16.02,46.93,0.441,8.4,12,1,Car,1
L00312,580,15.94,55.45,0.16,0.1,9,0,Car,0
L00313,596,23.89,11.88,0.071,4.3,10,1,Home,0
L00314,603,18.32,34.34,0.495,6.5,7,0,Home,1
L00315,655,17.03,6.92,0.185,0.1,8,1,Home,0
L00316,575,24.24,72.69,0.466,1.4,3,0,Home,0
L00317,649,26.7,15.54,0.424,1.5,8,0,Home,0
L00318,667,34.48,30.51,0.339,3.6,5,1,Home,0
L00319,691,13.42,9.7,0.105,0.4,6,0,Personal,0
L00320,687,17.51,24.85,0.221,5.6,13,0,Home,0
L00321,550,25.16,40.8,0.134,3.4,3,0,Car,0
L00322,655,41.91,74.67,0.317,0.7,3,1,Personal,0
L00323,686,27.09,55.61,0.213,0.7,5,2,Personal,0
L00324,595,16.57,74.49,0.434,10.5,4,1,Car,0
L00325,619,11.98,30.92,0.246,0.1,13,1,Education,0
L00326,762,37.38,79.43,0.068,0.1,3,3,Home,0
L00327,493,20.02,65.73,0.225,15.4,1,0,Home,0
L00328,824,23.57,39.71,0.293,9.4,3,1,Education,0
L00329,748,39.94,19.6,0.247,1.4,1,1,Education,0
L00330,626,19.01,5.74,0.548,0.0,2,0,Education,1
L00331,781,16.5,63.66,0.117,4.0,9,1,Home,1
L00332,573,15.95,12.38,0.418,6.4,13,2,Car,0
L00333,692,28.21,11.13,0.137,0.4,7,2,Home,0
L00334,539,36.25,23.92,0.239,3.0,2,1,Home,0
L00335,776,12.08,49.96,0.643,8.5,14,1,Personal,0
L00336,599,20.82,21.78,0.036,12.2,9,0,Car,0
L00337,720,13.28,66.57,0.252,0.3,7,0,Home,0
L00338,668,11.56,52.82,0.203,1.2,1,2,Personal,0
L00339,621,23.2,54.62,0.409,0.0,9,2,Car,1
L00340,608,29.18,33.43,0.115,2.7,1,2,Personal,0
L00341,850,45.41,18.92,0.177,6.8,8,1,Education,0
L00342,597,29.62,48.61,0.642,1.8,13,1,Car,1
L00343,694,27.94,55.92,0.136,2.9,8,0,Home,0
L00344,706,25.93,20.05,0.341,7.6,14,1,Home,0
L00345,743,18.7,24.18,0.228,9.2,4,1,Home,0
L00346,740,19.27,10.7,0.25,1.6,3,1,Home,0
L00347,563,17.42,27.63,0.394,6.9,3,0,Car,0
L00348,651,28.82,11.18,0.1,1.7,3,0,Home,0
L00349,705,12.27,65.1,0.074,1.3,13,0,Home,0
L00350,676,34.11,74.55,0.099,1.1,6,2,Personal,0
L00351,596,23.17,65.57,0.419,0.2,14,0,Home,0
L00352,614,14.6,59.15,0.201,0.1,8,1,Car,1
L00353,647,17.75,21.35,0.297,0.5,2,0,Home,0
L00354,561,19.29,49.78,0.39,0.1,4,0,Personal,0
L00355,649,29.5,63.13,0.128,0.2,8,0,Personal,0
L00356,699,8.43,45.71,0.359,9.0,12,0,Home,0
L00357,695,16.69,39.79,0.334,0.9,2,0,Home,0
L00358,692,23.12,11.74,0.568,1.1,3,1,Education,0
L00359,580,19.04,41.1,0.261,2.6,5,0,Home,0
L00360,521,23.52,79.49,0.617,0.5,12,1,Personal,1
L00361,679,21.93,51.93,0.081,9.3,3,0,Home,0
L00362,594,26.69,5.3,0.275,6.0,11,0,Home,0
L00363,682,19.79,70.11,0.312,3.9,9,0,Home,0
L00364,777,11.58,35.45,0.445,0.7,6,2,Personal,0
L00365,667,9.3,58.79,0.331,0.7,10,2,Car,1
L00366,633,11.12,5.24,0.094,2.0,14,0,Education,0
L00367,592,11.25,60.06,0.239,0.4,4,0,Home,1
L00368,575,15.4,35.48,0.147,1.5,6,0,Personal,0
L00369,754,18.36,78.89,0.351,11.3,6,1,Personal,0
L00370,456,16.03,53.84,0.621,0.4,2,0,Home,0
L00371,636,12.15,36.06,0.131,0.2,12,1,Car,0
L00372,746,23.85,54.25,0.47,1.3,3,0,Home,0
L00373,570,30.18,15.04,0.191,3.5,10,1,Personal,0
L00374,645,20.11,63.73,0.285,0.1,1,0,Car,0
L00375,629,20.56,26.83,0.342,6.2,2,0,Car,0
L00376,696,14.3,60.53,0.376,11.4,9,0,Personal,1
L00377,766,10.23,14.88,0.141,0.9,8,1,Car,0
L00378,616,38.03,63.29,0.131,1.8,7,0,Education,0
L00379,570,8.45,43.87,0.416,0.9,10,0,Home,0
L00380,599,36.74,65.83,0.183,0.7,8,1,Education,0
L00381,807,21.64,75.88,0.394,2.0,14,3,Personal,0
L00382,808,16.59,37.74,0.092,1.0,5,2,Car,0
L00383,684,25.67,56.08,0.386,11.1,9,0,Home,1
L00384,700,9.61,10.51,0.262,6.4,10,1,Home,0
L00385,600,44.54,42.52,0.112,4.9,2,1,Personal,0
L00386,732,7.65,50.88,0.254,1.4,1,1,Education,1
L00387,630,9.14,41.04,0.081,4.9,11,1,Car,0
L00388,583,36.82,19.95,0.283,3.4,3,0,Home,0
L00389,670,43.53,56.06,0.446,0.1,13,1,Home,0
L00390,626,24.62,74.53,0.498,1.7,2,2,Education,0
L00391,668,12.74,62.54,0.117,16.5,5,1,Personal,0
L00392,648,35.89,63.01,0.151,10.6,4,0,Education,0
L00393,678,24.04,66.77,0.288,8.3,7,1,Education,0
L00394,660,32.22,40.12,0.278,4.2,2,1,Home,0
L00395,800,13.35,54.02,0.516,1.0,3,1,Home,1
L00396,710,27.13,54.87,0.255,5.5,1,1,Home,0
L00397,624,12.01,63.37,0.173,0.0,2,3,Home,1
L00398,693,29.01,71.68,0.048,6.8,6,2,Home,0
L00399,604,23.95,72.14,0.276,1.6,9,1,Car,0
L00400,650,18.98,63.73,0.381,4.3,14,3,Personal,0
L00401,570,23.3,33.72,0.281,1.7,14,2,Home,1
L00402,568,41.75,41.82,0.085,5.3,10,0,Home,0
L00403,662,20.89,72.06,0.281,5.1,12,1,Education,0
L00404,538,14.42,12.42,0.247,1.2,6,0,Home,0
L00405,662,7.84,65.38,0.186,14.5,2,0,Home,0
L00406,620,9.19,47.35,0.317,0.8,10,1,Education,0
L00407,654,12.33,44.62,0.369,1.4,3,0,Home,0
L00408,708,13.6,38.28,0.788,11.0,14,0,Personal,1
L00409,731,22.06,46.15,0.164,0.5,1,2,Personal,0
L00410,683,22.27,8.33,0.261,0.0,11,1,Car,0
L00411,581,18.34,41.24,0.056,0.3,6,1,Home,0
L00412,701,39.95,60.74,0.371,10.4,7,0,Personal,0
L00413,768,6.61,9.73,0.269,1.5,6,1,Home,1
L00414,676,42.94,65.16,0.291,3.0,8,2,Education,1
L00415,500,36.76,34.34,0.2,10.5,13,0,Personal,0
L00416,550,17.6,37.74,0.395,2.4,14,0,Home,0
L00417,677,13.72,29.71,0.215,0.4,1,0,Personal,0
L00418,626,26.94,72.5,0.11,6.3,6,3,Car,1
L00419,833,29.42,26.52,0.188,2.0,8,0,Home,0
L00420,612,26.91,63.02,0.27,0.2,1,0,Home,0
L00421,632,111.54,76.1,0.26,2.4,5,0,Personal,0
L00422,694,20.67,20.73,0.193,1.9,12,0,Personal,0
L00423,459,24.43,57.18,0.322,4.8,8,0,Home,1
L00424,721,18.12,56.15,0.27,2.8,13,0,Education,0
L00425,630,18.15,10.77,0.209,2.1,4,4,Car,0
L00426,537,20.92,54.67,0.093,1.2,4,0,Car,1
L00427,617,18.93,71.55,0.189,3.8,9,0,Car,0
L00428,744,24.99,78.96,0.466,8.8,2,0,Personal,0
L00429,673,13.45,14.9,0.37,0.7,6,0,Personal,0
L00430,431,38.65,6.87,0.696,2.0,4,0,Education,1
L00431,686,15.3,17.15,0.259,2.1,6,0,Personal,0
L00432,625,12.49,43.8,0.151,2.2,5,0,Car,1
L00433,667,17.68,44.46,0.709,9.5,9,1,Personal,0
L00434,548,14.24,63.68,0.161,0.1,5,2,Car,1
L00435,730,31.78,38.11,0.177,5.3,1,0,Car,0
L00436,729,34.68,63.72,0.365,1.5,14,0,Car,0
L00437,662,26.95,46.47,0.555,17.7,8,0,Home,0
L00438,651,11.49,18.41,0.243,2.3,4,1,Education,0
L00439,741,40.02,6.98,0.237,5.2,8,1,Personal,0
L00440,689,12.5,74.41,0.345,0.5,12,1,Education,1
L00441,629,34.89,78.99,0.269,2.8,12,0,Home,0
L00442,636,44.83,18.59,0.526,4.8,11,1,Car,0
L00443,688,14.44,45.45,0.497,0.2,6,2,Education,1
L00444,798,15.14,44.22,0.338,7.7,4,2,Home,0
L00445,613,54.62,34.88,0.201,0.9,7,2,Home,0
L00446,616,14.22,35.44,0.332,0.3,14,1,Car,0
L00447,715,18.32,46.98,0.093,11.7,11,2,Car,0
L00448,608,20.75,18.53,0.302,3.2,1,2,Home,0
L00449,576,24.74,10.43,0.489,8.8,4,1,Home,0
L00450,566,18.03,22.99,0.097,1.6,9,0,Car,0
L00451,767,14.25,65.77,0.202,8.1,4,2,Home,0
L00452,582,107.39,76.53,0.312,3.8,13,2,Home,0
L00453,632,21.66,37.92,0.075,7.3,13,0,Car,0
L00454,531,49.33,24.24,0.525,4.4,2,2,Car,0
L00455,644,19.43,6.97,0.254,0.5,5,0,Car,0
L00456,618,15.86,76.01,0.319,5.0,8,0,Personal,1
L00457,637,11.0,31.78,0.386,11.2,12,2,Home,1
L00458,616,34.32,71.05,0.248,4.1,9,3,Personal,0
L00459,653,23.49,27.99,0.387,2.1,11,0,Personal,0
L00460,636,7.89,49.24,0.005,2.5,8,0,Home,0
L00461,634,29.79,16.62,0.285,1.9,14,0,Home,0
L00462,595,12.21,76.31,0.454,12.3,12,0,Home,1
L00463,596,15.85,43.9,0.098,9.6,10,0,Car,0
L00464,718,17.81,23.57,0.201,6.5,2,0,Home,0
L00465,640,31.83,53.94,0.187,1.2,3,1,Home,0
L00466,745,31.06,29.18,0.392,16.4,6,0,Personal,0
L00467,616,14.31,50.71,0.295,4.2,10,0,Home,0
L00468,605,21.59,6.55,0.325,2.2,2,4,Personal,0
L00469,735,13.43,27.91,0.336,0.0,5,3,Car,1
L00470,639,21.63,44.63,0.367,1.7,12,0,Car,0
L00471,627,17.28,24.58,0.183,0.0,10,2,Home,0
L00472,622,17.59,23.84,0.372,11.3,2,1,Personal,0
L00473,762,21.87,29.46,0.304,12.3,10,1,Personal,0
L00474,655,45.41,54.17,0.053,5.1,8,0,Home,0
L00475,702,18.53,60.79,0.182,2.2,7,0,Home,0
L00476,738,18.14,11.82,0.265,0.3,13,0,Personal,0
L00477,685,31.31,31.34,0.092,7.3,14,1,Car,0
L00478,566,26.95,5.53,0.137,1.1,5,1,Personal,0
L00479,681,32.16,32.83,0.093,1.1,8,1,Personal,0
L00480,755,15.67,39.72,0.214,1.6,8,0,Personal,0
L00481,720,33.74,63.56,0.085,0.3,8,2,Home,0
L00482,669,31.38,33.96,0.233,0.4,4,0,Home,0
L00483,610,29.45,50.44,0.445,5.5,3,1,Car,0
L00484,724,25.75,37.15,0.468,0.8,13,0,Car,0
L00485,503,39.64,56.99,0.204,0.2,7,2,Personal,0
L00486,737,16.22,34.06,0.245,1.6,4,1,Home,0
L00487,753,16.52,25.71,0.26,2.9,11,0,Education,0
L00488,581,15.17,51.51,0.193,0.7,14,1,Home,0
L00489,659,17.42,37.26,0.198,5.5,6,0,Car,0
L00490,508,33.29,76.07,0.454,0.9,9,0,Personal,1
L00491,646,35.19,61.72,0.142,0.1,8,0,Personal,0
L00492,603,11.62,42.49,0.198,1.9,12,1,Car,0
L00493,545,15.6,37.6,0.503,4.6,7,0,Home,0
L00494,672,11.81,17.06,0.654,2.0,4,0,Home,0
L00495,782,40.98,54.48,0.295,3.0,12,0,Home,0
L00496,727,18.38,53.85,0.357,2.5,4,0,Car,0
L00497,618,18.93,13.59,0.136,0.4,13,1,Education,0
L00498,768,27.08,54.02,0.086,3.8,9,0,Home,0
L00499,725,15.59,45.88,0.128,12.9,8,0,Home,0
L00500,814,11.8,78.6,0.077,4.9,8,2,Home,0
L00501,629,18.75,8.2,0.284,1.1,12,0,Education,0
L00502,728,39.81,24.75,0.194,0.3,8,0,Education,0
L00503,804,31.14,12.27,0.122,1.2,14,0,Personal,0
L00504,499,18.83,77.68,0.491,0.3,2,1,Home,1
L00505,711,25.73,10.41,0.53,2.0,3,3,Car,1
L00506,564,20.68,11.82,0.065,1.6,10,0,Car,0
L00507,601,28.05,76.49,0.219,1.8,6,2,Car,1
L00508,657,16.24,8.01,0.126,0.8,7,1,Education,0
L00509,678,26.69,8.54,0.061,8.6,5,0,Education,0
L00510,789,22.91,11.72,0.385,1.4,13,0,Home,0
L00511,667,13.97,79.65,0.47,4.8,13,0,Home,0
L00512,651,30.77,18.28,0.189,2.4,3,1,Home,0
L00513,599,20.09,34.63,0.283,1.8,13,0,Personal,0
L00514,566,18.2,50.84,0.137,0.5,10,1,Car,0
L00515,558,37.34,75.5,0.458,7.1,1,2,Home,0
L00516,719,19.96,48.63,0.419,3.6,14,0,Car,0
L00517,582,12.84,28.51,0.225,2.4,11,0,Education,0
L00518,781,16.12,19.68,0.065,5.6,13,1,Home,0
L00519,702,26.83,66.99,0.237,0.7,13,2,Personal,0
L00520,754,12.62,62.4,0.24,2.3,3,1,Car,0
L00521,637,17.24,30.05,0.2,1.9,14,0,Personal,1
L00522,772,18.11,46.68,0.067,4.5,12,0,Personal,0
L00523,623,37.31,50.12,0.214,7.7,2,1,Car,0
L00524,651,12.07,40.79,0.167,0.4,8,2,Home,0
L00525,535,21.41,65.72,0.309,2.1,9,1,Home,0
L00526,541,23.96,19.09,0.152,16.0,5,1,Personal,0
L00527,600,14.53,53.95,0.327,0.1,1,1,Personal,0
L00528,685,44.45,18.44,0.137,4.4,8,1,Personal,0
L00529,681,19.24,28.02,0.102,1.0,3,0,Home,0
L00530,712,39.94,62.3,0.076,1.2,12,0,Education,0
L00531,672,25.06,77.13,0.305,13.1,2,1,Personal,0
L00532,520,13.43,74.89,0.344,1.5,5,0,Home,1
L00533,608,17.56,69.03,0.22,10.9,10,0,Personal,1
L00534,615,29.61,51.25,0.381,2.6,8,1,Home,0
L00535,688,12.45,28.06,0.128,0.9,11,1,Personal,0
L00536,715,15.58,31.08,0.674,1.9,2,0,Personal,0
L00537,592,18.84,78.93,0.441,3.2,2,1,Education,1
L00538,531,11.81,65.67,0.165,2.9,14,1,Home,1
L00539,687,82.37,11.87,0.418,22.7,5,2,Car,0
L00540,760,48.24,38.84,0.076,0.9,6,0,Home,0
L00541,761,66.53,67.25,0.272,1.9,9,1,Home,0
L00542,623,26.33,15.59,0.385,5.3,10,2,Car,1
L00543,635,16.64,55.01,0.356,2.3,12,2,Education,1
L00544,601,21.09,59.38,0.197,1.6,1,0,Personal,0
L00545,750,25.02,52.21,0.209,9.4,14,3,Education,0
L00546,638,7.65,30.26,0.04,0.3,4,2,Education,0
L00547,707,16.29,34.15,0.412,3.4,4,0,Home,0
L00548,653,52.83,43.47,0.302,1.9,8,0,Home,0
L00549,724,30.82,31.37,0.276,3.4,11,1,Home,0
L00550,784,16.06,35.16,0.138,3.5,8,1,Car,0
L00551,637,13.88,23.2,0.556,1.0,12,0,Personal,0
L00552,671,9.92,31.56,0.159,0.4,9,1,Car,0
L00553,648,13.93,15.82,0.111,7.0,3,0,Car,0
L00554,637,11.33,63.63,0.144,1.4,11,0,Car,0
L00555,595,27.81,7.06,0.503,4.7,7,1,Personal,0
L00556,550,18.76,20.97,0.213,0.8,7,2,Personal,0
L00557,450,36.01,36.08,0.295,4.8,3,0,Home,0
L00558,650,15.6,16.12,0.483,0.3,10,0,Personal,0
L00559,638,11.21,50.4,0.381,1.9,2,2,Home,0
L00560,713,12.82,51.7,0.651,3.0,1,1,Home,1
L00561,626,34.58,19.9,0.092,5.3,13,2,Education,0
L00562,509,24.17,16.21,0.183,2.0,7,1,Car,0
L00563,704,13.71,53.17,0.081,0.1,6,1,Car,0
L00564,838,23.44,28.27,0.313,3.8,13,1,Personal,0
L00565,617,16.06,19.19,0.411,6.4,10,0,Home,0
L00566,714,24.82,50.62,0.364,9.0,9,1,Personal,0
L00567,739,18.51,56.99,0.595,8.3,8,1,Car,1
L00568,564,15.39,39.08,0.262,1.5,11,1,Personal,1
L00569,574,27.94,56.63,0.154,1.7,6,0,Car,0
L00570,692,11.63,40.31,0.243,3.0,4,2,Car,0
L00571,594,35.42,20.72,0.377,1.4,10,1,Education,0
L00572,538,35.05,34.8,0.248,0.8,13,1,Car,1
L00573,673,44.24,14.51,0.507,2.7,10,0,Car,0
L00574,831,20.59,24.27,0.149,4.4,12,0,Personal,0
L00575,523,32.83,17.52,0.462,0.9,3,0,Home,1
L00576,579,34.73,53.23,0.177,0.5,7,0,Education,0
L00577,686,36.14,22.28,0.209,9.9,8,1,Home,0
L00578,598,17.67,71.69,0.411,1.1,6,0,Home,0
L00579,613,5.46,78.91,0.328,1.8,3,2,Home,1
L00580,628,18.49,38.29,0.419,0.5,3,0,Car,0
L00581,614,18.47,79.98,0.362,0.5,13,0,Home,0
L00582,627,63.58,45.75,0.196,1.5,4,1,Car,0
L00583,599,10.22,64.99,0.132,9.6,1,1,Car,0
L00584,712,5.15,46.31,0.198,0.0,14,1,Home,0
L00585,615,15.24,63.88,0.416,0.1,6,0,Personal,0
L00586,593,50.32,70.51,0.229,1.6,4,2,Education,0
L00587,664,43.88,16.7,0.076,0.6,5,0,Car,0
L00588,705,30.26,73.37,0.181,11.6,14,1,Car,0
L00589,675,24.1,33.46,0.228,1.5,12,2,Car,0
L00590,688,25.7,79.79,0.135,4.3,10,4,Personal,0
L00591,749,45.1,69.34,0.361,0.6,13,3,Education,0
L00592,485,23.89,10.98,0.111,5.3,9,0,Car,0
L00593,551,22.8,46.66,0.058,0.5,12,0,Personal,1
L00594,571,10.49,49.62,0.112,4.5,11,1,Personal,0
L00595,546,14.78,34.1,0.766,3.0,1,1,Home,1
L00596,658,37.24,15.88,0.2,3.5,8,0,Home,0
L00597,652,23.84,45.76,0.164,8.0,13,0,Home,0
L00598,742,16.39,65.98,0.415,0.1,10,0,Home,1
L00599,636,20.98,15.66,0.204,7.1,4,0,Personal,0
L00600,553,10.39,29.49,0.339,7.1,1,0,Home,0
L00601,768,21.96,48.76,0.118,2.2,1,1,Education,0
L00602,749,10.04,34.99,0.076,0.6,4,1,Education,0
L00603,674,34.36,69.38,0.316,1.4,3,1,Personal,0
L00604,800,38.28,26.9,0.067,8.2,11,0,Personal,0
L00605,850,36.94,14.57,0.269,1.7,7,1,Car,0
L00606,605,19.01,46.26,0.434,0.9,6,1,Personal,0
L00607,602,7.92,6.46,0.316,2.4,4,0,Personal,0
L00608,721,26.59,79.08,0.232,1.6,3,0,Car,0
L00609,627,55.82,56.63,0.333,5.1,2,0,Home,0
L00610,720,16.8,69.16,0.043,2.7,6,0,Personal,0
L00611,718,16.67,46.5,0.233,19.1,9,2,Education,0
L00612,610,20.34,51.81,0.181,4.0,2,1,Personal,0
L00613,740,44.78,7.21,0.652,2.0,7,3,Home,0
L00614,718,11.5,64.45,0.421,8.6,6,0,Personal,0
L00615,631,12.64,20.18,0.186,9.0,13,0,Car,0
L00616,746,14.52,77.88,0.327,7.2,10,0,Personal,0
L00617,850,40.13,76.96,0.236,2.2,2,0,Home,0
L00618,716,17.99,14.17,0.098,0.1,10,0,Personal,0
L00619,542,14.13,67.41,0.143,4.4,5,0,Education,0
L00620,631,20.33,27.59,0.479,0.4,13,0,Car,0
L00621,618,26.37,6.26,0.422,1.7,13,1,Education,0
L00622,591,7.93,54.72,0.655,1.3,6,1,Personal,0
L00623,700,11.2,60.33,0.447,1.4,5,0,Car,0
L00624,809,82.59,27.52,0.224,1.6,10,1,Education,0
L00625,671,22.11,60.82,0.475,1.3,13,0,Car,0
L00626,573,54.27,68.96,0.21,11.9,11,1,Home,0
L00627,696,9.05,77.87,0.125,6.6,9,0,Education,0
L00628,557,33.75,46.21,0.013,0.2,9,0,Personal,0
L00629,724,27.59,25.68,0.106,2.6,6,0,Home,1
L00630,671,13.46,74.84,0.084,2.7,11,1,Personal,0
L00631,610,32.36,36.8,0.404,1.9,6,0,Home,1
L00632,590,14.27,58.11,0.357,5.1,2,1,Personal,0
L00633,686,5.98,57.35,0.384,2.8,4,2,Home,1
L00634,747,13.27,77.99,0.408,7.0,13,0,Home,0
L00635,761,20.07,33.2,0.508,12.0,4,1,Home,1
L00636,664,34.64,24.94,0.319,2.8,8,0,Home,0
L00637,676,12.34,75.71,0.17,5.5,5,1,Personal,0
L00638,636,17.63,6.39,0.162,13.3,1,0,Education,0
L00639,577,11.51,16.79,0.43,2.3,7,0,Education,1
L00640,586,28.68,75.71,0.233,1.9,6,0,Home,0
L00641,761,26.93,44.34,0.178,9.6,14,2,Car,0
L00642,594,17.97,58.07,0.647,3.1,4,2,Car,0
L00643,775,21.97,43.11,0.182,3.7,9,1,Home,1
L00644,604,20.45,33.57,0.423,3.0,6,0,Car,1
L00645,519,51.37,13.53,0.706,5.6,11,3,Personal,0
L00646,604,41.55,43.77,0.301,0.1,12,0,Education,0
L00647,676,55.13,32.61,0.217,1.8,13,2,Home,0
L00648,637,12.44,26.84,0.285,1.5,3,0,Personal,0
L00649,693,24.07,76.21,0.325,0.7,2,0,Education,0
L00650,825,26.47,11.46,0.348,4.9,13,1,Home,0
L00651,675,38.26,22.52,0.077,2.3,8,2,Education,0
L00652,649,14.59,43.66,0.311,1.8,6,2,Car,0
L00653,611,18.91,32.53,0.349,5.3,4,0,Personal,0
L00654,632,9.66,24.21,0.262,0.1,6,0,Home,1
L00655,781,14.12,26.17,0.117,2.8,6,0,Education,0
L00656,743,32.42,56.42,0.077,5.3,8,0,Education,0
L00657,783,33.14,15.68,0.429,0.4,5,1,Home,0
L00658,670,13.0,48.27,0.352,1.4,8,2,Home,0
L00659,601,11.07,79.88,0.208,0.5,12,1,Education,0
L00660,656,18.1,17.09,0.539,8.6,14,3,Car,1
L00661,632,14.67,39.92,0.13,1.5,9,2,Home,0
L00662,765,48.6,40.57,0.496,1.6,6,1,Education,0
L00663,712,15.34,9.23,0.206,15.2,11,2,Car,0
L00664,502,30.5,34.58,0.377,8.6,2,1,Personal,1
L00665,557,32.2,78.7,0.142,3.8,1,1,Education,0
L00666,629,29.86,32.85,0.208,4.6,13,2,Home,1
L00667,788,14.01,69.59,0.472,2.8,8,0,Car,0
L00668,597,13.11,5.61,0.14,7.0,4,2,Home,1
L00669,664,16.37,52.62,0.499,6.5,8,0,Home,0
L00670,683,20.94,51.39,0.159,0.2,11,0,Education,0
L00671,693,14.22,38.94,0.339,4.9,7,0,Personal,0
L00672,699,28.55,59.81,0.215,9.7,14,0,Home,0
L00673,606,23.82,22.59,0.368,0.6,3,0,Home,0
L00674,728,36.73,53.62,0.222,2.6,2,2,Car,0
L00675,599,18.16,53.1,0.034,1.5,6,0,Car,1
L00676,724,38.89,11.3,0.39,0.8,12,2,Home,0
L00677,622,23.79,46.4,0.124,2.2,14,1,Home,0
L00678,614,13.49,17.42,0.341,11.6,14,3,Home,0
L00679,645,45.04,36.5,0.458,7.9,14,2,Car,0
L00680,584,18.83,27.69,0.156,3.3,14,2,Home,1
L00681,685,22.91,11.82,0.534,0.0,8,2,Education,1
L00682,814,48.86,30.71,0.179,7.5,5,0,Home,0
L00683,473,15.38,76.85,0.031,3.0,3,3,Home,1
L00684,679,25.3,34.08,0.476,0.2,8,1,Personal,0
L00685,462,15.43,14.32,0.405,6.0,4,1,Personal,1
L00686,683,38.54,26.49,0.202,4.4,14,1,Personal,0
L00687,482,11.17,14.61,0.183,3.2,9,1,Personal,0
L00688,595,19.18,66.35,0.166,1.1,14,1,Home,0
L00689,663,34.6,75.86,0.22,1.3,11,1,Car,0
L00690,541,38.36,26.57,0.318,0.2,6,1,Personal,0
L00691,660,27.25,10.51,0.43,0.4,3,0,Education,0
L00692,702,6.46,65.62,0.353,8.8,8,0,Car,0
L00693,713,43.27,70.01,0.094,3.6,2,1,Car,0
L00694,544,20.62,63.11,0.191,1.2,12,1,Car,0
L00695,712,18.15,12.7,0.37,6.0,13,1,Home,0
L00696,608,23.38,38.01,0.337,13.2,4,3,Car,1
L00697,692,29.57,33.81,0.648,1.6,6,1,Car,1
L00698,739,12.21,75.12,0.563,0.6,1,0,Car,0
L00699,606,26.57,70.78,0.176,4.5,10,3,Education,0
L00700,687,15.61,34.57,0.138,8.4,10,0,Home,0
L00701,591,53.48,16.7,0.332,3.7,8,0,Personal,0
L00702,559,37.03,13.08,0.105,2.6,13,0,Home,0
L00703,743,21.84,15.44,0.308,2.9,8,0,Car,0
L00704,539,56.18,44.98,0.326,4.5,2,0,Education,0
L00705,743,20.42,69.3,0.468,4.9,4,3,Car,0
L00706,730,9.48,54.13,0.167,0.4,1,0,Car,0
L00707,550,28.86,50.24,0.307,0.2,9,0,Car,0
L00708,610,29.3,67.43,0.332,0.7,3,0,Personal,0
L00709,646,18.41,53.41,0.504,2.7,11,1,Home,1
L00710,547,27.32,44.27,0.226,5.7,1,1,Education,0
L00711,650,32.17,63.84,0.133,4.5,1,0,Home,0
L00712,604,18.95,31.54,0.208,6.4,6,0,Home,0
L00713,627,19.76,17.77,0.09,1.8,9,0,Car,1
L00714,544,20.35,9.62,0.819,13.6,4,0,Education,1
L00715,562,18.58,75.26,0.393,4.8,4,2,Home,1
L00716,630,18.88,55.65,0.308,4.1,7,0,Education,0
L00717,683,39.14,41.66,0.342,0.6,7,2,Personal,0
L00718,714,27.36,26.25,0.508,2.4,1,2,Home,0
L00719,495,25.41,30.76,0.377,0.6,11,1,Education,1
L00720,621,12.37,27.74,0.097,1.3,11,0,Car,0
L00721,815,20.46,41.95,0.317,9.7,1,1,Car,0
L00722,671,22.42,44.09,0.39,2.5,12,0,Home,0
L00723,534,18.81,9.97,0.347,4.8,3,2,Education,0
L00724,593,32.77,12.4,0.472,6.5,2,0,Personal,0
L00725,672,11.3,51.72,0.297,0.6,4,1,Home,0
L00726,721,15.27,60.28,0.336,0.2,13,0,Home,1
L00727,744,5.64,20.67,0.054,1.6,14,2,Personal,1
L00728,798,13.83,29.29,0.195,10.0,4,0,Car,0
L00729,685,44.53,59.85,0.229,0.6,14,0,Car,0
L00730,712,11.77,11.22,0.283,8.0,10,2,Car,0
L00731,789,15.67,50.8,0.457,6.2,7,1,Personal,0
L00732,816,41.7,8.83,0.551,3.7,13,1,Home,0
L00733,649,11.36,51.36,0.419,2.0,1,0,Education,1
L00734,670,8.64,73.9,0.281,2.7,6,1,Car,0
L00735,795,28.27,30.39,0.38,1.4,3,2,Education,0
L00736,674,36.8,13.35,0.4,2.6,8,1,Personal,0
L00737,593,25.26,40.09,0.39,2.3,14,1,Education,0
L00738,694,5.73,6.02,0.376,11.5,6,1,Car,1
L00739,620,22.52,55.21,0.204,0.1,3,0,Home,0
L00740,730,17.63,63.03,0.346,5.6,11,1,Home,1
L00741,612,21.66,71.38,0.077,1.9,13,0,Personal,0
L00742,815,18.52,24.01,0.199,4.5,10,1,Personal,0
L00743,647,15.5,8.24,0.298,1.0,10,1,Home,0
L00744,652,25.54,7.67,0.171,2.7,14,0,Education,0
L00745,675,12.45,63.35,0.734,6.1,7,3,Education,0
L00746,536,15.59,32.88,0.191,2.9,7,4,Car,0
L00747,702,23.96,25.41,0.309,3.3,14,0,Car,1
L00748,739,23.79,31.36,0.155,11.0,10,1,Car,0
L00749,439,17.4,44.69,0.568,4.7,12,0,Car,0
L00750,635,35.67,66.8,0.331,7.5,1,1,Home,0
L00751,664,72.53,24.38,0.175,5.6,13,1,Personal,0
L00752,636,5.83,12.37,0.21,2.4,14,0,Home,0
L00753,708,15.86,72.65,0.66,0.2,13,2,Car,1
L00754,621,22.95,30.78,0.089,6.4,3,0,Home,0
L00755,638,31.3,26.94,0.095,4.2,1,2,Education,0
L00756,650,14.97,17.03,0.219,2.1,3,0,Home,0
L00757,701,8.95,51.86,0.161,3.2,8,1,Home,0
L00758,574,30.83,38.1,0.306,0.6,3,0,Car,1
L00759,707,19.91,66.59,0.147,1.8,10,0,Home,0
L00760,580,17.97,12.43,0.406,9.3,10,1,Education,0
L00761,717,27.0,77.51,0.618,8.1,8,0,Home,0
L00762,626,10.13,33.33,0.177,4.9,2,1,Home,0
L00763,505,19.12,65.39,0.322,0.5,13,0,Home,1
L00764,677,15.78,48.44,0.242,0.9,4,1,Car,1
L00765,619,24.71,15.65,0.6,3.8,3,0,Home,0
L00766,713,31.86,53.26,0.676,2.8,10,0,Personal,0
L00767,700,20.57,39.38,0.411,2.3,8,0,Education,0
L00768,736,25.99,16.04,0.306,11.7,8,0,Education,0
L00769,696,30.15,47.8,0.144,0.9,1,1,Home,0
L00770,730,14.73,40.61,0.111,3.6,8,0,Personal,0
L00771,733,23.54,51.69,0.203,11.2,4,1,Home,0
L00772,739,15.26,73.59,0.236,0.3,12,2,Personal,0
L00773,562,17.6,12.74,0.258,1.6,1,2,Car,0
L00774,711,28.01,27.38,0.163,3.6,7,1,Home,0
L00775,800,24.32,10.08,0.286,0.6,5,1,Education,0
L00776,609,8.57,26.79,0.052,0.1,11,1,Car,0
L00777,700,22.73,62.23,0.573,1.3,14,1,Home,0
L00778,779,38.79,64.21,0.377,2.5,10,0,Car,0
L00779,713,27.96,38.59,0.173,4.6,4,0,Home,1
L00780,596,37.87,28.9,0.372,0.7,10,1,Home,0
L00781,636,25.25,37.69,0.129,6.6,1,1,Education,0
L00782,763,16.95,39.31,0.399,2.5,9,0,Home,0
L00783,581,13.2,40.77,0.111,1.2,11,0,Car,0
L00784,724,24.33,27.96,0.185,11.3,8,1,Education,0
L00785,735,10.13,62.39,0.481,2.7,3,0,Education,1
L00786,697,36.15,73.02,0.086,0.5,9,1,Car,0
L00787,707,27.17,39.0,0.148,2.8,5,2,Home,0
L00788,672,27.49,73.7,0.562,3.3,9,1,Personal,0
L00789,682,23.26,57.22,0.22,2.1,13,0,Personal,0
L00790,665,31.68,79.44,0.159,2.4,1,0,Home,0
L00791,663,25.72,73.4,0.159,6.2,14,0,Home,1
L00792,534,27.06,20.8,0.168,1.5,7,0,Personal,0
L00793,662,20.63,30.54,0.368,0.8,8,1,Personal,0
L00794,717,6.73,34.29,0.061,4.9,12,0,Home,0
L00795,648,6.67,12.81,0.233,7.4,6,0,Personal,0
L00796,616,57.82,36.93,0.149,2.6,9,0,Personal,0
L00797,700,13.87,66.83,0.293,1.6,5,2,Education,1
L00798,548,14.09,44.25,0.265,1.3,1,1,Home,0
L00799,475,20.61,9.97,0.395,7.7,14,0,Personal,1
L00800,666,30.55,76.47,0.272,6.0,14,1,Education,0
L00801,589,19.24,61.12,0.379,7.5,9,0,Education,0
L00802,540,16.08,60.13,0.128,8.2,6,1,Personal,0
L00803,625,13.96,21.82,0.463,3.2,11,1,Home,0
L00804,629,16.68,16.34,0.301,8.5,4,0,Home,0
L00805,744,16.16,67.73,0.182,2.2,4,2,Education,0
L00806,662,27.76,79.11,0.446,1.3,9,0,Car,1
L00807,715,28.46,38.77,0.637,7.5,5,0,Home,0
L00808,717,10.53,18.44,0.399,18.2,3,0,Home,0
L00809,678,26.29,37.44,0.258,5.7,6,3,Car,0
L00810,688,24.1,68.3,0.447,7.6,4,0,Personal,0
L00811,621,21.35,58.02,0.196,2.6,12,3,Home,0
L00812,633,20.57,26.73,0.537,3.1,7,0,Car,1
L00813,676,13.93,40.59,0.223,5.1,14,0,Education,0
L00814,671,33.76,66.51,0.318,0.5,10,1,Education,1
L00815,850,8.56,70.49,0.25,11.7,14,0,Personal,0
L00816,688,22.96,31.93,0.189,0.6,8,1,Home,1
L00817,600,16.34,6.53,0.214,10.0,14,0,Home,0
L00818,563,80.69,21.96,0.171,5.8,10,1,Car,0
L00819,535,18.98,22.67,0.251,6.4,12,1,Home,0
L00820,766,17.28,47.69,0.007,0.9,12,0,Education,0
L00821,577,10.05,29.25,0.41,4.5,1,0,Home,1
L00822,718,33.82,15.21,0.157,0.6,3,0,Car,0
L00823,717,28.9,56.69,0.301,7.2,13,0,Home,0
L00824,585,43.78,78.98,0.316,9.8,5,1,Home,0
L00825,685,21.77,54.62,0.204,0.5,10,0,Home,0
L00826,731,27.5,28.02,0.084,0.9,8,1,Home,0
L00827,506,9.52,70.65,0.231,1.1,10,0,Education,1
L00828,700,25.87,58.33,0.07,12.9,12,1,Home,0
L00829,748,25.15,73.14,0.138,0.3,13,1,Car,0
L00830,641,14.66,28.27,0.139,4.4,11,0,Car,0
L00831,608,19.83,20.5,0.133,2.9,6,0,Personal,0
L00832,614,47.25,23.57,0.416,0.4,3,3,Home,0
L00833,449,14.32,17.14,0.039,0.2,6,0,Car,0
L00834,585,16.0,78.95,0.105,0.6,1,1,Education,0
L00835,684,23.67,26.31,0.222,4.3,5,2,Car,0
L00836,543,26.35,44.74,0.142,3.2,11,0,Personal,1
L00837,645,28.62,52.86,0.206,2.0,11,1,Car,0
L00838,724,31.52,65.15,0.232,2.4,9,1,Home,0
L00839,636,32.01,19.23,0.116,10.7,3,0,Home,0
L00840,722,29.6,43.21,0.186,6.6,9,1,Home,0
L00841,555,14.36,12.26,0.052,9.9,8,1,Personal,0
L00842,624,14.38,10.03,0.223,3.5,1,0,Home,0
L00843,763,34.06,55.18,0.184,2.3,9,1,Home,0
L00844,580,38.82,51.12,0.21,7.9,13,1,Home,0
L00845,640,68.87,10.4,0.226,1.2,4,0,Education,0
L00846,850,54.76,9.07,0.566,5.9,8,0,Personal,0
L00847,703,27.23,69.34,0.366,3.7,2,0,Car,0
L00848,662,29.47,56.55,0.305,15.4,13,1,Car,1
L00849,530,24.16,23.64,0.248,5.3,2,2,Personal,0
L00850,611,36.95,74.48,0.451,4.6,8,0,Home,0
L00851,617,9.75,29.8,0.036,3.0,1,1,Personal,1
L00852,555,53.18,17.34,0.449,12.5,5,1,Home,0
L00853,584,17.16,37.71,0.331,6.7,1,1,Home,0
L00854,687,10.32,36.4,0.239,2.2,4,0,Education,0
L00855,583,33.43,19.68,0.248,2.4,6,2,Personal,0
L00856,672,25.8,23.55,0.159,2.8,8,1,Education,0
L00857,518,16.18,42.66,0.394,1.9,9,1,Personal,1
L00858,542,13.86,33.12,0.406,2.1,7,0,Personal,1
L00859,779,15.84,61.88,0.777,2.6,8,1,Home,1
L00860,722,18.8,19.08,0.193,4.6,1,0,Home,0
L00861,697,26.92,69.77,0.12,1.5,2,1,Home,1
L00862,701,19.54,48.32,0.254,14.4,13,2,Car,0
L00863,623,94.29,71.82,0.319,2.2,2,2,Home,0
L00864,722,43.31,30.67,0.186,4.7,1,0,Personal,0
L00865,594,15.13,5.14,0.443,5.3,5,2,Education,0
L00866,715,17.32,44.03,0.344,6.7,5,1,Home,0
L00867,603,14.68,67.14,0.203,1.5,1,1,Home,1
L00868,707,26.89,12.94,0.151,1.8,1,2,Personal,0
L00869,689,14.76,52.76,0.35,1.8,4,0,Home,0
L00870,683,45.24,48.74,0.314,6.1,8,0,Personal,0
L00871,522,9.17,10.06,0.068,3.9,4,0,Education,0
L00872,585,22.19,28.84,0.183,1.0,1,2,Education,0
L00873,729,21.66,15.3,0.2,0.6,14,0,Car,0
L00874,631,16.06,67.34,0.477,4.8,2,0,Car,1
L00875,634,15.13,38.97,0.336,2.0,2,0,Personal,0
L00876,619,4.82,73.98,0.521,1.7,2,3,Home,1
L00877,732,26.46,49.48,0.197,2.7,11,2,Personal,0
L00878,665,14.45,52.85,0.223,4.4,6,0,Car,0
L00879,625,25.08,15.38,0.344,1.3,1,1,Personal,0
L00880,598,32.1,53.27,0.25,2.5,13,0,Home,0
L00881,639,13.49,20.81,0.578,2.7,12,1,Education,1
L00882,624,22.56,66.64,0.32,6.4,4,1,Home,0
L00883,731,19.29,38.6,0.308,1.6,8,0,Home,0
L00884,662,38.48,72.8,0.282,1.5,8,1,Car,0
L00885,634,12.29,45.15,0.389,2.0,6,1,Car,0
L00886,353,4.64,73.35,0.318,0.2,4,1,Personal,1
L00887,643,21.32,49.88,0.213,1.0,7,1,Personal,0
L00888,671,37.42,16.91,0.562,4.6,6,1,Car,0
L00889,543,33.16,41.93,0.047,2.4,6,2,Home,0
L00890,742,21.6,48.58,0.261,11.9,6,1,Car,0
L00891,583,46.61,42.27,0.283,9.6,6,0,Personal,0
L00892,557,26.89,38.31,0.605,5.3,3,0,Education,1
L00893,569,18.4,67.91,0.18,2.6,4,2,Car,1
L00894,584,10.99,6.19,0.046,11.2,3,2,Car,0
L00895,631,12.41,12.62,0.404,0.5,11,2,Home,0
L00896,612,22.73,21.09,0.323,2.2,13,0,Car,0
L00897,638,34.72,47.89,0.177,3.7,5,0,Car,0
L00898,611,19.1,5.28,0.236,10.5,2,1,Home,0
L00899,605,13.14,33.48,0.141,3.6,13,0,Home,1
L00900,470,5.18,22.09,0.117,6.3,9,1,Car,0
L00901,673,19.45,77.39,0.213,1.8,7,0,Home,0
L00902,678,16.13,50.5,0.349,0.7,1,1,Home,0
L00903,746,41.12,19.6,0.318,7.9,8,1,Home,0
L00904,570,16.64,57.33,0.481,0.8,6,0,Personal,0
L00905,703,23.22,15.68,0.072,1.6,1,0,Education,0
L00906,656,29.49,8.96,0.479,1.5,10,2,Personal,0
L00907,753,18.17,12.7,0.118,9.9,6,1,Home,0
L00908,716,11.92,38.25,0.163,0.4,4,2,Personal,0
L00909,750,57.7,23.24,0.389,8.6,12,0,Home,0
L00910,666,15.23,44.02,0.558,7.0,9,0,Home,0
L00911,652,27.07,35.86,0.333,2.6,14,2,Personal,0
L00912,700,47.85,20.41,0.069,7.2,2,0,Education,0
L00913,760,31.18,74.11,0.131,1.6,12,1,Education,0
L00914,651,28.36,35.31,0.124,2.9,11,0,Personal,0
L00915,600,22.83,10.38,0.383,0.7,14,0,Car,0
L00916,682,39.3,47.76,0.397,3.0,14,1,Education,0
L00917,675,11.26,23.25,0.098,1.4,3,0,Home,0
L00918,564,17.81,43.39,0.409,7.8,2,1,Car,1
L00919,572,25.84,51.72,0.16,3.7,2,1,Personal,0
L00920,617,19.66,57.62,0.585,4.5,9,1,Personal,1
L00921,618,44.47,58.31,0.231,2.5,11,0,Personal,0
L00922,689,10.96,27.9,0.278,1.4,3,2,Home,0
L00923,695,45.41,62.7,0.692,3.5,2,3,Car,1
L00924,588,39.95,29.04,0.117,1.1,6,0,Education,0
L00925,567,10.59,39.48,0.196,3.7,12,0,Home,0
L00926,549,28.45,76.16,0.557,8.2,8,1,Education,0
L00927,579,14.02,12.34,0.282,0.6,3,2,Car,0
L00928,659,18.7,30.23,0.473,1.6,1,0,Home,1
L00929,710,22.39,27.12,0.132,3.4,8,0,Home,0
L00930,665,10.24,79.47,0.041,13.7,10,1,Education,0
L00931,675,21.3,7.31,0.249,0.7,6,1,Education,0
L00932,548,17.82,42.34,0.553,5.7,8,2,Education,0
L00933,718,36.22,55.62,0.073,1.2,8,1,Personal,0
L00934,675,38.92,71.38,0.106,0.2,14,0,Car,0
L00935,674,10.27,34.52,0.298,2.6,11,2,Home,1
L00936,644,30.54,43.41,0.342,4.5,14,1,Home,1
L00937,677,12.71,77.99,0.265,3.4,8,0,Home,0
L00938,651,19.5,38.18,0.303,5.6,3,3,Car,0
L00939,638,13.18,58.72,0.431,4.3,5,0,Home,0
L00940,752,61.57,51.0,0.339,0.6,10,1,Home,0
L00941,612,17.62,16.76,0.701,11.9,5,1,Education,0
L00942,667,8.73,49.49,0.213,6.9,8,0,Car,0
L00943,590,15.52,15.32,0.41,7.3,1,1,Home,0
L00944,692,16.35,50.85,0.068,3.2,2,1,Home,0
L00945,612,10.14,19.19,0.187,7.9,2,0,Personal,0
L00946,679,42.08,12.58,0.251,5.6,14,0,Personal,0
L00947,659,24.26,49.95,0.313,1.5,13,2,Personal,0
L00948,581,18.82,10.06,0.147,2.3,4,1,Car,0
L00949,847,22.86,16.96,0.179,1.4,6,0,Car,0
L00950,614,14.85,31.09,0.295,2.6,7,1,Car,0
L00951,694,23.87,51.38,0.2,5.5,11,3,Personal,0
L00952,700,23.37,46.64,0.077,1.1,7,0,Education,1
L00953,552,8.29,22.27,0.13,6.2,2,1,Car,0
L00954,674,28.23,65.47,0.136,0.6,6,1,Car,0
L00955,604,13.77,24.09,0.299,2.9,6,1,Education,0
L00956,585,25.39,61.2,0.084,2.8,7,1,Car,0
L00957,613,19.69,23.99,0.077,1.4,8,1,Home,0
L00958,850,20.25,25.7,0.169,10.3,10,0,Education,0
L00959,693,27.64,7.12,0.353,4.0,5,0,Car,0
L00960,596,55.2,42.28,0.38,4.3,5,1,Car,0
L00961,647,24.12,65.3,0.089,0.2,9,2,Personal,1
L00962,718,19.23,75.92,0.098,11.9,6,0,Education,0
L00963,756,9.01,7.67,0.159,1.1,11,0,Car,0
L00964,683,19.19,65.15,0.22,3.5,1,1,Car,0
L00965,613,14.22,14.24,0.39,1.8,1,0,Home,0
L00966,697,43.24,15.76,0.202,7.8,6,1,Personal,0
L00967,577,23.98,26.13,0.6,0.4,11,0,Education,0
L00968,565,47.05,12.89,0.156,0.8,14,1,Home,0
L00969,779,16.37,33.61,0.355,14.1,2,1,Home,0
L00970,568,14.31,40.38,0.366,10.0,4,0,Car,0
L00971,677,42.25,39.73,0.055,8.8,12,0,Car,0
L00972,814,12.23,73.99,0.26,8.2,5,0,Home,0
L00973,727,37.03,46.88,0.104,5.9,2,3,Car,0
L00974,504,24.31,9.53,0.369,1.2,14,0,Home,1
L00975,718,14.28,61.72,0.066,0.1,12,1,Personal,0
L00976,560,29.15,25.95,0.344,12.2,9,0,Home,0
L00977,589,12.74,41.66,0.225,0.9,5,1,Home,1
L00978,728,17.79,66.2,0.101,0.9,4,0,Education,0
L00979,741,14.8,38.91,0.454,9.0,3,0,Home,0
L00980,728,33.0,22.7,0.222,1.0,2,1,Home,0
L00981,850,13.3,65.07,0.433,0.1,9,0,Education,0
L00982,765,39.06,32.2,0.292,1.7,7,0,Education,0
L00983,717,18.8,76.03,0.049,0.4,11,2,Car,0
L00984,654,37.69,55.43,0.162,0.5,3,0,Car,0
L00985,715,23.35,35.02,0.374,0.6,13,1,Home,0
L00986,824,9.69,39.35,0.168,4.9,8,1,Car,0
L00987,692,54.16,53.15,0.428,1.5,14,2,Home,0
L00988,638,27.8,67.43,0.466,0.4,13,0,Personal,0
L00989,558,43.98,62.33,0.172,17.4,10,1,Education,0
L00990,635,9.82,67.82,0.31,2.9,12,0,Car,0
L00991,758,5.71,44.83,0.098,2.4,13,0,Car,0
L00992,754,45.14,27.32,0.278,0.8,10,0,Car,0
L00993,723,18.77,62.57,0.439,8.2,14,0,Home,0
L00994,598,22.21,31.87,0.303,11.6,11,1,Education,0
L00995,685,13.99,35.85,0.534,0.2,7,0,Home,0
L00996,610,14.24,47.96,0.028,8.2,1,1,Home,0
L00997,522,18.41,78.87,0.183,4.9,5,0,Car,1
L00998,693,26.27,29.32,0.291,10.3,1,0,Car,0
L00999,508,14.03,71.08,0.229,0.5,8,1,Education,0
L01000,633,11.89,8.87,0.515,1.9,14,0,Education,1
L01001,684,19.35,31.37,0.352,6.0,12,1,Education,0
L01002,630,33.18,61.64,0.067,4.4,4,1,Home,1
L01003,663,18.54,70.63,0.466,0.3,12,0,Personal,1
L01004,739,14.19,52.29,0.544,0.6,4,0,Car,1
L01005,613,29.95,22.74,0.201,7.8,14,2,Home,0
L01006,585,21.71,67.47,0.185,5.3,2,2,Home,0
L01007,825,9.3,17.72,0.49,0.7,2,1,Home,0
L01008,559,10.28,29.51,0.289,0.1,4,2,Personal,1
L01009,766,24.6,59.57,0.499,4.2,7,1,Home,0
L01010,443,30.05,18.01,0.255,5.8,13,0,Car,1
L01011,746,24.16,78.5,0.094,0.2,14,0,Education,0
L01012,622,31.0,66.01,0.224,1.3,6,0,Car,0
L01013,672,28.82,32.05,0.538,0.4,1,0,Education,1
L01014,607,12.29,48.76,0.364,1.1,11,0,Personal,1
L01015,598,27.26,74.65,0.249,2.6,8,1,Personal,0
L01016,659,34.93,79.35,0.545,5.2,6,1,Home,0
L01017,675,24.62,31.81,0.386,0.6,12,1,Car,1
L01018,577,41.4,61.19,0.424,4.8,12,1,Home,0
L01019,694,9.62,56.78,0.446,0.8,10,0,Home,1
L01020,669,41.86,32.68,0.2,1.1,5,1,Home,0
L01021,735,14.35,33.64,0.368,2.4,1,0,Car,0
L01022,573,41.94,15.49,0.247,6.7,9,2,Car,0
L01023,550,29.41,17.99,0.156,5.6,9,2,Home,0
L01024,740,12.81,67.86,0.181,0.8,14,2,Personal,1
L01025,504,29.28,75.55,0.329,4.8,14,0,Personal,0
L01026,756,19.8,76.06,0.142,4.6,12,3,Home,0
L01027,678,12.97,53.85,0.424,0.5,14,0,Home,0
L01028,631,14.27,60.49,0.236,1.3,10,0,Car,1
L01029,689,27.41,65.69,0.262,2.1,5,3,Car,0
L01030,739,32.0,40.38,0.112,0.6,14,2,Personal,0
L01031,668,20.67,42.31,0.399,0.8,9,0,Education,0
L01032,751,19.62,55.49,0.093,6.2,12,0,Education,0
L01033,737,13.16,32.67,0.379,0.4,14,0,Home,0
L01034,720,17.2,6.02,0.48,11.4,11,0,Home,0
L01035,558,10.99,63.1,0.611,1.3,10,0,Home,1
L01036,521,26.25,66.03,0.348,6.5,6,0,Car,0
L01037,491,30.15,8.83,0.286,6.1,13,0,Home,0
L01038,560,40.45,43.31,0.27,0.9,11,1,Education,0
L01039,731,53.47,47.56,0.277,4.3,11,1,Car,0
L01040,748,26.64,7.4,0.122,1.4,8,1,Education,0
L01041,641,11.11,60.96,0.359,0.7,12,2,Education,1
L01042,674,40.62,71.53,0.471,1.3,8,1,Home,0
L01043,528,20.1,72.55,0.083,2.7,6,0,Home,0
L01044,660,22.02,10.57,0.114,0.3,12,0,Home,0
L01045,574,12.67,25.01,0.444,13.2,4,1,Home,0
L01046,651,8.01,47.1,0.208,1.7,8,0,Home,0
L01047,699,22.25,6.98,0.204,5.6,10,0,Personal,0
L01048,531,26.59,30.92,0.093,4.3,2,1,Home,0
L01049,657,33.04,55.45,0.406,5.2,14,0,Personal,0
L01050,749,26.96,51.34,0.274,0.3,11,2,Car,0
L01051,623,21.21,40.37,0.172,4.2,9,3,Personal,0
L01052,548,69.41,28.65,0.111,1.9,6,0,Home,0
L01053,716,25.84,42.19,0.382,4.0,10,0,Car,0
L01054,700,17.67,5.64,0.064,1.2,5,1,Car,0
L01055,614,8.54,54.76,0.246,0.3,12,1,Car,0
L01056,579,31.16,39.95,0.264,0.0,4,0,Home,0
L01057,656,16.16,12.92,0.299,3.0,13,0,Car,0
L01058,835,17.01,25.39,0.31,3.4,10,0,Home,0
L01059,616,29.82,37.59,0.565,2.8,13,1,Home,0
L01060,602,56.12,44.26,0.144,12.5,8,1,Personal,0
L01061,665,13.18,6.52,0.251,8.1,7,0,Car,0
L01062,624,9.3,35.94,0.22,0.4,5,1,Car,1
L01063,693,30.81,28.46,0.102,7.0,8,1,Home,0
L01064,519,15.51,40.29,0.285,8.0,7,0,Car,1
L01065,747,14.42,61.54,0.354,4.9,9,0,Car,0
L01066,674,37.77,52.51,0.195,1.9,9,0,Car,0
L01067,781,24.22,61.07,0.137,5.3,11,0,Home,0
L01068,684,12.4,32.16,0.84,3.0,7,0,Personal,0
L01069,680,11.79,64.48,0.29,3.8,6,2,Car,1
L01070,605,15.44,15.4,0.432,0.3,13,6,Car,0
L01071,568,17.83,33.9,0.061,8.3,6,2,Home,1
L01072,676,19.64,45.21,0.126,1.1,3,2,Education,0
L01073,646,15.01,68.74,0.089,3.3,12,1,Home,1
L01074,613,20.78,60.86,0.137,0.6,10,1,Education,0
L01075,701,40.58,62.97,0.263,4.7,5,2,Home,0
L01076,547,23.44,46.18,0.393,11.6,2,0,Education,1
L01077,590,23.1,43.36,0.729,3.6,2,0,Car,1
L01078,603,26.77,9.57,0.18,0.4,6,2,Home,0
L01079,546,6.43,76.14,0.244,13.6,13,1,Home,0
L01080,590,77.78,9.25,0.281,1.0,5,0,Personal,0
L01081,517,36.34,6.33,0.344,8.2,10,2,Education,0
L01082,650,21.2,62.05,0.326,10.2,2,1,Education,0
L01083,801,34.69,51.4,0.276,10.9,7,0,Home,0
L01084,676,19.13,64.16,0.572,8.9,8,2,Car,1
L01085,648,13.04,49.52,0.183,1.4,13,0,Home,0
L01086,622,32.81,36.27,0.579,11.7,5,2,Car,0
L01087,744,26.59,37.6,0.1,7.3,9,0,Education,0
L01088,649,50.09,28.57,0.154,1.2,5,0,Education,0
L01089,702,17.96,30.19,0.16,10.1,14,0,Personal,0
L01090,595,17.34,44.99,0.082,7.7,5,1,Education,0
L01091,827,12.66,18.94,0.707,1.1,12,1,Home,0
L01092,652,25.7,26.48,0.308,1.9,1,1,Home,0
L01093,567,34.32,23.54,0.167,3.6,9,1,Home,0
L01094,731,9.92,50.78,0.213,3.3,6,0,Car,0
L01095,746,28.28,26.38,0.515,3.5,14,1,Home,0
L01096,715,20.02,21.95,0.055,2.3,9,1,Personal,0
L01097,592,26.62,68.1,0.444,2.8,3,1,Car,1
L01098,568,37.31,12.08,0.309,8.4,7,1,Home,0
L01099,658,14.54,25.94,0.224,5.4,9,0,Personal,0
L01100,548,11.12,75.27,0.173,1.8,1,1,Education,1
L01101,667,25.94,76.36,0.44,0.5,12,0,Car,0
L01102,606,12.21,33.82,0.264,4.6,9,0,Personal,0
L01103,726,12.2,14.81,0.207,4.2,2,3,Home,0
L01104,600,10.44,73.13,0.098,0.3,5,0,Home,0
L01105,761,65.15,7.73,0.33,3.2,6,0,Car,0
L01106,636,5.94,27.23,0.307,2.5,2,1,Home,1
L01107,418,32.9,37.06,0.121,1.6,5,2,Home,0
L01108,585,23.98,36.08,0.215,4.2,7,0,Home,0
L01109,579,34.63,79.13,0.548,1.2,8,2,Education,1
L01110,659,29.05,47.89,0.458,4.9,13,1,Education,0
L01111,599,33.53,12.25,0.282,4.0,2,1,Personal,0
L01112,798,17.46,41.1,0.1,5.1,13,1,Education,0
L01113,749,19.33,13.22,0.077,2.9,3,0,Home,0
L01114,552,23.23,15.7,0.032,0.9,14,1,Personal,0
L01115,583,51.22,54.77,0.441,1.0,2,0,Education,0
L01116,711,15.9,72.94,0.171,1.1,7,0,Personal,0
L01117,456,13.81,50.59,0.367,8.5,3,1,Personal,0
L01118,767,12.95,70.84,0.365,3.7,3,1,Personal,0
L01119,640,10.49,47.42,0.293,3.4,10,1,Home,1
L01120,715,16.43,37.95,0.27,2.2,8,2,Home,0
L01121,715,9.15,29.32,0.51,9.8,4,0,Home,0
L01122,735,25.15,40.34,0.328,7.2,13,0,Personal,0
L01123,605,11.29,73.24,0.107,4.7,6,1,Education,0
L01124,709,16.25,49.4,0.096,8.1,5,0,Home,1
L01125,691,14.4,64.89,0.377,0.2,10,1,Education,0
L01126,572,41.51,25.43,0.169,1.3,7,0,Personal,0
L01127,700,46.78,64.63,0.132,1.7,13,0,Home,0
L01128,447,25.68,75.59,0.572,0.7,13,1,Home,1
L01129,829,19.72,23.05,0.435,1.7,4,1,Personal,0
L01130,675,26.2,15.05,0.209,1.8,2,1,Home,0
L01131,683,40.18,8.21,0.19,7.4,8,1,Car,0
L01132,667,8.33,11.59,0.478,1.0,14,1,Home,0
L01133,712,43.05,23.03,0.333,3.4,5,1,Home,0
L01134,797,11.43,9.5,0.35,0.4,11,0,Education,0
L01135,731,34.57,76.11,0.301,2.6,1,0,Personal,0
L01136,745,12.36,67.09,0.346,14.8,6,0,Car,0
L01137,625,27.87,44.92,0.502,1.1,7,0,Personal,0
L01138,821,29.55,38.93,0.249,4.1,9,2,Car,0
L01139,683,25.14,22.01,0.26,4.4,10,1,Education,0
L01140,603,16.48,49.8,0.282,2.7,1,0,Education,1
L01141,633,15.64,43.76,0.21,10.4,2,0,Car,0
L01142,462,11.74,63.4,0.161,0.9,8,0,Personal,1
L01143,723,31.49,61.5,0.213,3.1,2,0,Car,1
L01144,738,52.51,53.91,0.059,0.2,10,0,Car,0
L01145,501,28.22,20.03,0.143,2.4,11,0,Car,0
L01146,775,6.05,54.58,0.202,2.4,4,2,Education,0
L01147,660,10.96,72.38,0.402,5.2,13,1,Home,1
L01148,713,23.53,55.84,0.183,0.7,8,2,Education,0
L01149,699,46.25,58.03,0.325,4.6,12,0,Personal,0
L01150,682,20.96,44.67,0.215,8.4,13,0,Car,0
L01151,660,14.23,59.75,0.254,1.6,7,1,Car,0
L01152,526,31.46,13.25,0.447,7.0,12,0,Home,0
L01153,610,22.78,54.43,0.176,1.8,6,2,Car,0
L01154,763,25.68,11.41,0.653,0.7,11,0,Car,0
L01155,504,35.33,33.68,0.395,2.2,11,1,Personal,1
L01156,703,21.35,57.07,0.059,3.0,8,0,Personal,0
L01157,727,31.99,33.01,0.497,1.2,5,2,Home,1
L01158,544,17.14,30.8,0.37,6.1,3,1,Car,1
L01159,769,24.18,15.53,0.384,0.4,3,1,Home,0
L01160,730,14.97,73.29,0.214,0.2,11,0,Car,1
L01161,767,17.82,11.99,0.406,5.0,10,1,Education,0
L01162,711,12.09,23.31,0.222,8.8,8,3,Education,0
L01163,669,16.55,12.16,0.239,7.1,5,2,Personal,0
L01164,618,13.65,62.37,0.409,10.8,7,0,Car,0
L01165,818,77.65,22.14,0.182,0.3,10,1,Car,0
L01166,723,15.65,55.7,0.543,5.0,11,0,Car,0
L01167,715,11.99,44.04,0.264,2.4,6,0,Car,1
L01168,682,30.52,59.45,0.31,5.3,2,2,Education,0
L01169,607,33.81,49.68,0.255,3.8,5,0,Home,0
L01170,566,14.63,44.49,0.372,4.8,12,1,Home,1
L01171,510,28.63,16.63,0.238,2.8,10,2,Home,0
L01172,593,26.3,54.69,0.602,0.6,2,0,Home,1
L01173,656,8.64,27.29,0.251,4.0,5,0,Home,0
L01174,725,10.46,57.23,0.148,0.6,8,0,Education,0
L01175,626,8.73,65.09,0.397,8.6,5,3,Personal,1
L01176,622,24.59,22.8,0.089,6.8,4,1,Home,0
L01177,561,31.28,62.01,0.285,24.1,2,0,Car,0
L01178,706,28.53,67.38,0.311,2.6,4,0,Education,1
L01179,681,26.87,46.19,0.279,6.6,8,3,Car,1
L01180,557,26.26,27.57,0.458,0.3,3,0,Education,0
L01181,659,17.84,70.62,0.413,6.7,7,1,Personal,1
L01182,690,12.63,59.66,0.275,1.7,7,0,Education,0
L01183,653,35.91,43.06,0.063,8.0,3,0,Home,0
L01184,634,24.63,33.76,0.327,1.8,14,1,Personal,0
L01185,590,18.89,63.22,0.325,1.2,7,0,Car,0
L01186,677,11.15,78.05,0.424,8.4,2,0,Car,0
L01187,589,35.58,65.31,0.299,7.4,11,0,Car,0
L01188,695,14.75,71.79,0.253,3.3,12,0,Home,0
L01189,651,21.35,5.66,0.16,1.2,6,0,Home,0
L01190,605,20.24,23.28,0.233,21.3,10,1,Home,0
L01191,399,26.1,12.0,0.267,11.6,3,1,Car,0
L01192,850,7.78,22.5,0.25,2.5,3,0,Car,0
L01193,626,33.17,60.85,0.49,6.0,14,1,Education,0
L01194,557,68.53,47.51,0.044,8.4,11,0,Home,0
L01195,575,38.92,75.62,0.073,5.6,4,0,Car,0
L01196,597,37.76,11.55,0.264,1.0,4,1,Home,0
L01197,687,47.56,40.49,0.137,7.7,14,0,Home,0
L01198,726,18.82,15.03,0.158,0.5,6,0,Home,0
L01199,651,20.01,38.02,0.34,0.1,2,2,Car,1
L01200,723,25.79,11.19,0.105,6.4,11,1,Education,0
L01201,727,33.0,23.89,0.25,5.6,12,1,Personal,0
L01202,664,8.34,33.47,0.183,0.3,9,1,Car,0
L01203,620,31.76,61.47,0.21,1.0,1,2,Education,0
L01204,600,45.06,23.98,0.317,1.4,1,0,Car,0
L01205,619,10.57,65.23,0.154,11.9,5,0,Education,0
L01206,675,45.78,29.28,0.147,3.7,1,1,Home,0
L01207,734,13.74,73.05,0.341,4.1,3,0,Home,0
L01208,777,23.14,55.04,0.089,0.7,7,1,Education,0
L01209,513,23.67,27.91,0.509,0.7,3,0,Education,0
L01210,665,12.8,15.75,0.13,3.1,3,1,Education,0
L01211,591,11.17,34.93,0.059,10.1,9,1,Personal,0
L01212,717,54.08,65.45,0.057,6.2,14,1,Home,0
L01213,569,13.36,12.61,0.28,9.7,2,0,Home,0
L01214,730,17.9,21.02,0.24,3.9,6,1,Car,0
L01215,762,64.89,51.62,0.582,1.1,7,0,Home,0
L01216,445,24.08,18.05,0.43,2.9,4,0,Education,1
L01217,772,11.81,33.99,0.288,5.9,1,0,Education,0
L01218,640,9.99,61.96,0.395,0.3,12,1,Car,1
L01219,600,47.84,29.02,0.215,0.8,7,0,Home,0
L01220,630,26.08,9.06,0.183,3.4,1,1,Home,0
L01221,644,7.32,56.79,0.117,4.0,14,1,Education,0
L01222,675,9.5,70.58,0.583,7.2,7,0,Personal,0
L01223,713,20.25,22.43,0.446,1.1,9,2,Education,0
L01224,659,20.52,78.4,0.276,4.8,14,0,Home,0
L01225,635,43.17,11.61,0.193,2.5,10,1,Personal,0
L01226,597,16.44,16.18,0.354,4.3,9,0,Home,0
L01227,722,12.96,61.37,0.215,1.1,8,0,Education,0
L01228,613,29.26,33.82,0.444,0.9,6,0,Car,0
L01229,616,17.34,24.14,0.293,1.8,3,2,Personal,1
L01230,633,25.62,53.93,0.088,5.1,12,0,Car,0
L01231,501,25.14,23.57,0.495,3.3,10,1,Home,0
L01232,816,37.35,55.82,0.295,20.2,8,0,Home,0
L01233,629,24.07,12.04,0.449,3.2,2,0,Home,0
L01234,641,21.06,55.39,0.178,0.6,13,2,Home,0
L01235,588,16.23,43.94,0.085,1.5,2,0,Car,0
L01236,619,40.14,45.62,0.324,0.2,10,0,Car,0
L01237,668,46.28,8.63,0.364,4.6,6,1,Education,0
L01238,534,19.88,12.09,0.198,0.2,1,1,Home,0
L01239,615,25.48,71.73,0.526,1.1,3,1,Education,1
L01240,577,8.64,33.44,0.123,8.5,9,0,Education,0
L01241,729,37.92,30.18,0.708,1.9,3,0,Education,0
L01242,757,41.85,57.42,0.538,7.8,7,4,Car,0
L01243,676,12.92,48.86,0.169,10.2,4,1,Car,0
L01244,626,31.14,64.74,0.106,0.2,5,0,Personal,0
L01245,625,27.68,40.13,0.1,0.4,4,3,Education,0
L01246,839,22.07,12.46,0.409,1.3,4,0,Personal,0
L01247,746,20.27,40.66,0.446,4.6,4,1,Education,0
L01248,749,43.63,58.02,0.069,7.2,3,2,Personal,0
L01249,596,11.03,69.85,0.093,5.0,14,0,Personal,1
L01250,650,14.13,49.9,0.05,2.4,13,1,Personal,0
L01251,647,19.58,27.13,0.611,7.5,11,3,Home,0
L01252,531,10.06,14.61,0.189,3.4,10,1,Home,0
L01253,667,22.16,39.38,0.518,0.6,7,0,Education,0
L01254,792,14.47,51.64,0.399,1.7,13,0,Personal,0
L01255,705,16.78,63.41,0.163,3.1,5,0,Car,0
L01256,636,11.85,44.94,0.456,2.4,9,0,Car,0
L01257,720,14.76,76.06,0.222,5.4,7,2,Home,0
L01258,798,18.25,79.9,0.134,0.7,3,1,Personal,0
L01259,588,22.99,77.62,0.344,1.1,14,1,Home,0
L01260,649,19.11,29.82,0.197,1.7,4,2,Personal,0
L01261,494,13.61,7.36,0.235,5.4,11,0,Education,0
L01262,598,72.77,78.6,0.139,1.3,11,0,Home,0
L01263,749,34.81,7.16,0.213,4.2,9,1,Personal,0
L01264,740,24.13,33.56,0.02,0.4,9,3,Home,0
L01265,770,36.57,20.18,0.122,0.7,8,3,Car,0
L01266,756,12.04,62.97,0.344,10.1,11,1,Personal,0
L01267,734,10.37,50.49,0.231,20.8,5,0,Education,0
L01268,604,10.42,74.93,0.271,2.0,9,0,Home,1
L01269,508,14.34,32.11,0.213,1.7,10,2,Car,0
L01270,681,23.47,7.54,0.111,0.5,5,0,Car,0
L01271,635,29.46,51.67,0.083,15.8,1,0,Personal,0
L01272,788,16.93,50.53,0.164,14.5,9,2,Education,0
L01273,486,24.05,44.7,0.476,1.7,4,1,Home,0
L01274,672,21.5,59.1,0.409,9.3,1,1,Home,0
L01275,637,17.89,41.8,0.365,1.6,5,2,Personal,0
L01276,607,27.91,32.71,0.371,12.8,2,0,Home,0
L01277,541,36.53,37.96,0.195,5.6,10,2,Education,0
L01278,728,8.11,72.32,0.175,3.8,5,2,Education,0
L01279,610,21.1,65.38,0.433,0.6,13,1,Car,0
L01280,641,8.72,12.55,0.353,1.5,11,0,Education,0
L01281,466,32.72,18.73,0.356,0.9,8,0,Car,1
L01282,744,32.56,21.64,0.442,0.9,11,3,Car,0
L01283,666,10.25,34.72,0.569,1.0,5,2,Education,1
L01284,684,24.73,66.45,0.108,0.3,7,2,Car,0
L01285,599,11.87,58.8,0.238,0.3,8,0,Education,0
L01286,656,22.32,33.68,0.385,1.8,6,0,Education,0
L01287,636,14.13,41.15,0.444,0.8,2,0,Home,0
L01288,822,36.01,47.46,0.272,8.6,5,1,Education,0
L01289,785,20.56,64.17,0.333,0.4,13,0,Car,0
L01290,766,29.91,29.34,0.188,10.6,8,3,Car,0
L01291,642,22.7,33.79,0.357,3.4,13,1,Car,0
L01292,649,30.18,35.42,0.133,27.4,4,2,Personal,0
L01293,612,28.57,56.38,0.094,1.3,14,1,Car,0
L01294,636,23.27,18.16,0.582,3.3,14,1,Education,0
L01295,694,10.19,22.77,0.48,2.4,14,1,Home,0
L01296,624,14.85,64.9,0.326,4.1,4,0,Personal,1
L01297,648,15.16,69.49,0.108,0.7,14,0,Personal,1
L01298,775,22.63,73.76,0.125,3.0,11,0,Home,0
L01299,602,21.22,45.94,0.234,1.2,4,1,Home,0
L01300,585,7.45,28.86,0.138,0.1,13,1,Car,0
L01301,484,37.59,69.96,0.106,3.5,3,0,Education,0
L01302,719,22.73,23.19,0.218,5.0,4,0,Car,0
L01303,777,12.66,34.51,0.458,2.2,13,0,Personal,0
L01304,775,34.58,44.65,0.346,7.0,8,2,Home,0
L01305,670,11.85,62.11,0.557,7.2,7,1,Personal,0
L01306,604,26.95,59.34,0.282,2.5,7,0,Education,0
L01307,805,21.24,54.36,0.27,0.6,9,1,Personal,1
L01308,637,22.41,69.37,0.274,2.1,9,0,Education,0
L01309,665,29.77,46.29,0.145,1.5,3,0,Personal,0
L01310,554,34.83,16.89,0.099,5.4,1,0,Education,0
L01311,595,11.95,27.23,0.405,0.2,9,1,Home,0
L01312,658,10.63,44.11,0.4,1.7,5,3,Personal,0
L01313,588,34.95,33.68,0.235,4.8,12,1,Education,0
L01314,518,16.21,12.04,0.194,6.7,13,0,Personal,0
L01315,550,17.79,19.52,0.026,1.3,3,0,Personal,0
L01316,574,22.39,46.68,0.156,10.3,6,1,Education,0
L01317,653,14.94,28.99,0.065,1.7,6,2,Personal,0
L01318,712,13.7,50.59,0.046,0.4,1,0,Personal,0
L01319,666,18.83,33.94,0.242,5.9,9,0,Home,0
L01320,696,12.56,71.0,0.218,1.0,9,0,Car,0
L01321,682,11.5,45.28,0.31,5.3,2,1,Car,0
L01322,630,22.46,60.83,0.388,3.6,9,2,Home,1
L01323,613,24.62,58.54,0.472,1.0,2,0,Car,0
L01324,676,31.28,12.61,0.405,2.5,3,0,Home,0
L01325,648,32.98,19.85,0.259,2.1,12,0,Education,0
L01326,596,34.15,46.78,0.206,5.9,6,0,Personal,0
L01327,713,12.14,26.59,0.22,2.0,7,1,Education,0
L01328,809,15.01,61.66,0.525,12.9,1,1,Home,0
L01329,583,40.41,77.34,0.336,0.0,9,3,Home,0
L01330,690,20.02,46.84,0.289,1.4,6,0,Car,0
L01331,646,30.49,7.82,0.248,3.8,8,0,Car,0
L01332,591,12.51,23.06,0.314,0.2,9,1,Education,0
L01333,550,19.96,31.29,0.3,5.6,8,0,Personal,0
L01334,737,18.53,68.41,0.361,17.8,8,1,Personal,0
L01335,657,18.35,78.08,0.325,1.4,12,0,Car,0
L01336,513,36.29,18.73,0.44,3.5,12,0,Home,0
L01337,850,11.55,79.58,0.046,2.7,14,2,Education,1
L01338,554,29.92,6.02,0.188,3.1,8,0,Home,0
L01339,669,12.63,42.32,0.324,7.1,12,0,Personal,0
L01340,560,19.22,22.92,0.027,1.8,10,0,Home,0
L01341,702,22.34,78.38,0.415,2.1,14,1,Home,0
L01342,673,29.86,75.47,0.537,2.2,8,0,Personal,0
L01343,636,33.38,22.6,0.332,3.4,4,1,Home,1
L01344,703,21.16,69.47,0.447,5.5,6,0,Education,0
L01345,666,24.86,76.0,0.094,0.3,8,3,Home,0
L01346,660,35.65,33.57,0.026,7.1,9,1,Education,0
L01347,642,6.37,33.33,0.336,0.1,1,2,Car,1
L01348,663,9.97,64.35,0.31,1.3,14,1,Education,1
L01349,697,13.11,52.95,0.507,1.6,14,0,Home,0
L01350,850,45.74,42.98,0.287,0.9,8,0,Car,0
L01351,662,18.82,32.54,0.655,2.2,7,0,Car,0
L01352,639,10.64,48.59,0.102,0.2,12,0,Education,0
L01353,756,21.97,69.87,0.427,5.2,1,0,Personal,0
L01354,712,20.66,6.89,0.348,0.5,2,0,Personal,0
L01355,669,27.14,20.19,0.194,0.2,12,2,Home,0
L01356,654,29.73,35.27,0.447,3.1,10,0,Education,0
L01357,689,27.58,26.77,0.76,5.5,12,2,Car,0
L01358,620,15.32,6.23,0.275,1.3,3,1,Home,0
L01359,587,11.34,48.61,0.385,0.0,4,0,Personal,1
L01360,620,37.1,66.49,0.353,1.9,1,1,Car,0
L01361,599,27.68,68.26,0.441,1.3,6,2,Car,1
L01362,568,19.54,18.36,0.599,1.7,4,3,Home,1
L01363,684,28.81,52.61,0.238,2.5,4,0,Car,0
L01364,566,11.39,9.17,0.257,1.4,4,1,Home,0
L01365,574,22.06,21.03,0.144,2.6,7,0,Home,0
L01366,598,27.54,67.99,0.224,15.2,11,0,Home,0
L01367,799,17.72,43.69,0.424,4.8,5,1,Personal,0
L01368,659,26.13,17.91,0.296,4.5,5,0,Personal,0
L01369,571,14.69,11.32,0.32,6.3,3,1,Car,0
L01370,633,27.61,9.59,0.424,14.5,5,1,Home,0
L01371,598,48.81,63.36,0.068,6.4,2,0,Home,0
L01372,667,22.25,44.74,0.418,3.4,8,1,Home,1
L01373,595,5.48,12.4,0.152,2.1,9,0,Education,0
L01374,653,16.24,26.53,0.18,0.6,6,2,Car,0
L01375,732,13.67,39.52,0.11,5.2,3,0,Education,0
L01376,799,25.28,54.09,0.464,1.2,14,0,Home,0
L01377,665,26.52,27.01,0.161,6.3,11,1,Car,0
L01378,777,23.48,77.47,0.219,8.1,8,1,Personal,0
L01379,509,11.83,36.23,0.052,4.3,2,0,Car,0
L01380,726,18.06,67.74,0.362,6.2,11,2,Personal,1
L01381,602,23.61,9.14,0.021,0.9,7,0,Home,1
L01382,693,23.02,73.5,0.265,18.0,1,0,Home,0
L01383,719,6.0,78.06,0.215,0.1,14,0,Education,0
L01384,586,8.33,21.79,0.489,0.4,5,0,Personal,1
L01385,697,46.76,61.46,0.542,4.8,9,2,Car,1
L01386,640,18.93,22.82,0.27,2.2,2,0,Home,0
L01387,496,22.43,20.4,0.284,1.2,14,0,Personal,0
L01388,614,22.23,70.5,0.077,7.6,1,1,Personal,1
L01389,589,31.81,57.73,0.316,2.8,12,1,Car,0
L01390,509,21.99,45.07,0.448,1.9,6,1,Personal,0
L01391,614,10.72,47.41,0.146,5.1,5,2,Home,0
L01392,619,12.51,63.03,0.623,5.8,8,1,Car,1
L01393,613,23.03,28.98,0.116,0.7,3,0,Home,0
L01394,723,12.33,11.13,0.245,4.4,2,0,Car,0
L01395,741,7.98,77.28,0.372,4.0,10,3,Home,1
L01396,635,85.23,29.99,0.449,0.2,2,1,Education,1
L01397,685,8.04,56.94,0.315,12.4,13,0,Personal,1
L01398,667,19.63,53.89,0.105,7.4,2,1,Home,0
L01399,775,19.47,26.15,0.052,2.7,10,0,Car,0
L01400,652,15.2,68.75,0.185,2.3,14,2,Home,1
L01401,650,30.76,36.89,0.298,0.2,9,1,Home,0
L01402,625,27.77,41.42,0.18,0.1,11,0,Home,0
L01403,746,15.71,59.25,0.033,5.1,2,1,Personal,0
L01404,562,28.81,34.26,0.748,1.6,7,0,Personal,1
L01405,598,8.16,48.14,0.037,1.1,14,0,Car,0
L01406,572,15.21,49.08,0.241,1.1,5,1,Education,0
L01407,754,15.32,43.05,0.316,10.4,5,0,Home,0
L01408,801,15.72,76.98,0.318,9.8,11,1,Car,0
L01409,695,15.46,69.35,0.242,3.6,10,0,Education,0
L01410,610,39.13,30.62,0.748,9.3,7,0,Personal,1
L01411,689,22.62,75.59,0.06,6.4,4,1,Home,0
L01412,549,57.54,6.85,0.543,2.4,4,0,Education,0
L01413,711,12.12,76.47,0.208,0.2,12,1,Personal,0
L01414,830,15.46,32.25,0.432,0.4,2,0,Education,0
L01415,693,11.74,7.84,0.197,1.4,8,1,Home,0
L01416,677,13.23,37.91,0.323,6.8,4,1,Car,1
L01417,547,33.25,7.88,0.182,4.7,5,2,Car,0
L01418,750,29.01,11.71,0.236,1.7,6,0,Education,0
L01419,695,25.63,51.3,0.388,7.1,7,2,Home,0
L01420,668,7.42,26.86,0.253,0.6,14,1,Education,0
L01421,583,21.64,17.97,0.49,4.3,6,2,Car,0
L01422,673,20.69,72.62,0.07,1.0,6,0,Personal,0
L01423,526,67.88,60.84,0.524,9.2,3,3,Home,0
L01424,748,19.21,57.01,0.329,1.8,9,0,Home,0
L01425,665,16.02,23.56,0.117,0.2,1,0,Home,0
L01426,633,24.93,51.67,0.153,5.6,6,0,Home,0
L01427,629,14.24,8.37,0.106,0.1,3,0,Education,0
L01428,678,17.89,52.93,0.186,4.2,13,0,Personal,0
L01429,488,9.96,12.95,0.121,1.0,11,1,Home,0
L01430,684,10.46,71.66,0.228,5.0,12,1,Education,0
L01431,518,20.52,53.7,0.106,4.8,11,0,Personal,1
L01432,660,43.65,54.02,0.531,0.8,3,0,Education,0
L01433,665,12.56,18.19,0.226,5.1,4,0,Home,0
L01434,579,22.22,57.46,0.082,5.9,7,1,Education,0
L01435,642,22.93,66.74,0.315,0.6,3,1,Home,0
L01436,576,21.26,41.22,0.142,4.9,1,1,Car,0
L01437,720,8.1,74.38,0.298,4.8,5,0,Car,0
L01438,627,15.28,7.18,0.184,1.7,8,0,Education,0
L01439,546,24.76,78.31,0.333,1.5,2,0,Home,0
L01440,585,86.37,30.13,0.062,12.7,13,0,Education,0
L01441,632,10.43,79.77,0.292,0.8,9,1,Personal,0
L01442,654,39.26,54.94,0.354,1.6,4,2,Personal,0
L01443,655,10.91,6.53,0.456,2.8,6,2,Car,1
L01444,724,27.38,62.89,0.308,0.6,12,1,Home,0
L01445,812,9.81,15.46,0.146,2.9,2,1,Home,0
L01446,653,33.41,49.15,0.352,3.7,5,0,Home,0
L01447,594,30.95,49.38,0.223,4.4,9,2,Home,0
L01448,784,23.09,40.64,0.301,3.8,6,1,Home,0
L01449,786,18.78,72.8,0.183,1.9,8,5,Car,1
L01450,584,16.87,54.17,0.086,0.7,13,2,Home,0
L01451,835,14.56,74.61,0.044,4.0,5,1,Education,0
L01452,628,14.0,21.88,0.081,2.0,2,1,Car,0
L01453,719,18.45,43.87,0.14,2.2,12,1,Car,0
L01454,493,27.37,47.99,0.507,1.2,1,0,Home,0
L01455,625,9.72,73.16,0.139,2.7,1,3,Home,1
L01456,743,12.03,31.06,0.189,0.9,3,2,Personal,0
L01457,534,18.34,72.34,0.462,1.4,3,1,Car,1
L01458,594,18.44,46.79,0.221,11.4,6,2,Home,1
L01459,726,25.33,20.31,0.085,0.6,3,0,Home,0
L01460,664,31.92,77.15,0.145,0.5,11,0,Education,0
L01461,645,17.89,41.44,0.259,0.1,12,2,Education,0
L01462,616,32.86,19.0,0.038,2.1,11,0,Personal,0
L01463,637,19.61,34.33,0.699,4.7,6,1,Education,1
L01464,785,5.92,36.53,0.441,0.5,1,1,Car,0
L01465,639,15.26,25.03,0.028,11.7,4,1,Home,0
L01466,679,14.44,32.88,0.485,2.8,12,1,Home,0
L01467,709,21.7,54.26,0.581,0.7,3,1,Personal,0
L01468,745,15.9,74.37,0.144,0.1,6,1,Education,1
L01469,580,31.61,25.59,0.179,2.0,8,0,Education,0
L01470,648,13.7,60.82,0.126,3.8,11,0,Car,0
L01471,530,20.39,79.52,0.042,1.2,5,0,Personal,0
L01472,713,4.8,46.28,0.371,2.8,14,2,Personal,0
L01473,504,29.9,75.49,0.31,3.8,9,2,Home,0
L01474,489,11.29,65.53,0.616,0.3,13,1,Education,1
L01475,620,18.81,60.65,0.502,8.9,11,2,Home,1
L01476,660,38.15,62.2,0.285,6.9,3,0,Home,0
L01477,617,12.06,41.86,0.064,2.5,6,1,Personal,0
L01478,660,33.63,53.79,0.487,5.5,4,0,Home,0
L01479,672,24.66,30.7,0.116,6.1,7,1,Home,0
L01480,515,20.5,35.35,0.125,2.5,14,2,Personal,0
L01481,756,14.8,33.94,0.142,0.7,7,1,Personal,0
L01482,691,25.3,44.67,0.02,0.2,10,0,Personal,0
L01483,693,77.64,54.77,0.34,2.6,14,3,Car,0
L01484,729,21.05,29.73,0.096,3.3,6,0,Personal,0
L01485,768,14.1,14.8,0.636,0.8,11,2,Home,0
L01486,537,5.26,54.0,0.254,3.0,9,0,Car,0
L01487,638,13.39,5.47,0.241,0.8,10,1,Home,0
L01488,626,30.7,36.94,0.189,2.4,2,1,Education,1
L01489,577,49.91,11.74,0.079,2.1,3,3,Personal,0
L01490,764,20.47,53.51,0.187,25.2,8,1,Home,0
L01491,850,13.01,74.66,0.287,2.3,2,0,Personal,0
L01492,701,24.69,27.21,0.544,0.2,13,1,Home,0
L01493,627,34.88,68.86,0.132,1.4,3,2,Home,0
L01494,660,35.07,30.03,0.432,1.8,4,1,Car,0
L01495,720,68.51,52.66,0.514,5.0,14,2,Home,0
L01496,663,23.92,41.62,0.447,3.7,8,1,Home,1
L01497,479,11.1,56.96,0.043,10.1,14,1,Education,1
L01498,696,11.17,21.82,0.188,1.2,9,0,Education,0
L01499,640,11.14,50.55,0.354,1.7,9,0,Personal,1
L01500,741,15.87,76.78,0.29,10.6,10,1,Education,0
L01501,740,24.27,74.87,0.36,3.8,7,1,Personal,0
L01502,595,21.8,77.81,0.556,2.6,5,0,Home,1
L01503,796,25.28,35.32,0.161,1.0,4,0,Personal,0
L01504,554,26.78,57.96,0.407,15.5,13,0,Car,0
L01505,623,30.09,39.14,0.317,1.9,13,0,Home,0
L01506,497,21.88,40.07,0.494,1.0,3,2,Home,1
L01507,447,10.87,38.74,0.362,1.7,3,0,Car,1
L01508,656,15.26,67.67,0.095,8.5,11,0,Personal,0
L01509,775,7.57,10.79,0.328,0.9,4,2,Home,1
L01510,524,31.35,9.89,0.059,2.9,11,0,Home,0
L01511,639,17.54,47.99,0.429,3.0,8,1,Home,1
L01512,719,37.5,69.31,0.147,1.3,9,1,Car,0
L01513,524,40.49,65.67,0.306,2.0,12,0,Education,1
L01514,548,14.18,41.25,0.368,0.3,14,0,Car,0
L01515,731,28.67,19.06,0.234,5.5,3,1,Home,0
L01516,608,12.78,36.01,0.322,7.2,1,0,Personal,1
L01517,609,53.34,7.51,0.398,13.3,9,0,Car,0
L01518,568,33.71,49.06,0.29,0.1,6,0,Car,0
L01519,646,32.17,37.62,0.434,5.2,3,0,Education,0
L01520,655,50.12,69.85,0.209,3.5,7,1,Car,0
L01521,602,14.82,28.84,0.158,0.1,5,0,Home,1
L01522,772,31.77,33.9,0.337,13.3,12,1,Car,0
L01523,641,22.18,34.33,0.179,5.0,9,0,Education,0
L01524,587,46.37,68.24,0.393,0.8,3,1,Home,0
L01525,731,25.37,29.68,0.693,2.6,1,0,Education,0
L01526,657,13.13,44.03,0.304,0.8,4,2,Home,0
L01527,685,25.16,14.13,0.581,10.6,3,0,Personal,0
L01528,620,3.52,59.35,0.039,5.4,10,0,Home,1
L01529,669,33.31,22.86,0.503,12.5,11,2,Home,0
L01530,711,17.18,44.83,0.328,4.4,11,2,Home,1
L01531,503,14.44,48.54,0.181,2.7,6,1,Home,0
L01532,640,42.84,32.8,0.084,6.5,9,1,Personal,0
L01533,596,45.45,60.5,0.453,9.7,12,1,Education,0
L01534,494,14.41,23.32,0.183,8.5,2,0,Home,0
L01535,785,17.36,13.87,0.482,0.0,5,1,Home,0
L01536,637,17.53,32.12,0.262,8.7,8,0,Education,0
L01537,766,9.16,41.45,0.173,4.7,4,0,Home,0
L01538,610,14.69,37.01,0.489,0.8,1,0,Home,0
L01539,711,12.34,21.79,0.516,2.0,11,0,Education,0
L01540,627,14.65,11.22,0.301,2.2,5,0,Home,0
L01541,614,25.51,14.56,0.082,0.2,11,1,Education,0
L01542,504,9.35,21.41,0.268,7.0,2,0,Personal,1
L01543,691,11.71,44.09,0.111,3.9,5,0,Personal,1
L01544,685,20.8,13.13,0.367,1.2,13,0,Home,0
L01545,606,6.71,15.22,0.236,5.7,2,1,Car,0
L01546,649,16.0,16.07,0.418,12.0,3,3,Personal,0
L01547,735,36.81,32.02,0.234,16.4,8,0,Car,0
L01548,648,15.12,67.46,0.255,6.0,13,1,Home,1
L01549,725,11.26,6.51,0.084,8.0,2,0,Personal,0
L01550,473,20.6,43.18,0.421,0.3,10,1,Education,1
L01551,644,14.32,19.99,0.445,3.2,12,1,Education,0
L01552,648,9.44,60.48,0.385,0.5,11,1,Home,1
L01553,623,12.63,51.85,0.216,4.5,14,2,Home,0
L01554,666,26.54,18.83,0.194,2.3,6,3,Education,0
L01555,602,34.39,77.99,0.188,6.4,2,0,Home,0
L01556,664,8.82,38.47,0.436,1.1,6,1,Personal,0
L01557,679,16.65,51.2,0.319,2.7,3,3,Home,0
L01558,711,18.83,6.92,0.438,0.7,3,0,Personal,0
L01559,779,17.28,48.01,0.102,4.5,14,0,Home,0
L01560,594,20.73,71.21,0.457,0.8,7,0,Personal,0
L01561,766,21.04,54.57,0.416,1.8,5,0,Car,0
L01562,513,10.76,21.85,0.235,4.0,8,1,Home,0
L01563,575,33.06,33.97,0.256,0.1,13,2,Car,1
L01564,702,12.87,37.5,0.337,0.9,9,1,Personal,1
L01565,826,24.35,54.77,0.341,19.4,6,4,Personal,0
L01566,614,49.36,36.92,0.192,1.1,8,1,Education,0
L01567,621,27.63,53.66,0.352,3.9,1,0,Car,0
L01568,684,28.18,74.51,0.283,0.3,13,0,Home,0
L01569,686,23.61,60.95,0.541,0.2,7,2,Car,0
L01570,630,21.01,50.33,0.066,0.9,8,1,Car,0
L01571,628,33.44,10.44,0.097,1.3,2,0,Home,0
L01572,553,13.35,59.64,0.28,0.9,2,2,Car,1
L01573,699,9.43,78.63,0.224,3.7,9,0,Personal,1
L01574,672,12.23,5.54,0.499,0.5,7,1,Car,0
L01575,549,14.43,20.32,0.1,5.4,7,1,Personal,0
L01576,636,8.05,71.21,0.183,1.2,9,1,Personal,0
L01577,739,15.15,58.12,0.107,1.6,3,1,Home,0
L01578,764,32.05,40.7,0.197,0.4,8,0,Education,0
L01579,771,10.3,57.43,0.234,4.1,13,1,Home,0
L01580,696,34.63,5.31,0.203,11.2,5,0,Car,0
L01581,727,20.81,41.11,0.179,3.9,4,2,Car,0
L01582,652,12.41,79.56,0.667,2.6,9,0,Personal,1
L01583,586,21.45,36.02,0.604,3.8,2,2,Car,1
L01584,726,19.43,43.85,0.255,10.0,4,3,Home,0
L01585,529,20.95,28.57,0.03,2.1,3,1,Education,0
L01586,647,9.19,27.13,0.267,0.3,1,2,Home,1
L01587,661,22.44,75.87,0.311,4.9,2,1,Education,1
L01588,673,21.94,75.48,0.267,11.8,9,1,Personal,1
L01589,602,27.56,69.17,0.306,0.1,9,1,Home,1
L01590,644,10.71,72.24,0.028,3.2,6,2,Car,0
L01591,773,9.46,11.82,0.267,1.4,1,1,Personal,0
L01592,760,10.92,74.21,0.304,2.5,4,1,Home,0
L01593,716,7.24,51.21,0.234,2.5,9,1,Car,0
L01594,620,32.35,43.6,0.037,0.9,5,0,Personal,0
L01595,720,18.72,64.62,0.226,7.4,1,0,Car,0
L01596,695,40.29,17.06,0.35,1.9,10,1,Home,0
L01597,747,27.7,59.02,0.028,1.0,11,2,Car,0
L01598,532,15.49,8.96,0.114,2.6,14,3,Home,1
L01599,574,7.55,21.95,0.601,7.8,8,0,Home,0
L01600,688,27.47,18.64,0.187,3.7,12,0,Personal,0
L01601,619,28.12,31.81,0.275,3.6,5,0,Car,0
L01602,547,23.37,11.02,0.373,2.2,3,0,Personal,0
L01603,710,27.79,56.12,0.252,2.0,13,0,Education,0
L01604,679,50.11,66.03,0.657,3.7,14,1,Car,1
L01605,491,35.7,64.96,0.024,7.8,6,1,Personal,0
L01606,728,13.49,19.68,0.225,3.8,10,1,Car,0
L01607,701,36.01,64.12,0.599,9.0,5,2,Home,0
L01608,634,13.28,62.06,0.397,0.1,12,1,Home,1
L01609,648,14.79,9.14,0.138,0.4,14,3,Car,1
L01610,752,18.43,66.42,0.351,1.5,1,1,Personal,0
L01611,608,40.03,72.04,0.061,9.3,1,1,Home,0
L01612,653,25.24,36.98,0.367,1.1,9,0,Personal,0
L01613,720,15.91,20.46,0.313,0.4,4,2,Home,1
L01614,689,56.29,78.6,0.24,4.0,9,1,Home,0
L01615,722,30.75,71.37,0.188,2.1,10,1,Home,0
L01616,761,17.49,54.18,0.425,2.9,2,0,Car,0
L01617,600,31.1,78.36,0.56,2.1,5,1,Home,1
L01618,708,23.63,10.93,0.212,0.8,11,0,Education,0
L01619,673,20.6,6.78,0.337,2.3,5,0,Home,0
L01620,713,13.85,42.68,0.436,9.6,1,2,Home,0
L01621,723,26.25,23.75,0.377,4.8,10,1,Personal,0
L01622,549,28.23,39.22,0.494,8.0,4,0,Car,0
L01623,556,53.66,41.34,0.207,1.9,1,0,Home,0
L01624,755,11.41,72.76,0.126,8.8,7,0,Home,0
L01625,662,21.77,8.29,0.325,2.9,14,0,Home,0
L01626,661,33.5,54.56,0.219,0.5,1,1,Personal,0
L01627,646,32.01,61.11,0.293,5.3,2,1,Education,1
L01628,711,11.01,44.03,0.079,0.8,11,0,Home,1
L01629,676,20.63,25.68,0.418,2.2,12,0,Car,0
L01630,623,33.19,49.06,0.438,0.9,7,2,Personal,0
L01631,848,21.52,65.98,0.19,7.9,10,1,Home,0
L01632,620,47.05,39.49,0.261,4.3,7,0,Car,0
L01633,739,13.36,13.33,0.127,1.7,12,1,Home,0
L01634,675,12.76,76.42,0.246,0.6,10,0,Home,0
L01635,669,30.17,64.73,0.55,9.8,11,0,Personal,0
L01636,758,27.89,25.75,0.414,1.0,13,1,Home,0
L01637,615,20.67,64.63,0.341,30.0,2,1,Home,0
L01638,714,27.03,58.81,0.449,3.1,13,1,Personal,0
L01639,769,17.29,6.02,0.205,1.0,5,1,Personal,0
L01640,643,23.66,19.39,0.422,1.8,2,0,Personal,0
L01641,559,9.26,64.25,0.375,2.2,7,1,Car,1
L01642,620,43.28,45.18,0.269,1.7,5,0,Home,0
L01643,673,11.53,37.87,0.299,4.0,2,1,Car,1
L01644,629,25.98,70.76,0.132,1.8,4,1,Education,0
L01645,704,16.78,64.23,0.437,2.2,5,1,Personal,0
L01646,535,19.04,29.99,0.449,1.4,1,0,Car,1
L01647,527,53.13,49.97,0.143,1.2,7,0,Car,1
L01648,576,61.53,40.26,0.23,11.0,4,1,Personal,0
L01649,680,15.39,76.36,0.354,1.0,10,0,Personal,0
L01650,663,17.71,62.49,0.086,4.2,3,0,Education,0
L01651,636,37.2,45.26,0.359,2.5,8,2,Home,0
L01652,568,13.65,76.2,0.179,1.8,7,0,Car,0
L01653,596,6.66,79.9,0.268,0.5,2,0,Home,1
L01654,673,13.92,22.3,0.345,1.3,8,1,Personal,1
L01655,689,14.41,24.24,0.163,3.2,8,0,Home,0
L01656,653,57.03,70.04,0.425,4.3,3,0,Home,0
L01657,695,11.05,24.38,0.095,6.7,3,1,Education,0
L01658,537,32.87,12.23,0.313,2.0,3,2,Home,1
L01659,707,16.72,34.91,0.435,4.9,10,0,Car,0
L01660,559,56.08,25.69,0.132,0.8,1,1,Home,0
L01661,664,40.15,60.43,0.382,3.2,10,1,Car,0
L01662,491,37.68,22.55,0.43,3.9,10,1,Education,0
L01663,698,25.2,34.76,0.491,6.9,13,1,Car,0
L01664,555,15.42,32.42,0.385,9.2,13,3,Home,0
L01665,757,7.34,35.36,0.07,4.9,3,2,Car,1
L01666,616,31.7,31.7,0.158,3.5,9,2,Education,0
L01667,740,24.73,60.39,0.166,4.8,11,2,Car,0
L01668,759,30.19,42.83,0.494,2.5,3,0,Car,1
L01669,496,48.93,42.05,0.242,0.4,9,2,Home,0
L01670,709,14.31,32.84,0.156,1.6,11,1,Personal,0
L01671,561,23.95,75.15,0.548,2.7,9,0,Personal,1
L01672,631,16.62,54.71,0.18,9.6,7,1,Education,0
L01673,525,20.83,13.86,0.319,2.1,3,1,Car,1
L01674,753,24.92,20.2,0.635,10.8,10,1,Car,0
L01675,812,12.28,45.07,0.034,2.6,9,1,Home,0
L01676,710,18.57,57.77,0.339,2.6,10,0,Home,0
L01677,634,13.87,57.29,0.126,14.9,7,0,Car,0
L01678,652,21.02,51.9,0.213,15.0,5,1,Personal,0
L01679,625,43.3,22.3,0.426,1.2,1,1,Personal,0
L01680,534,13.45,70.32,0.114,1.5,6,1,Car,0
L01681,601,26.45,41.82,0.167,6.1,13,1,Car,0
L01682,727,41.44,30.64,0.414,1.5,9,3,Home,0
L01683,623,22.18,70.7,0.071,0.2,6,0,Home,0
L01684,622,9.27,19.3,0.302,0.8,6,0,Home,1
L01685,539,23.42,13.82,0.283,10.0,12,1,Home,0
L01686,677,18.22,55.93,0.298,3.4,8,2,Car,0
L01687,697,6.95,55.87,0.038,1.5,1,0,Car,0
L01688,430,19.93,58.3,0.396,3.1,6,0,Car,1
L01689,673,22.8,20.94,0.533,0.3,5,2,Personal,0
L01690,648,22.84,46.89,0.429,4.7,7,1,Education,0
L01691,657,20.55,34.14,0.138,0.9,9,0,Car,1
L01692,608,13.75,25.33,0.014,6.3,10,0,Car,0
L01693,614,33.17,27.99,0.334,1.2,7,0,Car,0
L01694,593,16.66,56.48,0.348,0.8,2,1,Car,0
L01695,583,27.81,35.01,0.357,3.6,2,1,Personal,0
L01696,653,22.36,38.81,0.271,2.6,6,2,Home,0
L01697,548,13.01,70.92,0.755,12.3,1,0,Home,1
L01698,588,39.5,23.04,0.696,0.1,14,0,Home,0
L01699,745,39.72,73.24,0.519,0.2,2,1,Car,0
L01700,653,23.38,21.88,0.268,8.7,13,2,Home,0
L01701,617,52.03,73.66,0.315,1.4,2,1,Education,0
L01702,790,54.17,33.88,0.431,3.2,11,0,Education,0
L01703,653,23.01,40.31,0.14,14.9,7,1,Car,0
L01704,577,23.22,42.69,0.135,6.2,3,0,Education,0
L01705,637,23.22,23.56,0.414,1.6,11,0,Car,0
L01706,676,18.5,54.31,0.522,1.7,1,0,Personal,1
L01707,645,18.17,42.04,0.784,7.3,11,1,Home,0
L01708,663,52.95,36.55,0.397,2.8,3,0,Home,0
L01709,586,12.0,35.65,0.453,8.1,11,3,Home,0
L01710,722,19.45,18.46,0.193,4.7,1,1,Home,0
L01711,507,18.35,19.3,0.055,0.9,13,0,Home,0
L01712,605,11.16,37.19,0.243,1.2,5,3,Personal,1
L01713,579,13.0,34.5,0.509,0.6,5,0,Personal,0
L01714,694,32.77,40.89,0.294,1.2,11,1,Education,0
L01715,757,24.07,49.58,0.054,0.4,13,1,Education,0
L01716,738,14.19,44.86,0.073,10.6,2,2,Home,0
L01717,636,18.29,41.12,0.172,0.3,2,1,Education,0
L01718,774,29.29,14.99,0.195,14.8,4,2,Home,0
L01719,642,49.51,53.4,0.483,3.5,14,1,Car,0
L01720,625,12.74,29.88,0.347,2.1,8,0,Car,0
L01721,669,10.0,10.19,0.602,5.0,9,0,Education,0
L01722,713,33.19,13.27,0.429,1.7,12,1,Car,0
L01723,596,14.74,47.3,0.188,0.0,8,0,Home,1
L01724,703,32.1,31.29,0.178,1.3,1,0,Personal,0
L01725,605,12.31,45.61,0.508,1.4,1,1,Home,1
L01726,594,10.82,42.39,0.026,3.4,9,1,Home,0
L01727,651,13.67,23.89,0.129,0.2,8,1,Car,0
L01728,498,39.67,9.42,0.276,7.3,5,1,Personal,0
L01729,530,50.5,38.21,0.669,4.2,10,3,Car,0
L01730,522,25.0,16.36,0.16,1.2,4,1,Personal,0
L01731,502,14.88,12.27,0.289,6.6,7,2,Car,0
L01732,752,26.39,47.44,0.053,1.5,3,0,Home,0
L01733,714,34.07,56.21,0.213,0.6,9,1,Car,0
L01734,693,16.81,50.11,0.319,1.9,10,1,Car,0
L01735,649,20.27,36.88,0.156,2.8,13,0,Home,0
L01736,679,29.68,52.25,0.258,3.7,5,1,Car,0
L01737,691,27.6,78.53,0.314,3.3,6,0,Car,0
L01738,584,19.82,33.97,0.498,0.3,1,1,Personal,1
L01739,668,37.45,6.55,0.222,0.2,4,1,Education,0
L01740,470,19.0,73.32,0.404,2.9,3,1,Home,1
L01741,750,19.43,49.93,0.21,3.7,5,0,Personal,0
L01742,656,64.53,11.49,0.135,0.9,11,2,Home,0
L01743,623,22.33,11.74,0.313,1.2,10,0,Education,0
L01744,594,25.1,71.87,0.369,1.8,8,1,Personal,1
L01745,450,21.72,40.65,0.194,4.6,8,0,Education,0
L01746,610,57.33,42.9,0.36,4.2,3,1,Car,0
L01747,697,11.46,57.38,0.136,6.0,7,1,Home,0
L01748,674,29.89,76.73,0.165,1.0,6,2,Personal,0
L01749,531,26.42,25.74,0.321,1.2,13,0,Personal,1
L01750,686,9.9,9.75,0.227,0.3,13,3,Education,0
L01751,761,14.56,11.56,0.219,3.2,1,1,Personal,0
L01752,717,18.89,49.56,0.053,2.5,13,1,Education,0
L01753,755,17.33,55.08,0.42,1.3,4,1,Home,1
L01754,708,15.46,26.66,0.164,9.7,14,0,Home,0
L01755,727,16.62,6.71,0.066,1.9,14,3,Personal,0
L01756,553,73.46,11.76,0.12,0.9,10,1,Education,0
L01757,594,19.88,16.92,0.365,3.9,2,0,Car,1
L01758,494,17.81,38.02,0.549,16.3,13,0,Personal,0
L01759,718,14.58,16.83,0.39,1.9,8,0,Car,0
L01760,673,8.73,62.47,0.244,1.2,4,3,Home,0
L01761,672,34.3,56.48,0.252,2.1,3,2,Car,0
L01762,606,27.1,14.64,0.376,5.1,1,1,Home,1
L01763,684,12.97,48.59,0.57,0.3,6,1,Car,0
L01764,576,16.56,13.87,0.286,4.5,8,1,Home,0
L01765,613,10.02,42.48,0.302,3.9,1,0,Education,0
L01766,520,10.59,11.34,0.144,2.2,4,0,Education,1
L01767,635,10.56,73.65,0.212,4.2,2,1,Personal,0
L01768,564,31.62,21.37,0.487,1.3,9,0,Home,0
L01769,678,9.34,70.29,0.363,2.1,2,1,Car,0
L01770,746,21.03,79.83,0.183,12.5,5,1,Personal,0
L01771,533,11.65,71.86,0.226,7.4,10,0,Home,1
L01772,588,7.57,31.22,0.263,8.6,12,1,Personal,1
L01773,666,29.29,45.01,0.302,0.6,4,0,Car,0
L01774,603,32.73,49.22,0.357,3.3,12,1,Education,0
L01775,676,42.99,21.32,0.477,0.5,10,1,Personal,1
L01776,656,16.72,52.34,0.397,7.0,14,0,Car,0
L01777,557,14.11,74.09,0.386,6.7,3,1,Personal,1
L01778,697,23.3,28.72,0.177,0.1,13,2,Home,0
L01779,545,21.72,60.22,0.235,10.1,5,1,Car,0
L01780,850,45.84,6.38,0.486,7.4,2,2,Car,0
L01781,680,27.51,25.96,0.453,7.4,3,1,Home,0
L01782,651,9.79,71.66,0.277,1.3,11,1,Home,0
L01783,621,33.72,57.2,0.311,1.7,1,0,Education,1
L01784,676,32.68,39.72,0.349,1.3,6,2,Car,1
L01785,709,20.05,20.84,0.446,27.9,11,0,Personal,0
L01786,681,22.71,25.5,0.019,5.6,13,1,Education,0
L01787,470,47.47,35.62,0.157,4.6,10,0,Personal,0
L01788,559,44.84,12.99,0.38,0.5,6,2,Home,0
L01789,652,10.69,77.52,0.32,0.4,9,0,Home,0
L01790,636,60.99,16.36,0.031,0.5,5,0,Home,0
L01791,658,20.92,70.28,0.204,14.8,4,1,Home,0
L01792,551,17.19,20.25,0.321,3.8,10,0,Education,0
L01793,506,31.31,69.52,0.168,9.6,8,2,Car,0
L01794,688,17.63,78.64,0.197,1.1,7,0,Personal,0
L01795,720,15.44,79.08,0.266,4.9,1,0,Home,0
L01796,495,23.7,19.84,0.101,16.1,8,1,Home,0
L01797,727,20.06,23.95,0.105,0.3,2,1,Car,0
L01798,708,45.12,23.51,0.394,2.5,14,2,Education,0
L01799,646,19.94,77.36,0.147,3.3,10,0,Car,0
L01800,680,40.32,57.86,0.485,1.9,2,0,Car,0
L01801,582,26.11,37.31,0.494,4.8,9,1,Education,0
L01802,643,7.61,26.04,0.181,2.3,12,0,Home,1
L01803,618,20.64,16.12,0.549,1.5,4,0,Car,1
L01804,478,6.22,40.26,0.055,14.7,11,0,Home,0
L01805,542,18.45,68.95,0.365,4.8,5,1,Home,0
L01806,635,28.95,8.9,0.21,2.8,10,2,Education,0
L01807,679,26.18,21.24,0.313,2.2,6,0,Personal,0
L01808,706,23.37,67.88,0.408,7.3,2,0,Car,0
L01809,625,37.02,60.07,0.161,2.3,3,0,Car,0
L01810,644,19.71,38.47,0.135,10.8,14,1,Education,1
L01811,507,29.43,39.7,0.231,0.1,5,0,Car,0
L01812,579,14.63,74.0,0.253,0.1,14,2,Car,1
L01813,458,20.91,34.2,0.079,2.8,12,1,Home,0
L01814,796,20.29,33.75,0.128,0.4,1,0,Home,0
L01815,488,16.38,21.14,0.472,3.3,13,0,Education,0
L01816,611,30.61,63.09,0.694,1.7,3,1,Car,1
L01817,701,15.34,9.42,0.178,6.0,9,0,Home,0
L01818,749,19.1,25.47,0.484,0.4,12,0,Home,0
L01819,538,33.87,31.94,0.322,1.8,12,1,Personal,0
L01820,606,11.13,47.06,0.144,2.7,13,2,Home,1
L01821,631,12.37,44.97,0.18,3.0,9,0,Education,0
L01822,669,19.2,26.97,0.576,5.7,13,2,Car,0
L01823,577,61.37,66.52,0.437,5.6,8,0,Home,1
L01824,619,63.26,79.78,0.201,1.6,13,1,Home,0
L01825,663,16.07,15.74,0.494,0.5,14,0,Home,0
L01826,515,15.03,50.0,0.233,1.8,12,1,Car,1
L01827,793,12.26,12.88,0.34,1.4,11,0,Education,0
L01828,739,33.68,22.49,0.27,4.2,11,1,Home,0
L01829,514,20.67,41.97,0.346,3.0,9,1,Education,0
L01830,620,19.27,9.51,0.203,1.3,2,1,Home,0
L01831,606,7.74,52.59,0.362,0.5,5,2,Education,1
L01832,786,16.27,45.55,0.278,1.0,14,1,Home,0
L01833,701,23.31,67.12,0.356,4.4,5,0,Car,0
L01834,625,48.99,24.82,0.19,3.0,1,0,Car,0
L01835,655,35.16,11.97,0.044,4.4,6,0,Education,0
L01836,633,30.49,60.24,0.424,3.4,13,1,Car,0
L01837,650,16.62,78.14,0.192,3.8,7,2,Home,0
L01838,728,36.48,61.87,0.366,12.9,13,0,Home,0
L01839,718,35.01,50.0,0.08,2.4,9,1,Home,0
L01840,523,24.11,8.46,0.541,8.5,5,0,Personal,0
L01841,712,60.95,43.42,0.218,7.5,2,0,Home,0
L01842,543,32.81,76.68,0.279,5.2,4,0,Car,0
L01843,676,31.12,21.78,0.223,0.8,11,2,Car,1
L01844,528,14.59,47.96,0.083,2.2,4,1,Car,0
L01845,589,21.67,43.45,0.235,1.3,2,2,Personal,0
L01846,747,19.19,39.65,0.152,14.9,14,1,Personal,0
L01847,607,12.24,17.24,0.367,0.6,6,0,Personal,0
L01848,704,21.73,36.55,0.358,0.3,14,1,Education,1
L01849,677,11.67,9.97,0.479,2.9,13,2,Personal,0
L01850,575,30.41,6.82,0.268,3.9,4,1,Car,0
L01851,481,19.95,13.32,0.402,3.7,14,1,Car,0
L01852,661,16.08,30.49,0.562,4.2,10,1,Personal,1
L01853,687,5.81,17.66,0.362,0.9,8,1,Home,1
L01854,641,15.36,17.73,0.286,5.6,2,1,Car,0
L01855,654,24.43,43.23,0.141,0.4,9,0,Personal,0
L01856,597,13.52,35.36,0.354,2.3,12,0,Car,0
L01857,674,14.15,25.78,0.26,1.1,12,3,Personal,1
L01858,526,30.32,45.16,0.113,5.1,1,0,Education,0
L01859,715,19.98,56.74,0.282,1.2,5,0,Education,0
L01860,717,17.35,36.7,0.458,3.7,5,1,Home,0
L01861,647,8.81,61.95,0.188,0.4,10,1,Home,0
L01862,623,27.68,71.9,0.221,5.3,5,2,Car,0
L01863,575,36.8,55.27,0.421,1.1,14,1,Personal,0
L01864,588,26.08,71.46,0.15,0.1,3,0,Car,0
L01865,605,4.19,14.27,0.114,2.8,11,0,Personal,0
L01866,664,20.04,22.81,0.125,5.1,5,3,Car,0
L01867,671,19.57,20.81,0.175,5.3,14,0,Home,0
L01868,733,29.16,72.42,0.159,6.8,3,0,Car,0
L01869,530,26.68,67.2,0.196,0.4,6,0,Home,0
L01870,585,17.77,65.98,0.152,0.5,2,1,Car,0
L01871,678,24.7,72.25,0.421,2.8,12,2,Home,1
L01872,541,18.3,41.73,0.062,0.3,8,0,Home,0
L01873,695,17.47,62.9,0.085,3.5,5,1,Home,0
L01874,681,13.9,10.07,0.578,7.2,9,1,Car,0
L01875,524,31.42,74.58,0.521,9.8,10,1,Education,1
L01876,729,13.13,42.59,0.198,2.5,13,2,Personal,0
L01877,738,13.79,25.82,0.164,0.8,5,0,Home,0
L01878,699,30.9,14.2,0.428,0.6,7,1,Home,1
L01879,394,28.79,19.41,0.377,5.8,3,2,Home,0
L01880,637,14.74,18.4,0.212,2.3,13,4,Car,1
L01881,748,14.76,49.89,0.477,3.7,14,2,Car,0
L01882,697,29.75,64.84,0.515,0.4,5,0,Car,0
L01883,571,24.79,53.48,0.138,4.4,9,1,Personal,1
L01884,623,45.4,71.38,0.444,5.9,12,2,Home,0
L01885,687,41.02,69.95,0.53,1.1,4,1,Car,1
L01886,850,8.39,29.6,0.241,1.8,1,2,Home,0
L01887,674,10.02,44.05,0.219,4.2,10,0,Home,0
L01888,602,10.39,7.43,0.107,0.8,7,1,Personal,0
L01889,569,34.33,6.57,0.351,0.4,1,0,Car,0
L01890,719,61.49,57.18,0.22,4.3,10,0,Car,0
L01891,725,5.05,72.56,0.03,0.7,5,1,Car,0
L01892,594,20.09,37.05,0.565,1.5,1,0,Home,0
L01893,726,12.15,60.41,0.261,1.4,1,1,Home,0
L01894,684,32.07,13.96,0.637,5.7,12,1,Home,0
L01895,791,12.6,5.71,0.069,0.4,10,1,Car,0
L01896,672,53.58,54.97,0.07,4.2,9,2,Car,0
L01897,716,16.17,64.89,0.414,2.2,6,0,Home,0
L01898,551,29.86,40.41,0.23,10.0,3,0,Education,0
L01899,649,17.52,6.59,0.322,7.4,12,0,Car,0
L01900,588,7.71,29.34,0.355,9.9,9,0,Education,0
L01901,639,27.67,65.72,0.1,0.2,2,1,Education,0
L01902,672,13.18,9.62,0.334,3.5,8,2,Education,0
L01903,666,34.8,64.7,0.277,0.2,9,0,Car,0
L01904,756,6.72,9.09,0.427,12.4,4,0,Car,0
L01905,630,35.43,61.07,0.087,3.0,10,1,Home,1
L01906,659,16.17,41.17,0.461,9.7,14,3,Car,1
L01907,623,15.15,49.67,0.082,4.4,6,0,Car,0
L01908,612,15.04,43.29,0.2,7.4,1,2,Car,1
L01909,770,7.46,58.85,0.552,11.6,3,0,Education,0
L01910,604,21.55,33.33,0.164,4.2,8,1,Car,1
L01911,490,43.28,63.74,0.319,2.2,11,1,Home,1
L01912,540,25.11,73.85,0.212,2.8,6,2,Personal,1
L01913,747,34.37,46.99,0.235,1.8,12,0,Home,0
L01914,798,13.17,11.64,0.067,8.5,9,1,Education,0
L01915,696,21.28,50.77,0.378,6.1,1,1,Education,0
L01916,812,20.27,50.74,0.264,26.5,13,1,Education,0
L01917,656,22.96,45.34,0.48,4.8,13,1,Personal,0
L01918,596,47.54,8.48,0.589,2.5,12,0,Education,0
L01919,632,17.52,66.9,0.443,2.0,11,0,Personal,0
L01920,675,14.19,50.54,0.093,3.8,5,0,Home,0
L01921,797,41.92,5.14,0.197,1.3,11,0,Home,0
L01922,779,35.99,22.63,0.535,2.3,11,1,Personal,0
L01923,607,26.47,57.3,0.576,2.1,9,0,Home,0
L01924,628,19.95,28.24,0.125,1.1,2,1,Home,1
L01925,643,18.24,59.84,0.129,1.6,13,1,Personal,1
L01926,645,24.9,27.44,0.116,0.5,13,1,Personal,0
L01927,657,13.96,51.34,0.383,0.0,6,1,Personal,0
L01928,586,12.51,16.17,0.082,0.5,1,2,Home,0
L01929,629,28.28,52.47,0.387,3.1,11,1,Education,0
L01930,728,21.08,33.73,0.274,1.6,10,4,Home,0
L01931,574,31.1,53.98,0.669,0.8,1,0,Personal,0
L01932,662,17.32,41.77,0.627,0.2,10,0,Car,1
L01933,589,14.88,57.56,0.062,5.9,1,3,Home,1
L01934,504,7.4,76.8,0.131,2.2,7,1,Car,0
L01935,622,29.44,35.93,0.373,0.7,5,1,Car,0
L01936,850,19.78,67.3,0.221,5.5,2,1,Car,0
L01937,616,30.65,31.76,0.652,1.2,1,1,Education,0
L01938,654,14.07,20.01,0.184,0.4,11,2,Car,1
L01939,643,18.6,65.14,0.231,5.9,3,1,Home,0
L01940,698,9.81,22.84,0.481,23.4,8,2,Home,0
L01941,533,29.3,45.49,0.254,10.3,7,0,Car,1
L01942,705,23.81,52.22,0.19,1.8,3,0,Education,0
L01943,683,43.22,68.0,0.216,3.3,2,0,Education,0
L01944,639,16.38,5.37,0.312,3.0,11,1,Personal,0
L01945,709,28.44,14.82,0.368,4.5,9,0,Car,0
L01946,623,18.48,34.71,0.119,1.7,14,1,Home,0
L01947,589,25.39,37.3,0.123,13.6,13,1,Personal,0
L01948,588,11.2,10.79,0.003,1.1,12,0,Home,0
L01949,579,53.17,61.25,0.242,0.6,4,1,Car,0
L01950,706,11.6,51.0,0.484,0.3,13,0,Personal,1
L01951,759,36.41,36.41,0.117,5.8,2,0,Personal,0
L01952,568,18.25,39.7,0.23,4.9,5,1,Home,1
L01953,605,15.5,6.17,0.316,0.1,1,1,Home,0
L01954,621,35.86,33.56,0.347,0.2,1,0,Personal,1
L01955,850,19.22,31.67,0.21,1.1,2,1,Education,0
L01956,691,13.68,58.42,0.143,1.3,7,0,Education,0
L01957,707,42.27,57.3,0.625,0.3,10,0,Personal,0
L01958,585,51.24,50.96,0.609,4.4,12,0,Education,0
L01959,716,53.71,60.43,0.311,0.3,10,0,Car,0
L01960,591,22.78,40.12,0.359,2.3,1,1,Personal,0
L01961,592,25.64,46.26,0.417,7.2,1,0,Personal,0
L01962,482,76.31,20.98,0.179,1.5,2,0,Personal,1
L01963,754,7.18,72.26,0.144,4.4,7,2,Home,0
L01964,709,43.47,30.05,0.235,9.4,8,1,Home,0
L01965,680,44.52,20.48,0.2,3.5,2,1,Home,0
L01966,757,27.45,51.36,0.173,0.7,13,2,Home,0
L01967,572,13.85,76.86,0.068,0.1,8,2,Car,0
L01968,715,29.21,42.8,0.459,4.2,11,1,Education,0
L01969,614,32.88,61.36,0.082,0.5,13,3,Car,0
L01970,743,23.2,15.59,0.241,0.8,7,2,Education,0
L01971,781,33.47,32.4,0.495,0.4,9,1,Personal,0
L01972,615,20.82,54.57,0.295,2.7,5,0,Education,0
L01973,615,21.76,41.22,0.109,0.8,13,0,Car,0
L01974,656,10.77,45.17,0.302,1.9,12,1,Home,1
L01975,680,21.36,28.08,0.163,4.9,8,1,Education,1
L01976,684,9.49,44.82,0.365,4.9,3,1,Personal,1
L01977,647,25.87,68.69,0.508,0.4,2,0,Personal,0
L01978,672,22.0,24.83,0.353,1.8,6,0,Personal,0
L01979,850,21.88,47.06,0.381,3.3,7,0,Home,0
L01980,646,12.33,71.23,0.23,4.7,9,0,Car,0
L01981,618,27.84,68.69,0.293,0.3,8,0,Education,0
L01982,679,36.41,47.47,0.835,1.4,14,1,Personal,0
L01983,667,11.06,26.25,0.428,11.3,4,0,Personal,0
L01984,579,16.61,76.41,0.045,7.0,9,1,Car,0
L01985,638,17.26,64.54,0.295,1.1,14,0,Home,0
L01986,674,22.94,27.88,0.491,0.5,3,0,Home,0
L01987,700,14.13,72.36,0.642,9.7,1,0,Personal,1
L01988,661,15.48,15.87,0.405,8.5,8,0,Education,1
L01989,674,25.13,46.02,0.325,2.3,13,0,Education,0
L01990,637,15.41,74.21,0.598,1.6,13,2,Car,1
L01991,636,31.63,79.92,0.161,2.6,8,0,Car,0
L01992,651,25.35,56.24,0.159,6.7,4,1,Education,0
L01993,573,17.66,47.0,0.263,8.8,7,0,Car,1
L01994,488,25.41,58.18,0.04,0.2,8,1,Personal,1
L01995,554,19.14,77.72,0.096,7.4,5,1,Home,0
L01996,560,25.92,49.93,0.758,8.2,1,1,Car,1
L01997,757,14.59,58.79,0.062,9.9,7,3,Personal,0
L01998,621,12.96,77.19,0.172,0.2,9,2,Car,0
L01999,656,21.03,27.19,0.125,4.6,6,1,Home,0
L02000,692,8.51,51.99,0.419,2.2,10,1,Personal,0
